location_id,location_name,province,season,season_type,crop_type,lat,lon,ndvi,evi,ndwi,ndre,lai,bsi,ndvi_std,ndvi_min,ndvi_max,temp_celsius,rainfall_mm,soil_moisture,crop_stress_label
PB01,Lahore,Punjab,Kharif_2015,kharif,wheat,31.5204,74.3587,0.3346,0.2064,-0.3656,0.349,1.673,0.0376,0.0154,0.3192,0.35,26.6,280.6,19.6,Healthy
PB08,Sargodha,Punjab,Kharif_2015,kharif,wheat,32.0836,72.6711,0.213,0.1378,-0.2832,0.2454,1.065,0.1033,0.0201,0.188,0.2392,29.2,328.7,20.8,Healthy
PB02,Faisalabad,Punjab,Kharif_2015,kharif,cotton,31.4187,73.0791,0.19,0.115,-0.261,0.2197,0.95,0.1059,0.0627,0.0628,0.221,29.1,234.7,21.2,Stressed
PB12,Sheikhupura,Punjab,Kharif_2015,kharif,rice,31.7167,73.985,0.2388,0.1502,-0.3018,0.2651,1.194,0.0892,0.036,0.1868,0.2943,30.7,296.7,20.6,Healthy
PB14,Pakpattan,Punjab,Kharif_2015,kharif,cotton,30.3436,73.3873,0.1715,0.1268,-0.2421,0.1882,0.857,0.1132,0.015,0.1565,0.1865,30.6,327.2,21.4,Stressed
PB18,Chiniot,Punjab,Kharif_2015,kharif,sugarcane,31.7192,72.9783,0.1626,0.1068,-0.2459,0.2014,0.813,0.1154,0.0204,0.1365,0.1933,31.3,337.8,21.4,Stressed
PB13,Okara,Punjab,Kharif_2015,kharif,wheat,30.8107,73.4597,0.1569,0.1093,-0.2388,0.1711,0.785,0.1296,0.0099,0.147,0.1668,33.4,220.5,21.5,Stressed
PB22,Kasur,Punjab,Kharif_2015,kharif,rice,31.1181,74.4503,0.1655,0.1022,-0.2498,0.1738,0.828,0.1408,0.0078,0.1577,0.1734,27.9,361.9,21.3,Stressed
PB02,Faisalabad,Punjab,Rabi_2016,rabi,cotton,31.4187,73.0791,0.1646,0.091,-0.2291,0.1665,0.823,0.089,0.0364,0.1202,0.2173,18.8,129.3,21.6,Stressed
PB07,Bahawalpur,Punjab,Rabi_2016,rabi,cotton,29.3956,71.6836,0.2115,0.1335,-0.2807,0.2153,1.058,0.0965,0.0236,0.1879,0.2352,21.3,128.7,20.9,Healthy
PB08,Sargodha,Punjab,Rabi_2016,rabi,wheat,32.0836,72.6711,0.1864,0.1072,-0.2644,0.1863,0.932,0.0979,0.0389,0.1489,0.2458,19.1,127.9,21.1,Stressed
PB04,Gujranwala,Punjab,Rabi_2016,rabi,rice,32.1877,74.1945,0.1754,0.111,-0.2391,0.1756,0.877,0.0858,0.0271,0.1444,0.2077,19.1,106.8,21.5,Stressed
PB01,Lahore,Punjab,Rabi_2016,rabi,wheat,31.5204,74.3587,0.2122,0.1317,-0.2666,0.225,1.061,0.0741,0.038,0.1611,0.2691,18.6,68.0,21.1,Healthy
PB09,Sahiwal,Punjab,Rabi_2016,rabi,sugarcane,30.6706,73.1064,0.2741,0.1597,-0.325,0.2773,1.371,0.0523,0.0275,0.248,0.3123,20.9,136.9,20.2,Healthy
PB06,Sialkot,Punjab,Rabi_2016,rabi,rice,32.4945,74.5229,0.1404,0.089,-0.1987,0.1473,0.702,0.0902,0.0259,0.1062,0.1761,17.4,114.4,22.1,Diseased
PB03,Multan,Punjab,Rabi_2016,rabi,wheat,30.1978,71.4711,0.0949,0.0605,-0.1812,0.0983,0.475,0.1176,0.0081,0.0868,0.1031,19.5,96.0,22.3,Diseased
PB10,Rahim Yar Khan,Punjab,Rabi_2016,rabi,cotton,28.4202,70.2952,0.1586,0.1026,-0.2535,0.1549,0.793,0.1159,0.0268,0.1267,0.1948,18.9,110.3,21.3,Stressed
PB15,Attock,Punjab,Rabi_2016,rabi,wheat,33.7667,72.3667,0.2579,0.1488,-0.3293,0.2619,1.289,0.0816,0.0433,0.2059,0.3077,20.2,139.8,20.2,Healthy
PB16,Bahawalnagar,Punjab,Rabi_2016,rabi,cotton,29.9958,73.2531,0.161,0.1091,-0.2363,0.1639,0.805,0.1076,0.0211,0.1384,0.1923,17.9,105.5,21.5,Stressed
PB11,Jhang,Punjab,Rabi_2016,rabi,wheat,31.2681,72.3181,0.1744,0.1023,-0.247,0.1717,0.872,0.088,0.05,0.1744,0.1744,15.3,129.2,21.4,Stressed
PB13,Okara,Punjab,Rabi_2016,rabi,wheat,30.8107,73.4597,0.1294,0.0826,-0.2166,0.1324,0.647,0.1287,0.0222,0.0932,0.1589,18.9,154.8,21.8,Diseased
PB17,Chakwal,Punjab,Rabi_2016,rabi,wheat,32.9328,72.8553,0.1847,0.1132,-0.2513,0.1811,0.923,0.103,0.0003,0.1844,0.185,17.3,114.9,21.3,Stressed
PB14,Pakpattan,Punjab,Rabi_2016,rabi,cotton,30.3436,73.3873,0.1544,0.1085,-0.2269,0.1634,0.772,0.1118,0.0288,0.1128,0.1999,18.1,103.9,21.7,Stressed
PB12,Sheikhupura,Punjab,Rabi_2016,rabi,rice,31.7167,73.985,0.1928,0.1201,-0.261,0.1949,0.964,0.0878,0.0422,0.1203,0.2737,21.6,106.5,21.2,Stressed
PB18,Chiniot,Punjab,Rabi_2016,rabi,sugarcane,31.7192,72.9783,0.1534,0.0854,-0.2361,0.1567,0.767,0.1045,0.0299,0.1226,0.2013,15.7,84.6,21.5,Stressed
PB19,DG Khan,Punjab,Rabi_2016,rabi,wheat,30.0496,70.6358,0.2058,0.1234,-0.3027,0.2022,1.029,0.1212,0.0309,0.1749,0.2367,18.4,105.8,20.6,Stressed
PB20,Gujrat,Punjab,Rabi_2016,rabi,rice,32.5736,74.0789,0.1253,0.0799,-0.1779,0.1339,0.627,0.0919,0.0206,0.1023,0.1505,21.2,153.1,22.4,Diseased
PB23,Khanewal,Punjab,Rabi_2016,rabi,wheat,30.3014,71.9322,0.2113,0.1456,-0.2555,0.2112,1.056,0.0516,0.0272,0.1859,0.2495,17.5,123.3,21.2,Healthy
PB22,Kasur,Punjab,Rabi_2016,rabi,rice,31.1181,74.4503,0.1284,0.0821,-0.2116,0.1346,0.642,0.1321,0.0242,0.1003,0.1694,18.6,159.7,21.9,Diseased
PB21,Hafizabad,Punjab,Rabi_2016,rabi,rice,32.0708,73.6886,0.1567,0.0887,-0.2195,0.1523,0.783,0.0792,0.05,0.1567,0.1567,21.7,111.8,21.8,Stressed
PB25,Layyah,Punjab,Rabi_2016,rabi,cotton,30.9617,70.9439,0.146,0.1021,-0.2165,0.1385,0.73,0.0914,0.0172,0.1288,0.1631,17.7,95.3,21.8,Diseased
PB24,Khushab,Punjab,Rabi_2016,rabi,wheat,32.2989,72.3522,0.1868,0.1146,-0.2618,0.1784,0.934,0.0887,0.05,0.1868,0.1868,19.8,127.9,21.2,Stressed
PB26,Lodhran,Punjab,Rabi_2016,rabi,wheat,29.5333,71.6333,0.2174,0.1457,-0.2892,0.2116,1.087,0.0911,0.0326,0.1848,0.25,18.2,92.7,20.8,Healthy
PB27,Mandi Bahauddin,Punjab,Rabi_2016,rabi,sugarcane,32.5864,73.4917,0.1924,0.1046,-0.2622,0.1897,0.962,0.0894,0.05,0.1924,0.1924,20.7,122.3,21.1,Stressed
PB30,Narowal,Punjab,Rabi_2016,rabi,rice,32.1003,74.8753,0.2055,0.1333,-0.2788,0.2129,1.027,0.1015,0.0204,0.1851,0.2259,20.9,111.9,20.9,Healthy
PB28,Mianwali,Punjab,Rabi_2016,rabi,wheat,32.5853,71.5436,0.2671,0.1637,-0.3309,0.2688,1.336,0.0776,0.0317,0.2263,0.3076,20.1,73.1,20.1,Healthy
PB29,Muzaffargarh,Punjab,Rabi_2016,rabi,cotton,30.0736,71.1925,0.1599,0.1044,-0.2452,0.157,0.8,0.1012,0.0194,0.1378,0.1876,17.2,94.9,21.4,Stressed
PB31,Toba Tek Singh,Punjab,Rabi_2016,rabi,sugarcane,30.9667,72.4833,0.2815,0.1803,-0.3289,0.2732,1.407,0.028,0.05,0.2815,0.2815,21.7,125.2,20.2,Healthy
PB34,Bhakkar,Punjab,Rabi_2016,rabi,wheat,31.6267,71.0617,0.1425,0.101,-0.2133,0.1354,0.712,0.0801,0.0306,0.0961,0.1675,18.8,92.9,21.9,Diseased
PB32,Vehari,Punjab,Rabi_2016,rabi,cotton,30.0442,72.3514,0.1913,0.1214,-0.2642,0.1866,0.956,0.1015,0.05,0.1913,0.1913,19.9,63.0,21.1,Stressed
PB33,Jhelum,Punjab,Rabi_2016,rabi,wheat,32.9425,73.7258,0.2587,0.1551,-0.2918,0.2683,1.294,0.0346,0.05,0.2587,0.2587,18.2,120.1,20.7,Healthy
SD01,Karachi,Sindh,Rabi_2016,rabi,cotton,24.8607,67.0011,0.0807,0.0562,-0.1674,0.0864,0.403,0.1319,0.0195,0.0518,0.1168,20.3,109.7,22.5,Diseased
SD02,Hyderabad,Sindh,Rabi_2016,rabi,wheat,25.396,68.3578,0.2064,0.147,-0.2739,0.1982,1.032,0.0954,0.036,0.1636,0.2638,21.4,144.4,21.0,Healthy
SD03,Sukkur,Sindh,Rabi_2016,rabi,wheat,27.7052,68.857,0.1404,0.1012,-0.2421,0.1468,0.702,0.1315,0.0218,0.114,0.1693,20.2,118.7,21.4,Diseased
SD05,Nawabshah,Sindh,Rabi_2016,rabi,sugarcane,26.2442,68.4099,0.1257,0.091,-0.2213,0.131,0.628,0.1304,0.0188,0.1037,0.1503,20.7,145.5,21.7,Diseased
SD04,Larkana,Sindh,Rabi_2016,rabi,rice,27.557,68.2138,0.1139,0.087,-0.1994,0.1211,0.57,0.1227,0.0213,0.0865,0.1417,19.9,136.6,22.1,Diseased
SD07,Khairpur,Sindh,Rabi_2016,rabi,sugarcane,27.5297,68.7592,0.1736,0.1213,-0.2544,0.1784,0.868,0.1003,0.0389,0.1098,0.2088,18.8,100.0,21.3,Stressed
SD06,Mirpurkhas,Sindh,Rabi_2016,rabi,rice,25.5281,69.0092,0.1918,0.1235,-0.2846,0.1909,0.959,0.1093,0.0298,0.149,0.2372,19.1,152.1,20.8,Stressed
SD09,Badin,Sindh,Rabi_2016,rabi,rice,24.6556,68.8383,0.1971,0.1226,-0.2953,0.1939,0.986,0.1199,0.0328,0.1545,0.2435,18.0,110.5,20.7,Stressed
SD08,Jacobabad,Sindh,Rabi_2016,rabi,wheat,28.2769,68.4514,0.1312,0.0982,-0.2281,0.134,0.656,0.1319,0.0162,0.1088,0.1528,17.0,106.8,21.6,Diseased
SD10,Dadu,Sindh,Rabi_2016,rabi,wheat,26.7317,67.7753,0.1497,0.1068,-0.2446,0.1472,0.749,0.1171,0.0217,0.119,0.1781,17.1,144.8,21.4,Stressed
SD12,Kamber,Sindh,Rabi_2016,rabi,wheat,27.5861,68.0017,0.1221,0.0908,-0.2111,0.1184,0.61,0.1255,0.0289,0.0882,0.1732,17.9,128.4,21.9,Diseased
SD11,Ghotki,Sindh,Rabi_2016,rabi,cotton,28.0033,69.3161,0.153,0.1065,-0.2362,0.1565,0.765,0.1028,0.0238,0.123,0.1871,20.7,86.0,21.5,Stressed
SD13,Kashmore,Sindh,Rabi_2016,rabi,wheat,28.4475,69.5675,0.4872,0.3224,-0.4842,0.4845,2.436,-0.1117,0.1101,0.3,0.5726,18.3,131.4,17.9,Healthy
SD14,Matiari,Sindh,Rabi_2016,rabi,sugarcane,25.5975,68.4608,0.4105,0.2546,-0.4357,0.4141,2.053,-0.0088,0.1331,0.2387,0.5858,19.9,122.0,18.6,Healthy
SD15,Naushahro Feroze,Sindh,Rabi_2016,rabi,sugarcane,26.8414,68.1175,0.2694,0.2012,-0.3257,0.2769,1.347,0.0437,0.0684,0.1512,0.326,21.0,121.4,20.2,Healthy
SD16,Sanghar,Sindh,Rabi_2016,rabi,cotton,26.0464,68.9486,0.1871,0.1247,-0.2769,0.1892,0.935,0.1097,0.0384,0.1324,0.2343,17.9,137.4,20.9,Stressed
SD17,Shikarpur,Sindh,Rabi_2016,rabi,wheat,27.9569,68.6381,0.1177,0.0837,-0.215,0.1172,0.589,0.1396,0.0164,0.0957,0.1417,15.5,119.4,21.8,Diseased
SD20,Umerkot,Sindh,Rabi_2016,rabi,wheat,25.3619,69.7358,0.1973,0.138,-0.2947,0.1981,0.987,0.1129,0.03,0.1567,0.2467,18.9,128.5,20.7,Stressed
SD19,Thatta,Sindh,Rabi_2016,rabi,cotton,24.7461,67.9239,0.1783,0.1151,-0.2812,0.1736,0.892,0.1312,0.0197,0.1544,0.2005,21.1,104.9,20.9,Stressed
BL01,Quetta,Balochistan,Rabi_2016,rabi,wheat,30.1798,66.975,0.0867,0.0699,-0.1707,0.0899,0.433,0.1313,0.0164,0.0693,0.1079,19.3,133.5,22.5,Diseased
BL03,Khuzdar,Balochistan,Rabi_2016,rabi,mango,27.8,66.6167,0.1657,0.138,-0.2433,0.1679,0.829,0.1006,0.0422,0.1261,0.2232,19.7,127.2,21.4,Stressed
BL02,Turbat,Balochistan,Rabi_2016,rabi,wheat,26.0021,63.0621,0.1361,0.1075,-0.1999,0.1436,0.681,0.118,0.0186,0.1119,0.1568,18.9,93.8,22.1,Diseased
SD18,Tando Allahyar,Sindh,Rabi_2016,rabi,rice,25.4661,68.7178,0.1916,0.1265,-0.2758,0.1961,0.958,0.1009,0.0439,0.1335,0.2507,16.5,103.7,20.9,Stressed
BL05,Zhob,Balochistan,Rabi_2016,rabi,wheat,31.3417,69.4486,0.1311,0.0852,-0.2261,0.1311,0.656,0.1462,0.0259,0.1064,0.1728,18.8,106.4,21.7,Diseased
BL04,Loralai,Balochistan,Rabi_2016,rabi,wheat,30.3724,68.5989,0.1036,0.0881,-0.1955,0.1049,0.518,0.1414,0.0209,0.0851,0.1447,18.2,79.3,22.1,Diseased
BL08,Pishin,Balochistan,Rabi_2016,rabi,wheat,30.5817,66.9956,0.1204,0.0984,-0.2193,0.1235,0.602,0.1429,0.0456,0.0921,0.1937,17.4,107.6,21.8,Diseased
BL06,Mastung,Balochistan,Rabi_2016,rabi,mango,29.797,66.846,0.1325,0.1158,-0.2237,0.1379,0.663,0.1272,0.0364,0.0958,0.17,20.2,108.2,21.7,Diseased
BL07,Sibi,Balochistan,Rabi_2016,rabi,cotton,29.5432,67.8772,0.2353,0.1709,-0.3232,0.2285,1.177,0.0894,0.0255,0.1997,0.2592,18.8,157.1,20.3,Healthy
BL09,Kalat,Balochistan,Rabi_2016,rabi,wheat,29.0228,66.5906,0.1609,0.1349,-0.25,0.1692,0.805,0.1233,0.0402,0.1207,0.2011,19.1,105.4,21.3,Stressed
BL10,Gwadar,Balochistan,Rabi_2016,rabi,mango,25.1264,62.3255,-0.0974,-0.0007,0.1918,-0.1223,-0.487,-0.0047,0.0879,-0.2285,0.0425,18.8,79.3,27.8,Diseased
BL11,Chagai,Balochistan,Rabi_2016,rabi,wheat,29.1089,64.7983,0.0585,0.0481,-0.1679,0.046,0.293,0.1663,0.05,0.0585,0.0585,21.2,108.4,22.5,Diseased
BL12,Dera Bugti,Balochistan,Rabi_2016,rabi,wheat,29.0367,69.1583,0.209,0.1629,-0.3222,0.2131,1.045,0.1368,0.0274,0.17,0.2456,19.6,108.5,20.3,Healthy
BL13,Jaffarabad,Balochistan,Rabi_2016,rabi,cotton,28.8958,68.2706,0.0908,0.0779,-0.2311,0.0811,0.454,0.178,0.0165,0.0641,0.1148,18.4,98.5,21.6,Diseased
BL14,Jhal Magsi,Balochistan,Rabi_2016,rabi,wheat,28.2833,67.7333,0.2713,0.1788,-0.3439,0.2717,1.357,0.0745,0.1494,0.1219,0.4207,17.9,112.9,20.0,Healthy
BL16,Lasbela,Balochistan,Rabi_2016,rabi,mango,26.215,66.6933,0.0829,0.0582,-0.1689,0.0797,0.415,0.1862,0.0125,0.0705,0.0954,21.7,139.0,22.5,Diseased
BL15,Kharan,Balochistan,Rabi_2016,rabi,wheat,28.5833,65.4167,0.0781,0.0701,-0.1664,0.0783,0.391,0.146,0.0067,0.0714,0.0849,19.7,126.2,22.5,Diseased
BL17,Musakhel,Balochistan,Rabi_2016,rabi,wheat,30.6983,69.8361,0.1337,0.079,-0.2314,0.1379,0.669,0.2339,0.0256,0.1055,0.177,17.5,138.6,21.6,Diseased
BL19,Nushki,Balochistan,Rabi_2016,rabi,wheat,29.5533,66.0211,0.0726,0.0635,-0.1571,0.0729,0.363,0.1416,0.0155,0.0526,0.0959,17.2,130.8,22.7,Diseased
BL18,Nasirabad,Balochistan,Rabi_2016,rabi,cotton,28.4167,68.3833,0.3119,0.2177,-0.3872,0.319,1.56,0.0835,0.145,0.1511,0.5367,18.9,123.1,19.3,Healthy
BL21,Washuk,Balochistan,Rabi_2016,rabi,wheat,27.5,64.0,0.0394,0.0288,-0.1281,0.0377,0.197,0.2396,0.005,0.0349,0.0466,18.5,109.8,23.1,Diseased
BL20,Panjgur,Balochistan,Rabi_2016,rabi,wheat,26.9686,64.0994,0.0821,0.0667,-0.1652,0.0875,0.41,0.1558,0.0104,0.068,0.094,17.7,107.8,22.6,Diseased
KP01,Peshawar,KPK,Rabi_2016,rabi,wheat,34.015,71.5249,0.2786,0.1749,-0.3429,0.2849,1.393,0.0412,0.0376,0.24,0.3278,17.3,107.5,20.0,Healthy
KP02,Mardan,KPK,Rabi_2016,rabi,sugarcane,34.1986,72.0404,0.2092,0.1243,-0.2426,0.2121,1.046,0.0516,0.0342,0.1639,0.2594,20.4,99.6,21.4,Healthy
BL22,Ziarat,Balochistan,Rabi_2016,rabi,mango,30.3819,67.7244,0.1771,0.1335,-0.2584,0.1848,0.886,0.1211,0.0491,0.1227,0.2372,20.3,118.8,21.2,Stressed
KP03,Swat,KPK,Rabi_2016,rabi,rice,35.2227,72.4258,0.1089,0.1254,-0.0426,0.1094,0.545,-0.3433,0.0964,0.0489,0.2971,20.2,154.5,24.3,Diseased
KP04,Charsadda,KPK,Rabi_2016,rabi,wheat,34.145,71.7305,0.2589,0.1525,-0.2985,0.2621,1.295,0.0634,0.0347,0.2235,0.3046,23.2,114.7,20.6,Healthy
KP05,Nowshera,KPK,Rabi_2016,rabi,sugarcane,34.0153,71.9747,0.1784,0.1079,-0.2172,0.1696,0.892,0.046,0.0445,0.1242,0.2444,20.2,105.0,21.8,Stressed
KP07,Dera Ismail Khan,KPK,Rabi_2016,rabi,wheat,31.8319,70.9018,0.0947,0.0693,-0.1684,0.0948,0.474,0.1208,0.0125,0.0822,0.1115,20.1,134.7,22.5,Diseased
KP08,Bannu,KPK,Rabi_2016,rabi,wheat,32.9892,70.6017,0.2039,0.1229,-0.286,0.2068,1.019,0.1153,0.0154,0.1884,0.2193,19.3,149.8,20.8,Stressed
KP11,Chitral,KPK,Rabi_2016,rabi,mango,35.8511,71.7864,0.1157,0.06,-0.1505,0.112,0.579,0.0585,0.028,0.0877,0.1438,19.3,135.7,22.8,Diseased
KP09,Battagram,KPK,Rabi_2016,rabi,rice,34.6825,73.0253,0.2656,0.1381,-0.3496,0.2739,1.328,0.1488,0.0375,0.2387,0.3254,16.8,129.9,19.9,Healthy
KP10,Buner,KPK,Rabi_2016,rabi,wheat,34.5133,72.5006,0.4732,0.2342,-0.4688,0.4798,2.366,-0.0414,0.0605,0.4126,0.5337,18.4,112.8,18.1,Healthy
KP12,Dir Lower,KPK,Rabi_2016,rabi,rice,34.7397,71.9006,0.4212,0.197,-0.4645,0.4302,2.106,0.0461,0.0208,0.4004,0.4419,19.0,94.7,18.2,Healthy
KP13,Hangu,KPK,Rabi_2016,rabi,wheat,33.5308,71.0586,0.3578,0.2169,-0.3972,0.3698,1.789,0.0599,0.0668,0.2911,0.4246,19.3,96.6,19.2,Healthy
KP15,Karak,KPK,Rabi_2016,rabi,wheat,33.1169,71.0944,0.2125,0.132,-0.3159,0.2124,1.063,0.1227,0.0177,0.1949,0.2302,17.2,178.1,20.4,Healthy
KP16,Kohat,KPK,Rabi_2016,rabi,wheat,33.5869,71.4414,0.2675,0.1592,-0.3431,0.2755,1.338,0.0902,0.0283,0.2355,0.3019,19.3,95.4,20.0,Healthy
KP17,Lakki Marwat,KPK,Rabi_2016,rabi,wheat,32.6072,70.9122,0.2145,0.1368,-0.294,0.2162,1.072,0.107,0.019,0.1955,0.2335,19.8,99.3,20.7,Healthy
KP18,Malakand,KPK,Rabi_2016,rabi,rice,34.5653,71.9306,0.4741,0.2019,-0.497,0.4819,2.37,-0.0085,0.0239,0.4478,0.5003,19.4,94.5,17.7,Healthy
KP19,Mansehra,KPK,Rabi_2016,rabi,wheat,34.3297,73.2003,0.1809,0.1002,-0.2555,0.1909,0.905,0.1232,0.0299,0.1529,0.2225,17.3,134.8,21.2,Stressed
KP21,Swabi,KPK,Rabi_2016,rabi,sugarcane,34.12,72.47,0.2872,0.166,-0.3086,0.2905,1.436,0.008,0.061,0.2348,0.3786,20.0,101.4,20.5,Healthy
KP20,Shangla,KPK,Rabi_2016,rabi,rice,34.9167,72.8333,0.5448,0.1803,-0.6101,0.5587,2.724,0.0511,0.068,0.4487,0.6174,18.9,81.1,16.1,Healthy
KP23,Tor Ghar,KPK,Rabi_2016,rabi,rice,34.7167,73.0833,0.4227,0.2107,-0.5009,0.4398,2.114,0.1045,0.0433,0.3935,0.4937,19.1,142.2,17.7,Healthy
KP22,Tank,KPK,Rabi_2016,rabi,wheat,32.2167,70.3833,0.2609,0.1653,-0.3498,0.2593,1.304,0.1109,0.0234,0.2377,0.2855,20.9,97.3,19.9,Healthy
PB05,Rawalpindi,Punjab,Kharif_2016,kharif,wheat,33.5651,73.0169,0.1891,0.1254,-0.2684,0.2104,0.946,0.1265,0.0539,0.1418,0.2794,30.0,215.1,21.1,Stressed
PB07,Bahawalpur,Punjab,Kharif_2016,kharif,cotton,29.3956,71.6836,0.2006,0.1518,-0.2668,0.2241,1.003,0.0946,0.0315,0.1606,0.2542,32.7,342.4,21.1,Healthy
PB08,Sargodha,Punjab,Kharif_2016,kharif,wheat,32.0836,72.6711,0.1806,0.119,-0.2595,0.2055,0.903,0.1065,0.0379,0.1202,0.2528,30.1,233.4,21.2,Stressed
PB04,Gujranwala,Punjab,Kharif_2016,kharif,rice,32.1877,74.1945,0.1602,0.1039,-0.2394,0.1832,0.801,0.1149,0.0524,0.0513,0.2367,30.8,338.7,21.5,Stressed
PB01,Lahore,Punjab,Kharif_2016,kharif,wheat,31.5204,74.3587,0.2674,0.1638,-0.3069,0.301,1.337,0.0821,0.0712,0.1745,0.379,30.3,238.3,20.5,Healthy
PB03,Multan,Punjab,Kharif_2016,kharif,wheat,30.1978,71.4711,0.1021,0.0737,-0.2041,0.122,0.511,0.1423,0.0203,0.0743,0.1376,30.4,291.8,22.0,Diseased
PB06,Sialkot,Punjab,Kharif_2016,kharif,rice,32.4945,74.5229,0.1446,0.0933,-0.2206,0.1698,0.723,0.1181,0.0403,0.0575,0.2137,27.1,329.7,21.8,Stressed
PB02,Faisalabad,Punjab,Kharif_2016,kharif,cotton,31.4187,73.0791,0.1497,0.0961,-0.2159,0.1757,0.749,0.1004,0.0495,0.0465,0.2316,30.1,242.2,21.8,Stressed
PB10,Rahim Yar Khan,Punjab,Kharif_2016,kharif,cotton,28.4202,70.2952,0.1665,0.1131,-0.2558,0.1846,0.833,0.1163,0.0314,0.1137,0.2114,29.5,387.5,21.2,Stressed
PB11,Jhang,Punjab,Kharif_2016,kharif,wheat,31.2681,72.3181,0.1647,0.1102,-0.2533,0.1868,0.823,0.1163,0.024,0.1327,0.2029,31.1,229.0,21.3,Stressed
PB09,Sahiwal,Punjab,Kharif_2016,kharif,sugarcane,30.6706,73.1064,0.2645,0.1755,-0.3275,0.2884,1.322,0.0694,0.0545,0.1918,0.3743,31.9,216.6,20.2,Healthy
PB13,Okara,Punjab,Kharif_2016,kharif,wheat,30.8107,73.4597,0.1222,0.0879,-0.2149,0.1453,0.611,0.1392,0.0341,0.0483,0.1768,33.1,271.2,21.8,Diseased
PB16,Bahawalnagar,Punjab,Kharif_2016,kharif,cotton,29.9958,73.2531,0.1527,0.1129,-0.2314,0.1717,0.763,0.1164,0.037,0.0923,0.2172,27.2,321.0,21.6,Stressed
PB12,Sheikhupura,Punjab,Kharif_2016,kharif,rice,31.7167,73.985,0.1837,0.1172,-0.2603,0.2064,0.918,0.1086,0.0588,0.0132,0.2944,30.7,304.1,21.2,Stressed
PB15,Attock,Punjab,Kharif_2016,kharif,wheat,33.7667,72.3667,0.2482,0.1696,-0.3215,0.2777,1.241,0.1089,0.065,0.1748,0.4,31.2,368.6,20.3,Healthy
PB14,Pakpattan,Punjab,Kharif_2016,kharif,cotton,30.3436,73.3873,0.1321,0.1003,-0.2122,0.1531,0.661,0.1217,0.0408,0.0462,0.2016,31.2,243.3,21.9,Diseased
PB17,Chakwal,Punjab,Kharif_2016,kharif,wheat,32.9328,72.8553,0.1736,0.1173,-0.2557,0.192,0.868,0.1314,0.0296,0.1301,0.2144,29.2,241.3,21.2,Stressed
PB18,Chiniot,Punjab,Kharif_2016,kharif,sugarcane,31.7192,72.9783,0.1408,0.0941,-0.2284,0.1688,0.704,0.1171,0.0321,0.0847,0.1992,31.1,306.9,21.6,Diseased
PB19,DG Khan,Punjab,Kharif_2016,kharif,wheat,30.0496,70.6358,0.2008,0.1308,-0.2821,0.2269,1.004,0.1179,0.0402,0.1337,0.25,29.0,288.8,20.9,Healthy
PB20,Gujrat,Punjab,Kharif_2016,kharif,rice,32.5736,74.0789,0.1231,0.0818,-0.1933,0.1445,0.615,0.116,0.0227,0.0886,0.158,28.0,321.3,22.1,Diseased
PB21,Hafizabad,Punjab,Kharif_2016,kharif,rice,32.0708,73.6886,0.1471,0.0958,-0.2377,0.1698,0.736,0.1256,0.0492,0.065,0.214,32.5,344.7,21.5,Stressed
PB22,Kasur,Punjab,Kharif_2016,kharif,rice,31.1181,74.4503,0.1226,0.0829,-0.209,0.1507,0.613,0.1471,0.0374,0.0872,0.2056,28.6,299.5,21.9,Diseased
PB23,Khanewal,Punjab,Kharif_2016,kharif,wheat,30.3014,71.9322,0.2583,0.1784,-0.3321,0.2809,1.291,0.0857,0.0593,0.167,0.3621,30.3,272.4,20.1,Healthy
PB24,Khushab,Punjab,Kharif_2016,kharif,wheat,32.2989,72.3522,0.1623,0.114,-0.2509,0.1863,0.811,0.1178,0.0389,0.1149,0.2302,28.7,297.8,21.3,Stressed
PB25,Layyah,Punjab,Kharif_2016,kharif,cotton,30.9617,70.9439,0.1439,0.1023,-0.2173,0.1792,0.719,0.1238,0.0368,0.0825,0.1859,29.2,259.3,21.8,Stressed
PB26,Lodhran,Punjab,Kharif_2016,kharif,wheat,29.5333,71.6333,0.1696,0.1317,-0.2454,0.1857,0.848,0.1093,0.0417,0.1099,0.2346,32.0,349.6,21.4,Stressed
PB27,Mandi Bahauddin,Punjab,Kharif_2016,kharif,sugarcane,32.5864,73.4917,0.1794,0.1149,-0.2522,0.1989,0.897,0.1063,0.0423,0.1272,0.2483,28.9,297.6,21.3,Stressed
PB28,Mianwali,Punjab,Kharif_2016,kharif,wheat,32.5853,71.5436,0.2665,0.1695,-0.3462,0.2928,1.333,0.1093,0.0741,0.1375,0.4197,32.8,220.9,19.9,Healthy
PB31,Toba Tek Singh,Punjab,Kharif_2016,kharif,sugarcane,30.9667,72.4833,0.2487,0.1618,-0.3286,0.2636,1.243,0.0886,0.0681,0.1529,0.343,28.8,229.5,20.2,Healthy
PB30,Narowal,Punjab,Kharif_2016,kharif,rice,32.1003,74.8753,0.1763,0.1254,-0.2494,0.194,0.882,0.1089,0.0686,0.1248,0.3072,30.2,267.8,21.3,Stressed
PB29,Muzaffargarh,Punjab,Kharif_2016,kharif,cotton,30.0736,71.1925,0.1562,0.1123,-0.2362,0.1742,0.781,0.1043,0.0357,0.0869,0.2096,34.5,195.8,21.5,Stressed
PB32,Vehari,Punjab,Kharif_2016,kharif,cotton,30.0442,72.3514,0.1745,0.1268,-0.2555,0.1982,0.872,0.1162,0.0314,0.1336,0.2259,31.3,234.0,21.2,Stressed
PB33,Jhelum,Punjab,Kharif_2016,kharif,wheat,32.9425,73.7258,0.2348,0.1482,-0.2975,0.258,1.174,0.0894,0.0573,0.1641,0.3221,30.4,333.7,20.6,Healthy
PB34,Bhakkar,Punjab,Kharif_2016,kharif,wheat,31.6267,71.0617,0.1584,0.1133,-0.2149,0.1914,0.792,0.0997,0.0458,0.0785,0.2102,25.8,293.4,21.8,Stressed
SD02,Hyderabad,Sindh,Kharif_2016,kharif,wheat,25.396,68.3578,0.2289,0.1659,-0.2951,0.2298,1.145,0.0907,0.0393,0.1575,0.2681,29.0,269.4,20.7,Healthy
SD03,Sukkur,Sindh,Kharif_2016,kharif,wheat,27.7052,68.857,0.1515,0.1163,-0.2422,0.1728,0.757,0.1198,0.0257,0.1086,0.1791,29.4,237.5,21.4,Stressed
SD01,Karachi,Sindh,Kharif_2016,kharif,cotton,24.8607,67.0011,0.0696,0.0513,-0.1486,0.0858,0.348,0.1311,0.022,0.0325,0.1085,30.4,270.7,22.8,Diseased
SD04,Larkana,Sindh,Kharif_2016,kharif,rice,27.557,68.2138,0.1271,0.0947,-0.2145,0.1458,0.636,0.1255,0.0241,0.0856,0.1523,28.4,310.6,21.8,Diseased
SD07,Khairpur,Sindh,Kharif_2016,kharif,sugarcane,27.5297,68.7592,0.1482,0.1078,-0.2342,0.17,0.741,0.1169,0.0366,0.0983,0.1983,29.2,232.4,21.6,Stressed
SD08,Jacobabad,Sindh,Kharif_2016,kharif,wheat,28.2769,68.4514,0.1356,0.1017,-0.2262,0.1609,0.678,0.1335,0.0286,0.0781,0.1656,32.8,275.2,21.7,Diseased
SD09,Badin,Sindh,Kharif_2016,kharif,rice,24.6556,68.8383,0.1929,0.1264,-0.2702,0.2011,0.965,0.1098,0.0384,0.1317,0.2389,31.0,302.0,21.0,Stressed
SD06,Mirpurkhas,Sindh,Kharif_2016,kharif,rice,25.5281,69.0092,0.1987,0.1324,-0.2798,0.2085,0.993,0.1054,0.0376,0.1251,0.2413,29.7,280.6,20.9,Stressed
SD05,Nawabshah,Sindh,Kharif_2016,kharif,sugarcane,26.2442,68.4099,0.1265,0.0941,-0.2175,0.1425,0.633,0.1303,0.0233,0.0896,0.1574,30.3,204.2,21.8,Diseased
SD10,Dadu,Sindh,Kharif_2016,kharif,wheat,26.7317,67.7753,0.135,0.1047,-0.2199,0.1507,0.675,0.1153,0.0293,0.0866,0.1793,31.3,274.2,21.8,Diseased
SD12,Kamber,Sindh,Kharif_2016,kharif,wheat,27.5861,68.0017,0.1293,0.0969,-0.2076,0.1416,0.646,0.1171,0.0448,0.0475,0.1946,29.6,240.0,21.9,Diseased
SD11,Ghotki,Sindh,Kharif_2016,kharif,cotton,28.0033,69.3161,0.1783,0.1276,-0.2579,0.1995,0.891,0.1068,0.0323,0.1015,0.2177,25.9,224.1,21.2,Stressed
SD13,Kashmore,Sindh,Kharif_2016,kharif,wheat,28.4475,69.5675,0.345,0.207,-0.3802,0.3666,1.725,0.0111,0.1854,0.1115,0.5834,26.6,333.6,19.4,Healthy
SD14,Matiari,Sindh,Kharif_2016,kharif,sugarcane,25.5975,68.4608,0.4653,0.3012,-0.4791,0.4768,2.326,-0.0372,0.1164,0.285,0.5879,30.0,341.7,18.0,Healthy
SD15,Naushahro Feroze,Sindh,Kharif_2016,kharif,sugarcane,26.8414,68.1175,0.229,0.1601,-0.304,0.2452,1.145,0.0909,0.0665,0.1247,0.3041,29.2,278.9,20.5,Healthy
SD16,Sanghar,Sindh,Kharif_2016,kharif,cotton,26.0464,68.9486,0.1626,0.1122,-0.2518,0.1778,0.813,0.1247,0.0295,0.1194,0.1996,26.5,247.1,21.3,Stressed
SD17,Shikarpur,Sindh,Kharif_2016,kharif,wheat,27.9569,68.6381,0.128,0.094,-0.2201,0.1439,0.64,0.1378,0.0265,0.0663,0.1538,27.8,284.3,21.8,Diseased
SD19,Thatta,Sindh,Kharif_2016,kharif,cotton,24.7461,67.9239,0.1692,0.1167,-0.2524,0.1788,0.846,0.1256,0.0322,0.1171,0.2071,29.6,267.7,21.3,Stressed
SD18,Tando Allahyar,Sindh,Kharif_2016,kharif,rice,25.4661,68.7178,0.197,0.1327,-0.2759,0.2113,0.985,0.1008,0.0399,0.1338,0.2429,30.2,315.3,20.9,Stressed
SD20,Umerkot,Sindh,Kharif_2016,kharif,wheat,25.3619,69.7358,0.185,0.1368,-0.2668,0.2079,0.925,0.1076,0.0572,0.0701,0.2604,27.4,274.2,21.1,Stressed
BL02,Turbat,Balochistan,Kharif_2016,kharif,wheat,26.0021,63.0621,0.1119,0.104,-0.1708,0.1223,0.56,0.1187,0.0265,0.0795,0.1526,31.9,282.1,22.5,Diseased
BL01,Quetta,Balochistan,Kharif_2016,kharif,wheat,30.1798,66.975,0.092,0.0842,-0.169,0.1008,0.46,0.1193,0.0199,0.0623,0.1263,30.3,247.2,22.5,Diseased
BL03,Khuzdar,Balochistan,Kharif_2016,kharif,mango,27.8,66.6167,0.153,0.1413,-0.2253,0.1582,0.765,0.0983,0.0424,0.1024,0.2283,31.8,196.2,21.7,Stressed
BL04,Loralai,Balochistan,Kharif_2016,kharif,wheat,30.3724,68.5989,0.1077,0.0977,-0.1943,0.1164,0.539,0.1362,0.0172,0.0809,0.1423,33.6,280.2,22.1,Diseased
BL05,Zhob,Balochistan,Kharif_2016,kharif,wheat,31.3417,69.4486,0.1354,0.0959,-0.2236,0.1385,0.677,0.1323,0.021,0.1149,0.1731,34.1,291.5,21.7,Diseased
BL06,Mastung,Balochistan,Kharif_2016,kharif,mango,29.797,66.846,0.1428,0.1316,-0.2268,0.1487,0.714,0.1149,0.0255,0.1017,0.1851,31.0,306.2,21.7,Stressed
BL07,Sibi,Balochistan,Kharif_2016,kharif,cotton,29.5432,67.8772,0.2036,0.1678,-0.2769,0.2227,1.018,0.1008,0.0457,0.1263,0.2672,26.5,237.7,20.9,Healthy
BL08,Pishin,Balochistan,Kharif_2016,kharif,wheat,30.5817,66.9956,0.122,0.1066,-0.2137,0.1284,0.61,0.1296,0.0352,0.0783,0.1899,32.1,286.2,21.9,Diseased
BL09,Kalat,Balochistan,Kharif_2016,kharif,wheat,29.0228,66.5906,0.184,0.1579,-0.2594,0.1938,0.92,0.102,0.0282,0.141,0.2302,28.2,289.7,21.2,Stressed
BL10,Gwadar,Balochistan,Kharif_2016,kharif,mango,25.1264,62.3255,-0.0978,-0.0001,0.1476,-0.1229,-0.489,0.0439,0.0503,-0.1489,-0.0292,30.9,263.3,27.1,Diseased
BL11,Chagai,Balochistan,Kharif_2016,kharif,wheat,29.1089,64.7983,0.052,0.043,-0.1601,0.0474,0.26,0.1675,0.008,0.0413,0.063,30.9,287.6,22.6,Diseased
BL12,Dera Bugti,Balochistan,Kharif_2016,kharif,wheat,29.0367,69.1583,0.2172,0.1775,-0.3197,0.2308,1.086,0.1292,0.0187,0.1926,0.241,31.6,172.0,20.3,Healthy
BL14,Jhal Magsi,Balochistan,Kharif_2016,kharif,wheat,28.2833,67.7333,0.0747,0.0628,-0.1841,0.0935,0.373,0.1746,0.0364,0.0371,0.1509,26.1,302.7,22.3,Diseased
BL15,Kharan,Balochistan,Kharif_2016,kharif,wheat,28.5833,65.4167,0.0701,0.0663,-0.1524,0.0698,0.35,0.1414,0.0164,0.0341,0.0967,28.3,286.9,22.7,Diseased
BL13,Jaffarabad,Balochistan,Kharif_2016,kharif,cotton,28.8958,68.2706,0.075,0.066,-0.2053,0.0884,0.375,0.1798,0.0348,0.0307,0.1416,26.3,277.7,22.0,Diseased
BL17,Musakhel,Balochistan,Kharif_2016,kharif,wheat,30.6983,69.8361,0.1341,0.0847,-0.2375,0.1449,0.67,0.2274,0.022,0.1178,0.1901,26.8,290.7,21.5,Diseased
BL16,Lasbela,Balochistan,Kharif_2016,kharif,mango,26.215,66.6933,0.0654,0.0499,-0.1354,0.0816,0.327,0.1749,0.0377,0.0402,0.1349,27.1,284.3,23.0,Diseased
BL18,Nasirabad,Balochistan,Kharif_2016,kharif,cotton,28.4167,68.3833,0.6113,0.395,-0.5746,0.6237,3.057,-0.1437,0.225,0.1126,0.7619,24.9,265.6,16.6,Healthy
BL20,Panjgur,Balochistan,Kharif_2016,kharif,wheat,26.9686,64.0994,0.0756,0.0696,-0.1539,0.0858,0.378,0.1541,0.0139,0.0602,0.1001,34.7,315.1,22.7,Diseased
BL19,Nushki,Balochistan,Kharif_2016,kharif,wheat,29.5533,66.0211,0.0746,0.0697,-0.1575,0.0725,0.373,0.1334,0.0174,0.034,0.1071,29.3,221.3,22.7,Diseased
BL21,Washuk,Balochistan,Kharif_2016,kharif,wheat,27.5,64.0,0.037,0.03,-0.1244,0.0376,0.185,0.2185,0.0107,0.0285,0.0579,29.5,262.4,23.2,Diseased
BL22,Ziarat,Balochistan,Kharif_2016,kharif,mango,30.3819,67.7244,0.2292,0.1729,-0.2917,0.2438,1.146,0.0992,0.0356,0.1593,0.2738,28.9,256.7,20.7,Healthy
KP03,Swat,KPK,Kharif_2016,kharif,rice,35.2227,72.4258,0.475,0.2813,-0.4724,0.4864,2.375,-0.0585,0.1301,0.2941,0.6425,30.0,256.6,18.1,Healthy
KP01,Peshawar,KPK,Kharif_2016,kharif,wheat,34.015,71.5249,0.2029,0.1336,-0.2962,0.2281,1.014,0.099,0.0556,0.149,0.3055,31.0,287.9,20.6,Healthy
KP04,Charsadda,KPK,Kharif_2016,kharif,wheat,34.145,71.7305,0.2324,0.1508,-0.2966,0.2524,1.162,0.0975,0.0551,0.1634,0.3213,31.0,239.1,20.6,Healthy
KP02,Mardan,KPK,Kharif_2016,kharif,sugarcane,34.1986,72.0404,0.2406,0.1651,-0.3005,0.2694,1.203,0.094,0.0646,0.1465,0.378,32.5,229.1,20.6,Healthy
KP06,Abbottabad,KPK,Kharif_2016,kharif,wheat,34.1558,73.2194,0.4894,0.3046,-0.4938,0.5057,2.447,-0.0099,0.0606,0.3997,0.5671,30.7,288.7,17.8,Healthy
KP05,Nowshera,KPK,Kharif_2016,kharif,sugarcane,34.0153,71.9747,0.1438,0.1022,-0.2065,0.1642,0.719,0.0923,0.0657,0.0467,0.2921,27.8,288.0,22.0,Stressed
KP07,Dera Ismail Khan,KPK,Kharif_2016,kharif,wheat,31.8319,70.9018,0.0935,0.0701,-0.1646,0.1264,0.468,0.13,0.0269,0.0409,0.1256,30.4,327.2,22.6,Diseased
KP10,Buner,KPK,Kharif_2016,kharif,wheat,34.5133,72.5006,0.3658,0.2278,-0.4286,0.3843,1.829,0.0418,0.1541,0.2184,0.6706,30.3,309.6,18.7,Healthy
KP09,Battagram,KPK,Kharif_2016,kharif,rice,34.6825,73.0253,0.3886,0.2688,-0.4197,0.3985,1.943,0.0499,0.0802,0.2939,0.4977,29.0,303.2,18.8,Healthy
KP08,Bannu,KPK,Kharif_2016,kharif,wheat,32.9892,70.6017,0.1979,0.118,-0.2988,0.2184,0.989,0.1448,0.0477,0.1445,0.2771,31.0,230.1,20.6,Stressed
KP12,Dir Lower,KPK,Kharif_2016,kharif,rice,34.7397,71.9006,0.28,0.1802,-0.3584,0.295,1.4,0.107,0.0658,0.2307,0.415,30.5,276.3,19.7,Healthy
KP13,Hangu,KPK,Kharif_2016,kharif,wheat,33.5308,71.0586,0.26,0.1714,-0.3197,0.2769,1.3,0.0875,0.0791,0.2017,0.4081,31.9,319.0,20.3,Healthy
KP15,Karak,KPK,Kharif_2016,kharif,wheat,33.1169,71.0944,0.1824,0.1147,-0.3001,0.2073,0.912,0.1488,0.0501,0.1358,0.2741,31.2,373.7,20.6,Stressed
KP16,Kohat,KPK,Kharif_2016,kharif,wheat,33.5869,71.4414,0.2571,0.1758,-0.313,0.2831,1.285,0.078,0.0409,0.2032,0.3228,32.0,266.0,20.4,Healthy
KP14,Haripur,KPK,Kharif_2016,kharif,sugarcane,33.9942,72.9317,0.273,0.1894,-0.3184,0.2978,1.365,0.0704,0.0596,0.1784,0.3714,26.8,276.3,20.3,Healthy
KP17,Lakki Marwat,KPK,Kharif_2016,kharif,wheat,32.6072,70.9122,0.1789,0.1137,-0.2794,0.2032,0.895,0.1444,0.0472,0.1224,0.2564,32.6,322.4,20.9,Stressed
KP18,Malakand,KPK,Kharif_2016,kharif,rice,34.5653,71.9306,0.3614,0.2145,-0.398,0.3793,1.807,0.0455,0.0822,0.2423,0.5006,28.9,283.3,19.2,Healthy
KP19,Mansehra,KPK,Kharif_2016,kharif,wheat,34.3297,73.2003,0.2267,0.1694,-0.2752,0.2426,1.133,0.0793,0.0514,0.1693,0.3071,29.5,359.2,21.0,Healthy
KP20,Shangla,KPK,Kharif_2016,kharif,rice,34.9167,72.8333,0.606,0.4603,-0.5594,0.6175,3.03,-0.0749,0.0724,0.4776,0.6863,29.0,214.9,16.8,Healthy
KP22,Tank,KPK,Kharif_2016,kharif,wheat,32.2167,70.3833,0.2032,0.1412,-0.2826,0.2268,1.016,0.1312,0.0433,0.132,0.2642,31.0,292.4,20.8,Healthy
KP21,Swabi,KPK,Kharif_2016,kharif,sugarcane,34.12,72.47,0.2969,0.1997,-0.352,0.3241,1.484,0.0759,0.0924,0.1715,0.471,30.8,314.3,19.8,Healthy
KP23,Tor Ghar,KPK,Kharif_2016,kharif,rice,34.7167,73.0833,0.5954,0.4096,-0.5815,0.6052,2.977,-0.0567,0.1199,0.4784,0.7835,25.0,331.0,16.5,Healthy
PB01,Lahore,Punjab,Rabi_2017,rabi,wheat,31.5204,74.3587,0.2107,0.1294,-0.2577,0.2107,1.054,0.0616,0.0499,0.138,0.2548,18.5,88.6,21.2,Healthy
PB03,Multan,Punjab,Rabi_2017,rabi,wheat,30.1978,71.4711,0.0964,0.0647,-0.1889,0.1007,0.482,0.1185,0.0162,0.0729,0.1151,20.6,108.9,22.2,Diseased
PB07,Bahawalpur,Punjab,Rabi_2017,rabi,cotton,29.3956,71.6836,0.2122,0.1359,-0.2945,0.2194,1.061,0.1076,0.0324,0.167,0.2598,19.4,154.3,20.7,Healthy
PB02,Faisalabad,Punjab,Rabi_2017,rabi,cotton,31.4187,73.0791,0.1418,0.0796,-0.2184,0.1496,0.709,0.1063,0.028,0.0998,0.187,18.7,115.6,21.8,Diseased
PB04,Gujranwala,Punjab,Rabi_2017,rabi,rice,32.1877,74.1945,0.1935,0.1146,-0.2675,0.195,0.967,0.0901,0.0324,0.1478,0.2421,19.9,122.7,21.1,Stressed
PB08,Sargodha,Punjab,Rabi_2017,rabi,wheat,32.0836,72.6711,0.1874,0.1077,-0.2772,0.1905,0.937,0.1103,0.0312,0.1356,0.2371,18.3,129.5,20.9,Stressed
PB05,Rawalpindi,Punjab,Rabi_2017,rabi,wheat,33.5651,73.0169,0.1386,0.0947,-0.2265,0.1349,0.693,0.1013,0.0491,0.1084,0.2213,16.8,99.3,21.7,Diseased
PB06,Sialkot,Punjab,Rabi_2017,rabi,rice,32.4945,74.5229,0.1472,0.0894,-0.2137,0.1493,0.736,0.0906,0.0361,0.0737,0.1994,16.6,119.0,21.9,Diseased
PB11,Jhang,Punjab,Rabi_2017,rabi,wheat,31.2681,72.3181,0.1617,0.0956,-0.2629,0.1728,0.809,0.124,0.0202,0.1371,0.1924,18.7,120.0,21.1,Stressed
PB09,Sahiwal,Punjab,Rabi_2017,rabi,sugarcane,30.6706,73.1064,0.2659,0.1514,-0.3346,0.2754,1.33,0.0778,0.0483,0.1885,0.3631,20.5,146.5,20.1,Healthy
PB12,Sheikhupura,Punjab,Rabi_2017,rabi,rice,31.7167,73.985,0.186,0.1089,-0.2646,0.1924,0.93,0.0999,0.0467,0.0631,0.2541,18.5,126.4,21.1,Stressed
PB16,Bahawalnagar,Punjab,Rabi_2017,rabi,cotton,29.9958,73.2531,0.1639,0.1011,-0.2536,0.1671,0.819,0.1234,0.0254,0.129,0.2038,17.5,134.8,21.3,Stressed
PB15,Attock,Punjab,Rabi_2017,rabi,wheat,33.7667,72.3667,0.2505,0.1655,-0.3271,0.2557,1.252,0.1068,0.0403,0.2063,0.3042,19.2,118.1,20.2,Healthy
PB13,Okara,Punjab,Rabi_2017,rabi,wheat,30.8107,73.4597,0.1325,0.0785,-0.2368,0.1373,0.663,0.146,0.0205,0.0962,0.1558,18.7,87.7,21.5,Diseased
PB10,Rahim Yar Khan,Punjab,Rabi_2017,rabi,cotton,28.4202,70.2952,0.1527,0.1056,-0.2343,0.1525,0.763,0.1035,0.0277,0.1161,0.1958,19.6,98.0,21.6,Stressed
PB14,Pakpattan,Punjab,Rabi_2017,rabi,cotton,30.3436,73.3873,0.1445,0.0961,-0.2248,0.1466,0.722,0.1215,0.025,0.1076,0.1874,19.7,124.7,21.7,Diseased
PB19,DG Khan,Punjab,Rabi_2017,rabi,wheat,30.0496,70.6358,0.1871,0.1163,-0.2642,0.1856,0.936,0.102,0.0228,0.1621,0.2154,19.5,102.4,21.1,Stressed
PB21,Hafizabad,Punjab,Rabi_2017,rabi,rice,32.0708,73.6886,0.1533,0.0874,-0.2434,0.1507,0.766,0.1108,0.0325,0.1016,0.186,19.7,145.2,21.4,Diseased
PB17,Chakwal,Punjab,Rabi_2017,rabi,wheat,32.9328,72.8553,0.174,0.105,-0.2662,0.177,0.87,0.1225,0.0352,0.1348,0.2359,19.0,94.0,21.1,Stressed
PB24,Khushab,Punjab,Rabi_2017,rabi,wheat,32.2989,72.3522,0.1788,0.1113,-0.274,0.1764,0.894,0.1049,0.0327,0.1302,0.2148,18.2,132.7,21.0,Stressed
PB22,Kasur,Punjab,Rabi_2017,rabi,rice,31.1181,74.4503,0.0971,0.0623,-0.1495,0.0819,0.485,0.0768,0.0362,0.0609,0.1333,19.5,74.3,22.8,Diseased
PB20,Gujrat,Punjab,Rabi_2017,rabi,rice,32.5736,74.0789,0.1252,0.0778,-0.1897,0.1278,0.626,0.0943,0.0341,0.0603,0.1722,19.5,118.2,22.2,Diseased
PB23,Khanewal,Punjab,Rabi_2017,rabi,wheat,30.3014,71.9322,0.2396,0.1484,-0.3276,0.2479,1.198,0.0996,0.0461,0.1765,0.324,21.4,108.4,20.2,Healthy
PB18,Chiniot,Punjab,Rabi_2017,rabi,sugarcane,31.7192,72.9783,0.1453,0.0844,-0.2421,0.1536,0.726,0.1202,0.0244,0.1003,0.1833,22.0,125.4,21.4,Diseased
PB25,Layyah,Punjab,Rabi_2017,rabi,cotton,30.9617,70.9439,0.1403,0.0929,-0.2239,0.1364,0.702,0.1213,0.015,0.1253,0.1553,18.6,106.5,21.7,Diseased
PB26,Lodhran,Punjab,Rabi_2017,rabi,wheat,29.5333,71.6333,0.1914,0.1286,-0.2781,0.1906,0.957,0.1128,0.04,0.1331,0.247,19.2,135.3,20.9,Stressed
PB28,Mianwali,Punjab,Rabi_2017,rabi,wheat,32.5853,71.5436,0.2496,0.1547,-0.3291,0.2576,1.248,0.0962,0.0422,0.1906,0.3225,19.2,112.3,20.2,Healthy
PB27,Mandi Bahauddin,Punjab,Rabi_2017,rabi,sugarcane,32.5864,73.4917,0.1911,0.1081,-0.2737,0.1923,0.955,0.0903,0.0435,0.1216,0.2441,20.0,138.0,21.0,Stressed
PB32,Vehari,Punjab,Rabi_2017,rabi,cotton,30.0442,72.3514,0.1868,0.1141,-0.2858,0.1949,0.934,0.1294,0.031,0.1498,0.2355,18.4,92.4,20.8,Stressed
PB31,Toba Tek Singh,Punjab,Rabi_2017,rabi,sugarcane,30.9667,72.4833,0.244,0.1468,-0.3366,0.2508,1.22,0.0924,0.0449,0.189,0.3111,20.0,127.1,20.1,Healthy
PB30,Narowal,Punjab,Rabi_2017,rabi,rice,32.1003,74.8753,0.2274,0.1403,-0.2892,0.2212,1.137,0.0798,0.021,0.2064,0.2484,16.5,137.2,20.8,Healthy
PB29,Muzaffargarh,Punjab,Rabi_2017,rabi,cotton,30.0736,71.1925,0.1484,0.1027,-0.2323,0.1492,0.742,0.0975,0.0288,0.1018,0.1938,22.2,116.6,21.6,Diseased
PB33,Jhelum,Punjab,Rabi_2017,rabi,wheat,32.9425,73.7258,0.2072,0.1276,-0.2645,0.2148,1.036,0.0651,0.0566,0.1469,0.2986,19.8,124.3,21.1,Healthy
PB34,Bhakkar,Punjab,Rabi_2017,rabi,wheat,31.6267,71.0617,0.1399,0.0901,-0.2228,0.145,0.699,0.1156,0.0413,0.0737,0.1801,18.2,114.4,21.7,Diseased
SD01,Karachi,Sindh,Rabi_2017,rabi,cotton,24.8607,67.0011,0.0828,0.0567,-0.1672,0.0814,0.414,0.1249,0.0242,0.0293,0.1347,18.5,109.6,22.5,Diseased
SD02,Hyderabad,Sindh,Rabi_2017,rabi,wheat,25.396,68.3578,0.2294,0.1551,-0.2973,0.2223,1.147,0.0842,0.0482,0.134,0.2903,18.3,108.3,20.6,Healthy
SD03,Sukkur,Sindh,Rabi_2017,rabi,wheat,27.7052,68.857,0.1438,0.1056,-0.2415,0.1475,0.719,0.1224,0.0221,0.1106,0.1787,21.0,110.1,21.4,Diseased
SD05,Nawabshah,Sindh,Rabi_2017,rabi,sugarcane,26.2442,68.4099,0.1254,0.091,-0.2141,0.1265,0.627,0.1212,0.0203,0.0943,0.1573,19.8,124.0,21.8,Diseased
SD06,Mirpurkhas,Sindh,Rabi_2017,rabi,rice,25.5281,69.0092,0.1998,0.1264,-0.2818,0.1982,0.999,0.0976,0.0346,0.1321,0.2516,20.2,90.1,20.9,Stressed
SD04,Larkana,Sindh,Rabi_2017,rabi,rice,27.557,68.2138,0.1137,0.0877,-0.1937,0.1147,0.568,0.1104,0.0224,0.0713,0.1426,18.8,130.4,22.1,Diseased
SD07,Khairpur,Sindh,Rabi_2017,rabi,sugarcane,27.5297,68.7592,0.1523,0.1068,-0.2363,0.1552,0.762,0.1067,0.042,0.098,0.219,20.0,127.1,21.5,Stressed
SD08,Jacobabad,Sindh,Rabi_2017,rabi,wheat,28.2769,68.4514,0.1443,0.1014,-0.2417,0.1491,0.721,0.1267,0.0239,0.1072,0.1801,21.3,140.3,21.4,Diseased
SD09,Badin,Sindh,Rabi_2017,rabi,rice,24.6556,68.8383,0.1939,0.1217,-0.2811,0.1909,0.969,0.1106,0.0384,0.1226,0.2495,20.7,142.1,20.9,Stressed
SD14,Matiari,Sindh,Rabi_2017,rabi,sugarcane,25.5975,68.4608,0.4851,0.3029,-0.4861,0.4864,2.426,-0.0675,0.1802,0.1796,0.6784,21.2,132.5,17.9,Healthy
SD13,Kashmore,Sindh,Rabi_2017,rabi,wheat,28.4475,69.5675,0.4017,0.2479,-0.427,0.3979,2.008,-0.032,0.2404,0.0796,0.6474,19.9,145.0,18.7,Healthy
SD10,Dadu,Sindh,Rabi_2017,rabi,wheat,26.7317,67.7753,0.1435,0.1054,-0.2315,0.1417,0.717,0.104,0.0225,0.1034,0.1809,21.1,143.9,21.6,Diseased
SD12,Kamber,Sindh,Rabi_2017,rabi,wheat,27.5861,68.0017,0.1242,0.0898,-0.2067,0.121,0.621,0.1186,0.0369,0.0554,0.1931,18.8,131.6,22.0,Diseased
SD11,Ghotki,Sindh,Rabi_2017,rabi,cotton,28.0033,69.3161,0.1577,0.1097,-0.2403,0.1616,0.789,0.1042,0.0347,0.1042,0.2144,18.6,97.3,21.5,Stressed
SD16,Sanghar,Sindh,Rabi_2017,rabi,cotton,26.0464,68.9486,0.1817,0.1166,-0.2705,0.1831,0.908,0.1131,0.0446,0.1069,0.2401,18.8,120.1,21.0,Stressed
SD15,Naushahro Feroze,Sindh,Rabi_2017,rabi,sugarcane,26.8414,68.1175,0.2028,0.1551,-0.2729,0.2057,1.014,0.0631,0.0775,0.1248,0.3425,19.3,119.1,21.0,Healthy
SD17,Shikarpur,Sindh,Rabi_2017,rabi,wheat,27.9569,68.6381,0.1279,0.09,-0.2266,0.126,0.64,0.1349,0.0209,0.0855,0.159,19.4,102.8,21.7,Diseased
SD18,Tando Allahyar,Sindh,Rabi_2017,rabi,rice,25.4661,68.7178,0.1974,0.1308,-0.2734,0.1993,0.987,0.0897,0.0441,0.1275,0.2624,18.0,105.2,21.0,Stressed
SD20,Umerkot,Sindh,Rabi_2017,rabi,wheat,25.3619,69.7358,0.192,0.1349,-0.2843,0.1931,0.96,0.1129,0.0353,0.1217,0.2554,18.7,136.5,20.8,Stressed
BL03,Khuzdar,Balochistan,Rabi_2017,rabi,mango,27.8,66.6167,0.1528,0.1255,-0.2346,0.1542,0.764,0.1062,0.0426,0.1062,0.2294,18.2,122.9,21.5,Stressed
BL01,Quetta,Balochistan,Rabi_2017,rabi,wheat,30.1798,66.975,0.079,0.0634,-0.1639,0.0854,0.395,0.1338,0.0212,0.055,0.1228,15.5,107.8,22.6,Diseased
BL02,Turbat,Balochistan,Rabi_2017,rabi,wheat,26.0021,63.0621,0.1465,0.1223,-0.21,0.1372,0.733,0.1055,0.0209,0.107,0.1794,20.4,139.7,21.9,Diseased
SD19,Thatta,Sindh,Rabi_2017,rabi,cotton,24.7461,67.9239,0.1836,0.1156,-0.2784,0.1777,0.918,0.1273,0.0434,0.1023,0.2443,19.2,167.6,20.9,Stressed
BL04,Loralai,Balochistan,Rabi_2017,rabi,wheat,30.3724,68.5989,0.1052,0.087,-0.1964,0.1068,0.526,0.1385,0.0182,0.08,0.141,20.1,101.8,22.1,Diseased
BL05,Zhob,Balochistan,Rabi_2017,rabi,wheat,31.3417,69.4486,0.1256,0.0845,-0.2145,0.1255,0.628,0.1334,0.0181,0.1039,0.153,17.3,75.7,21.8,Diseased
BL06,Mastung,Balochistan,Rabi_2017,rabi,mango,29.797,66.846,0.1116,0.0908,-0.213,0.1155,0.558,0.1446,0.0354,0.0851,0.2156,17.6,152.5,21.9,Diseased
BL07,Sibi,Balochistan,Rabi_2017,rabi,cotton,29.5432,67.8772,0.2079,0.1553,-0.2938,0.2064,1.039,0.0945,0.0427,0.1243,0.2599,16.7,132.3,20.7,Healthy
BL12,Dera Bugti,Balochistan,Rabi_2017,rabi,wheat,29.0367,69.1583,0.2031,0.1633,-0.3064,0.2103,1.016,0.132,0.0402,0.1617,0.2746,18.7,127.5,20.5,Healthy
BL08,Pishin,Balochistan,Rabi_2017,rabi,wheat,30.5817,66.9956,0.1116,0.0858,-0.213,0.1167,0.558,0.1461,0.0423,0.0777,0.2098,20.5,111.9,21.9,Diseased
BL13,Jaffarabad,Balochistan,Rabi_2017,rabi,cotton,28.8958,68.2706,0.0909,0.0744,-0.2317,0.0803,0.454,0.1828,0.0201,0.0632,0.1414,18.7,116.8,21.6,Diseased
BL10,Gwadar,Balochistan,Rabi_2017,rabi,mango,25.1264,62.3255,-0.1132,0.0182,0.19,-0.1456,-0.566,-0.0041,0.0776,-0.2154,0.0343,18.9,84.7,27.7,Diseased
BL11,Chagai,Balochistan,Rabi_2017,rabi,wheat,29.1089,64.7983,0.0453,0.0374,-0.146,0.045,0.226,0.1668,0.0087,0.0412,0.0632,19.1,117.7,22.8,Diseased
BL16,Lasbela,Balochistan,Rabi_2017,rabi,mango,26.215,66.6933,0.0912,0.0599,-0.1829,0.0864,0.456,0.1886,0.0217,0.0524,0.1168,18.2,99.5,22.3,Diseased
BL14,Jhal Magsi,Balochistan,Rabi_2017,rabi,wheat,28.2833,67.7333,0.2908,0.2292,-0.3346,0.2951,1.454,0.0059,0.193,0.0992,0.6505,19.3,98.1,20.1,Healthy
BL09,Kalat,Balochistan,Rabi_2017,rabi,wheat,29.0228,66.5906,0.1353,0.1057,-0.2381,0.1419,0.676,0.1421,0.0349,0.1039,0.2191,20.8,129.3,21.5,Diseased
BL17,Musakhel,Balochistan,Rabi_2017,rabi,wheat,30.6983,69.8361,0.123,0.0763,-0.227,0.1218,0.615,0.225,0.0165,0.1032,0.157,20.0,93.5,21.7,Diseased
BL18,Nasirabad,Balochistan,Rabi_2017,rabi,cotton,28.4167,68.3833,0.4351,0.2857,-0.4907,0.4438,2.175,0.0344,0.1942,0.1183,0.6721,21.0,121.0,17.8,Healthy
BL20,Panjgur,Balochistan,Rabi_2017,rabi,wheat,26.9686,64.0994,0.0897,0.0753,-0.1716,0.0911,0.449,0.1504,0.0111,0.0733,0.1069,19.7,125.3,22.5,Diseased
BL15,Kharan,Balochistan,Rabi_2017,rabi,wheat,28.5833,65.4167,0.0845,0.074,-0.1711,0.0816,0.423,0.142,0.0136,0.0637,0.1097,18.4,141.1,22.5,Diseased
BL19,Nushki,Balochistan,Rabi_2017,rabi,wheat,29.5533,66.0211,0.083,0.0712,-0.1655,0.0766,0.415,0.133,0.0168,0.0571,0.1203,20.0,105.0,22.6,Diseased
BL21,Washuk,Balochistan,Rabi_2017,rabi,wheat,27.5,64.0,0.0472,0.0371,-0.1381,0.0386,0.236,0.2242,0.0092,0.0349,0.0606,21.9,148.9,23.0,Diseased
BL22,Ziarat,Balochistan,Rabi_2017,rabi,mango,30.3819,67.7244,0.1764,0.1121,-0.2734,0.1867,0.882,0.1391,0.0553,0.0377,0.2127,18.8,102.3,21.0,Stressed
KP01,Peshawar,KPK,Rabi_2017,rabi,wheat,34.015,71.5249,0.2925,0.2141,-0.3492,0.2919,1.463,0.0317,0.05,0.2925,0.2925,17.9,118.3,19.9,Healthy
KP02,Mardan,KPK,Rabi_2017,rabi,sugarcane,34.1986,72.0404,0.2172,0.1437,-0.2844,0.223,1.086,0.0965,0.0594,0.1546,0.3188,21.3,120.2,20.8,Healthy
KP03,Swat,KPK,Rabi_2017,rabi,rice,35.2227,72.4258,0.2443,0.1146,-0.1864,0.2465,1.221,-0.2693,0.0993,0.118,0.3959,20.2,131.5,22.2,Healthy
KP06,Abbottabad,KPK,Rabi_2017,rabi,wheat,34.1558,73.2194,0.3198,0.2021,-0.3604,0.3313,1.599,0.039,0.096,0.2897,0.5052,21.8,134.2,19.7,Healthy
KP05,Nowshera,KPK,Rabi_2017,rabi,sugarcane,34.0153,71.9747,0.1533,0.1139,-0.2138,0.1452,0.766,0.079,0.0573,0.0799,0.2422,19.8,95.3,21.9,Stressed
KP04,Charsadda,KPK,Rabi_2017,rabi,wheat,34.145,71.7305,0.2643,0.1908,-0.308,0.2609,1.322,0.0652,0.05,0.2643,0.2643,20.9,136.8,20.5,Healthy
KP07,Dera Ismail Khan,KPK,Rabi_2017,rabi,wheat,31.8319,70.9018,0.0983,0.0639,-0.1973,0.1071,0.491,0.1466,0.0223,0.0648,0.1224,20.5,122.4,22.1,Diseased
KP08,Bannu,KPK,Rabi_2017,rabi,wheat,32.9892,70.6017,0.1995,0.1318,-0.2835,0.1962,0.998,0.1104,0.0213,0.1782,0.2208,19.6,125.5,20.8,Stressed
KP10,Buner,KPK,Rabi_2017,rabi,wheat,34.5133,72.5006,0.2313,0.1378,-0.3216,0.2413,1.157,0.072,0.2342,0.1458,0.7133,18.7,145.4,20.3,Healthy
KP09,Battagram,KPK,Rabi_2017,rabi,rice,34.6825,73.0253,0.2521,0.1509,-0.3323,0.2616,1.26,0.1361,0.0991,0.2028,0.4525,18.6,124.7,20.1,Healthy
KP11,Chitral,KPK,Rabi_2017,rabi,mango,35.8511,71.7864,0.1276,0.0697,-0.183,0.1264,0.638,0.0682,0.0884,0.0805,0.3105,18.3,107.5,22.3,Diseased
KP12,Dir Lower,KPK,Rabi_2017,rabi,rice,34.7397,71.9006,0.4495,0.3179,-0.4731,0.4524,2.247,-0.0685,0.3041,0.1488,0.7838,19.6,120.9,18.1,Healthy
KP14,Haripur,KPK,Rabi_2017,rabi,sugarcane,33.9942,72.9317,0.1924,0.142,-0.2386,0.201,0.962,0.0444,0.0702,0.1496,0.321,17.6,135.0,21.5,Stressed
KP15,Karak,KPK,Rabi_2017,rabi,wheat,33.1169,71.0944,0.1693,0.1172,-0.2729,0.1653,0.847,0.1263,0.0185,0.1508,0.1878,20.3,123.4,21.0,Stressed
KP13,Hangu,KPK,Rabi_2017,rabi,wheat,33.5308,71.0586,0.255,0.1423,-0.3381,0.2605,1.275,0.1061,0.0703,0.2113,0.3715,22.8,115.0,20.0,Healthy
KP17,Lakki Marwat,KPK,Rabi_2017,rabi,wheat,32.6072,70.9122,0.1999,0.1378,-0.2789,0.1939,0.999,0.1005,0.0266,0.1733,0.2264,19.3,142.8,20.9,Stressed
KP18,Malakand,KPK,Rabi_2017,rabi,rice,34.5653,71.9306,0.3174,0.1647,-0.3634,0.3257,1.587,0.0491,0.1088,0.1761,0.4914,18.8,121.9,19.7,Healthy
KP16,Kohat,KPK,Rabi_2017,rabi,wheat,33.5869,71.4414,0.2688,0.1921,-0.3191,0.2755,1.344,0.0655,0.05,0.2688,0.2688,21.4,114.7,20.3,Healthy
KP19,Mansehra,KPK,Rabi_2017,rabi,wheat,34.3297,73.2003,0.1444,0.1059,-0.2022,0.1523,0.722,0.0924,0.0694,0.091,0.276,19.8,139.7,22.0,Diseased
KP21,Swabi,KPK,Rabi_2017,rabi,sugarcane,34.12,72.47,0.3003,0.1957,-0.3566,0.3087,1.502,0.0641,0.0963,0.2022,0.4318,18.7,150.2,19.8,Healthy
KP20,Shangla,KPK,Rabi_2017,rabi,rice,34.9167,72.8333,0.3736,0.2126,-0.4177,0.3894,1.868,0.0015,0.1238,0.2771,0.6129,19.7,118.4,18.9,Healthy
KP22,Tank,KPK,Rabi_2017,rabi,wheat,32.2167,70.3833,0.2331,0.1386,-0.3338,0.2347,1.165,0.1267,0.0432,0.1656,0.2782,18.4,104.6,20.1,Healthy
KP23,Tor Ghar,KPK,Rabi_2017,rabi,rice,34.7167,73.0833,0.4044,0.2291,-0.4768,0.4232,2.022,0.0967,0.1132,0.356,0.6409,19.3,103.9,18.0,Healthy
PB07,Bahawalpur,Punjab,Kharif_2017,kharif,cotton,29.3956,71.6836,0.2044,0.1594,-0.2631,0.2234,1.022,0.0783,0.0422,0.1211,0.2581,28.7,297.9,21.1,Healthy
PB03,Multan,Punjab,Kharif_2017,kharif,wheat,30.1978,71.4711,0.1009,0.0739,-0.1977,0.1244,0.505,0.1352,0.0273,0.0493,0.1342,29.4,252.8,22.1,Diseased
PB02,Faisalabad,Punjab,Kharif_2017,kharif,cotton,31.4187,73.0791,0.1567,0.0989,-0.2219,0.1757,0.783,0.0967,0.0518,0.0286,0.216,30.4,260.1,21.7,Stressed
PB01,Lahore,Punjab,Kharif_2017,kharif,wheat,31.5204,74.3587,0.2609,0.1743,-0.3092,0.2873,1.305,0.0631,0.0546,0.1602,0.3481,32.4,313.9,20.5,Healthy
PB04,Gujranwala,Punjab,Kharif_2017,kharif,rice,32.1877,74.1945,0.1694,0.1062,-0.2444,0.192,0.847,0.1133,0.0506,0.1022,0.2693,32.5,247.1,21.4,Stressed
PB05,Rawalpindi,Punjab,Kharif_2017,kharif,wheat,33.5651,73.0169,0.1562,0.1114,-0.2291,0.1709,0.781,0.1054,0.0577,0.0746,0.2403,31.6,242.8,21.6,Stressed
PB06,Sialkot,Punjab,Kharif_2017,kharif,rice,32.4945,74.5229,0.1583,0.0983,-0.2169,0.188,0.792,0.1139,0.0552,0.0369,0.2762,31.0,293.9,21.8,Stressed
PB08,Sargodha,Punjab,Kharif_2017,kharif,wheat,32.0836,72.6711,0.1789,0.1199,-0.2557,0.2046,0.895,0.1021,0.0432,0.0998,0.2572,29.7,189.5,21.2,Stressed
PB09,Sahiwal,Punjab,Kharif_2017,kharif,sugarcane,30.6706,73.1064,0.257,0.1767,-0.3123,0.2838,1.285,0.0554,0.0674,0.0856,0.3239,28.6,292.2,20.4,Healthy
PB11,Jhang,Punjab,Kharif_2017,kharif,wheat,31.2681,72.3181,0.1688,0.1105,-0.2484,0.1911,0.844,0.1016,0.0681,-0.0015,0.2063,30.3,344.0,21.3,Stressed
PB10,Rahim Yar Khan,Punjab,Kharif_2017,kharif,cotton,28.4202,70.2952,0.1606,0.1128,-0.244,0.1757,0.803,0.107,0.036,0.0878,0.2092,30.5,218.7,21.4,Stressed
PB14,Pakpattan,Punjab,Kharif_2017,kharif,cotton,30.3436,73.3873,0.1377,0.1067,-0.2079,0.1589,0.689,0.1099,0.0334,0.0569,0.1843,27.3,337.0,21.9,Diseased
PB13,Okara,Punjab,Kharif_2017,kharif,wheat,30.8107,73.4597,0.1254,0.0917,-0.2105,0.1485,0.627,0.1318,0.0294,0.0589,0.1715,33.4,261.4,21.9,Diseased
PB12,Sheikhupura,Punjab,Kharif_2017,kharif,rice,31.7167,73.985,0.1846,0.1185,-0.2568,0.2049,0.923,0.1038,0.0617,-0.0363,0.2908,30.6,256.7,21.2,Stressed
PB15,Attock,Punjab,Kharif_2017,kharif,wheat,33.7667,72.3667,0.2734,0.1869,-0.3327,0.2974,1.367,0.0829,0.0944,0.1053,0.4364,30.2,253.9,20.1,Healthy
PB16,Bahawalnagar,Punjab,Kharif_2017,kharif,cotton,29.9958,73.2531,0.1529,0.1223,-0.2137,0.1785,0.764,0.0943,0.0376,0.0882,0.2131,28.4,268.3,21.9,Stressed
PB19,DG Khan,Punjab,Kharif_2017,kharif,wheat,30.0496,70.6358,0.1952,0.1353,-0.2716,0.2142,0.976,0.1049,0.039,0.1122,0.2439,28.1,274.2,21.0,Stressed
PB17,Chakwal,Punjab,Kharif_2017,kharif,wheat,32.9328,72.8553,0.1881,0.1186,-0.2717,0.2073,0.941,0.1358,0.0516,0.1062,0.2636,30.8,295.8,21.0,Stressed
PB21,Hafizabad,Punjab,Kharif_2017,kharif,rice,32.0708,73.6886,0.1566,0.0948,-0.2415,0.1783,0.783,0.1287,0.0423,0.0957,0.2186,30.1,210.6,21.4,Stressed
PB20,Gujrat,Punjab,Kharif_2017,kharif,rice,32.5736,74.0789,0.1136,0.0798,-0.1714,0.1382,0.568,0.1028,0.0393,0.0376,0.1832,24.7,237.4,22.5,Diseased
PB18,Chiniot,Punjab,Kharif_2017,kharif,sugarcane,31.7192,72.9783,0.1403,0.0916,-0.231,0.1666,0.701,0.1228,0.0387,0.0093,0.1883,27.4,277.5,21.6,Diseased
PB22,Kasur,Punjab,Kharif_2017,kharif,rice,31.1181,74.4503,0.1401,0.0941,-0.218,0.1595,0.7,0.1353,0.0287,0.0824,0.1841,29.0,281.2,21.8,Diseased
PB23,Khanewal,Punjab,Kharif_2017,kharif,wheat,30.3014,71.9322,0.2536,0.1793,-0.3265,0.2751,1.268,0.0779,0.0619,0.1465,0.3678,23.9,310.4,20.2,Healthy
PB24,Khushab,Punjab,Kharif_2017,kharif,wheat,32.2989,72.3522,0.1788,0.1227,-0.254,0.2003,0.894,0.1132,0.0412,0.1091,0.2407,30.8,294.5,21.3,Stressed
PB25,Layyah,Punjab,Kharif_2017,kharif,cotton,30.9617,70.9439,0.148,0.1037,-0.23,0.1614,0.74,0.1227,0.0269,0.0996,0.1799,27.3,216.8,21.6,Stressed
PB27,Mandi Bahauddin,Punjab,Kharif_2017,kharif,sugarcane,32.5864,73.4917,0.1603,0.1036,-0.2351,0.1786,0.801,0.1074,0.0524,0.0956,0.2508,29.5,262.7,21.5,Stressed
PB26,Lodhran,Punjab,Kharif_2017,kharif,wheat,29.5333,71.6333,0.174,0.1406,-0.2419,0.1857,0.87,0.0941,0.0516,0.0758,0.2359,26.4,314.0,21.4,Stressed
PB29,Muzaffargarh,Punjab,Kharif_2017,kharif,cotton,30.0736,71.1925,0.1624,0.1137,-0.2436,0.1774,0.812,0.1045,0.0391,0.0759,0.214,27.7,230.3,21.4,Stressed
PB28,Mianwali,Punjab,Kharif_2017,kharif,wheat,32.5853,71.5436,0.2936,0.1893,-0.3609,0.3172,1.468,0.0898,0.0874,0.1125,0.412,29.6,288.5,19.7,Healthy
PB31,Toba Tek Singh,Punjab,Kharif_2017,kharif,sugarcane,30.9667,72.4833,0.2629,0.1734,-0.332,0.2807,1.315,0.0619,0.0818,0.1011,0.3402,32.0,291.0,20.1,Healthy
PB32,Vehari,Punjab,Kharif_2017,kharif,cotton,30.0442,72.3514,0.1881,0.1358,-0.2629,0.2036,0.94,0.107,0.0363,0.1193,0.2292,25.5,305.7,21.1,Stressed
PB30,Narowal,Punjab,Kharif_2017,kharif,rice,32.1003,74.8753,0.2509,0.1411,-0.3205,0.2782,1.255,0.1167,0.0546,0.1562,0.3187,33.4,271.2,20.3,Healthy
PB33,Jhelum,Punjab,Kharif_2017,kharif,wheat,32.9425,73.7258,0.2163,0.1304,-0.2984,0.2409,1.082,0.1067,0.065,0.1394,0.3353,29.2,286.4,20.6,Healthy
PB34,Bhakkar,Punjab,Kharif_2017,kharif,wheat,31.6267,71.0617,0.1466,0.1008,-0.2321,0.1623,0.733,0.1275,0.0259,0.1044,0.1812,31.4,291.2,21.6,Stressed
SD02,Hyderabad,Sindh,Kharif_2017,kharif,wheat,25.396,68.3578,0.2414,0.1774,-0.3031,0.2433,1.207,0.0766,0.0474,0.1397,0.306,30.0,238.0,20.5,Healthy
SD03,Sukkur,Sindh,Kharif_2017,kharif,wheat,27.7052,68.857,0.1441,0.113,-0.2337,0.1653,0.721,0.1181,0.0312,0.0867,0.1882,29.4,269.6,21.6,Stressed
SD05,Nawabshah,Sindh,Kharif_2017,kharif,sugarcane,26.2442,68.4099,0.1304,0.1007,-0.2141,0.1455,0.652,0.1187,0.0289,0.0719,0.1662,31.5,290.0,21.8,Diseased
SD01,Karachi,Sindh,Kharif_2017,kharif,cotton,24.8607,67.0011,0.0802,0.0584,-0.16,0.0926,0.401,0.127,0.024,0.0282,0.1224,31.6,303.9,22.6,Diseased
SD06,Mirpurkhas,Sindh,Kharif_2017,kharif,rice,25.5281,69.0092,0.211,0.146,-0.2835,0.2205,1.055,0.0902,0.0411,0.1262,0.271,29.1,249.8,20.8,Healthy
SD04,Larkana,Sindh,Kharif_2017,kharif,rice,27.557,68.2138,0.1243,0.0973,-0.2066,0.143,0.621,0.1162,0.0258,0.0708,0.1613,25.9,299.0,22.0,Diseased
SD07,Khairpur,Sindh,Kharif_2017,kharif,sugarcane,27.5297,68.7592,0.1631,0.1225,-0.2388,0.1809,0.816,0.1027,0.0425,0.0845,0.2236,32.3,274.0,21.5,Stressed
SD09,Badin,Sindh,Kharif_2017,kharif,rice,24.6556,68.8383,0.1942,0.1313,-0.2658,0.1994,0.971,0.1004,0.0355,0.1256,0.237,33.4,295.8,21.1,Stressed
SD08,Jacobabad,Sindh,Kharif_2017,kharif,wheat,28.2769,68.4514,0.1416,0.1096,-0.2306,0.159,0.708,0.1288,0.0259,0.093,0.1757,30.0,305.9,21.6,Stressed
SD10,Dadu,Sindh,Kharif_2017,kharif,wheat,26.7317,67.7753,0.14,0.1079,-0.2257,0.1486,0.7,0.1116,0.0295,0.0667,0.1784,28.9,291.0,21.7,Diseased
SD13,Kashmore,Sindh,Kharif_2017,kharif,wheat,28.4475,69.5675,0.31,0.1969,-0.3745,0.3217,1.55,0.0479,0.1852,0.0605,0.5835,31.4,285.8,19.5,Healthy
SD11,Ghotki,Sindh,Kharif_2017,kharif,cotton,28.0033,69.3161,0.1771,0.1305,-0.2552,0.1917,0.885,0.0992,0.0317,0.1107,0.2215,30.3,234.4,21.2,Stressed
SD14,Matiari,Sindh,Kharif_2017,kharif,sugarcane,25.5975,68.4608,0.5335,0.3646,-0.5227,0.5419,2.667,-0.0925,0.145,0.2501,0.6851,30.1,217.6,17.3,Healthy
SD12,Kamber,Sindh,Kharif_2017,kharif,wheat,27.5861,68.0017,0.136,0.1005,-0.2106,0.1479,0.68,0.1154,0.0445,0.0308,0.1959,28.2,284.2,21.9,Diseased
SD16,Sanghar,Sindh,Kharif_2017,kharif,cotton,26.0464,68.9486,0.1657,0.1223,-0.2516,0.1777,0.828,0.1139,0.0447,0.0861,0.2326,32.0,352.8,21.3,Stressed
SD15,Naushahro Feroze,Sindh,Kharif_2017,kharif,sugarcane,26.8414,68.1175,0.255,0.1841,-0.3122,0.2711,1.275,0.0714,0.0684,0.1121,0.3234,28.2,220.8,20.4,Healthy
SD18,Tando Allahyar,Sindh,Kharif_2017,kharif,rice,25.4661,68.7178,0.213,0.1534,-0.2797,0.2261,1.065,0.0803,0.0492,0.116,0.2777,29.4,307.2,20.9,Healthy
SD17,Shikarpur,Sindh,Kharif_2017,kharif,wheat,27.9569,68.6381,0.125,0.0965,-0.2146,0.1379,0.625,0.1286,0.0246,0.0775,0.1629,27.7,309.0,21.8,Diseased
SD19,Thatta,Sindh,Kharif_2017,kharif,cotton,24.7461,67.9239,0.1862,0.1309,-0.2556,0.1897,0.931,0.1055,0.0327,0.1418,0.2403,28.0,346.0,21.2,Stressed
SD20,Umerkot,Sindh,Kharif_2017,kharif,wheat,25.3619,69.7358,0.2032,0.1524,-0.2833,0.2162,1.016,0.1024,0.0457,0.112,0.2708,29.8,290.7,20.8,Healthy
BL02,Turbat,Balochistan,Kharif_2017,kharif,wheat,26.0021,63.0621,0.1276,0.1178,-0.1872,0.1235,0.638,0.1091,0.0194,0.0928,0.154,33.6,262.4,22.2,Diseased
BL01,Quetta,Balochistan,Kharif_2017,kharif,wheat,30.1798,66.975,0.0973,0.0878,-0.1742,0.1044,0.486,0.1137,0.0193,0.0684,0.1346,32.1,259.6,22.4,Diseased
BL03,Khuzdar,Balochistan,Kharif_2017,kharif,mango,27.8,66.6167,0.1461,0.1297,-0.2238,0.1512,0.73,0.104,0.0388,0.0947,0.2178,31.9,290.5,21.7,Stressed
BL04,Loralai,Balochistan,Kharif_2017,kharif,wheat,30.3724,68.5989,0.0972,0.0911,-0.1844,0.1032,0.486,0.136,0.0145,0.0714,0.1254,29.8,287.6,22.3,Diseased
BL05,Zhob,Balochistan,Kharif_2017,kharif,wheat,31.3417,69.4486,0.13,0.097,-0.2109,0.1334,0.65,0.1256,0.0185,0.1016,0.1611,32.2,264.6,21.9,Diseased
BL07,Sibi,Balochistan,Kharif_2017,kharif,cotton,29.5432,67.8772,0.2056,0.1715,-0.2785,0.2226,1.028,0.0946,0.0409,0.1389,0.2654,33.4,314.5,20.9,Healthy
BL06,Mastung,Balochistan,Kharif_2017,kharif,mango,29.797,66.846,0.1445,0.1285,-0.2346,0.1522,0.723,0.117,0.0207,0.1154,0.1934,31.0,268.5,21.5,Stressed
BL10,Gwadar,Balochistan,Kharif_2017,kharif,mango,25.1264,62.3255,-0.0416,0.0314,0.104,-0.0483,-0.208,0.0592,0.0592,-0.1418,0.0757,33.5,215.8,26.5,Diseased
BL09,Kalat,Balochistan,Kharif_2017,kharif,wheat,29.0228,66.5906,0.1982,0.1689,-0.2765,0.2077,0.991,0.0916,0.0274,0.1555,0.2543,26.5,321.7,20.9,Healthy
BL08,Pishin,Balochistan,Kharif_2017,kharif,wheat,30.5817,66.9956,0.1251,0.1108,-0.22,0.1298,0.626,0.1236,0.0246,0.0889,0.1768,33.4,265.1,21.8,Diseased
BL12,Dera Bugti,Balochistan,Kharif_2017,kharif,wheat,29.0367,69.1583,0.2109,0.1775,-0.3087,0.225,1.054,0.126,0.0328,0.149,0.2564,31.7,327.4,20.5,Healthy
BL11,Chagai,Balochistan,Kharif_2017,kharif,wheat,29.1089,64.7983,0.0534,0.0446,-0.1596,0.0432,0.267,0.1615,0.0063,0.0419,0.0634,30.5,305.7,22.6,Diseased
BL14,Jhal Magsi,Balochistan,Kharif_2017,kharif,wheat,28.2833,67.7333,0.0671,0.0532,-0.1751,0.0773,0.335,0.1705,0.0217,0.0251,0.0997,31.2,236.8,22.4,Diseased
BL15,Kharan,Balochistan,Kharif_2017,kharif,wheat,28.5833,65.4167,0.0793,0.0736,-0.165,0.0747,0.396,0.1377,0.0124,0.0504,0.1024,29.4,269.3,22.6,Diseased
BL16,Lasbela,Balochistan,Kharif_2017,kharif,mango,26.215,66.6933,0.1147,0.0813,-0.1906,0.1166,0.573,0.1666,0.0325,0.0406,0.1401,30.7,294.1,22.2,Diseased
BL13,Jaffarabad,Balochistan,Kharif_2017,kharif,cotton,28.8958,68.2706,0.0596,0.0531,-0.1936,0.0723,0.298,0.1867,0.0188,0.0315,0.0948,29.1,244.0,22.1,Diseased
BL17,Musakhel,Balochistan,Kharif_2017,kharif,wheat,30.6983,69.8361,0.1288,0.0836,-0.2218,0.1344,0.644,0.2217,0.023,0.0773,0.1585,29.2,358.6,21.7,Diseased
BL18,Nasirabad,Balochistan,Kharif_2017,kharif,cotton,28.4167,68.3833,0.5795,0.4166,-0.5495,0.5898,2.898,-0.1606,0.2236,0.0835,0.7655,31.1,301.3,17.0,Healthy
BL20,Panjgur,Balochistan,Kharif_2017,kharif,wheat,26.9686,64.0994,0.0841,0.0767,-0.1644,0.0849,0.421,0.146,0.0117,0.0647,0.1041,30.5,269.3,22.6,Diseased
BL22,Ziarat,Balochistan,Kharif_2017,kharif,mango,30.3819,67.7244,0.2197,0.1679,-0.289,0.2317,1.099,0.1063,0.0246,0.1742,0.2586,33.5,238.1,20.8,Healthy
BL21,Washuk,Balochistan,Kharif_2017,kharif,wheat,27.5,64.0,0.0451,0.0365,-0.1352,0.0357,0.225,0.2165,0.0077,0.0308,0.0568,30.4,324.9,23.0,Diseased
BL19,Nushki,Balochistan,Kharif_2017,kharif,wheat,29.5533,66.0211,0.0786,0.0725,-0.1618,0.0744,0.393,0.1303,0.0161,0.0409,0.114,28.4,216.7,22.6,Diseased
KP01,Peshawar,KPK,Kharif_2017,kharif,wheat,34.015,71.5249,0.232,0.1573,-0.3093,0.2581,1.16,0.0877,0.0594,0.1641,0.3431,29.1,273.4,20.5,Healthy
KP04,Charsadda,KPK,Kharif_2017,kharif,wheat,34.145,71.7305,0.25,0.1718,-0.2976,0.2725,1.25,0.0804,0.0699,0.166,0.3879,31.8,307.2,20.6,Healthy
KP03,Swat,KPK,Kharif_2017,kharif,rice,35.2227,72.4258,0.4235,0.1835,-0.4411,0.4469,2.117,-0.0048,0.0926,0.3101,0.5918,30.9,308.6,18.5,Healthy
KP02,Mardan,KPK,Kharif_2017,kharif,sugarcane,34.1986,72.0404,0.249,0.1677,-0.3083,0.2734,1.245,0.0795,0.0918,0.0458,0.4345,30.9,279.1,20.5,Healthy
KP06,Abbottabad,KPK,Kharif_2017,kharif,wheat,34.1558,73.2194,0.436,0.2563,-0.4588,0.4552,2.18,0.0233,0.0922,0.3059,0.5612,32.1,212.2,18.3,Healthy
KP05,Nowshera,KPK,Kharif_2017,kharif,sugarcane,34.0153,71.9747,0.145,0.0982,-0.2079,0.164,0.725,0.0885,0.0752,-0.0038,0.3141,29.1,319.9,21.9,Stressed
KP08,Bannu,KPK,Kharif_2017,kharif,wheat,32.9892,70.6017,0.1881,0.1284,-0.2723,0.206,0.94,0.1238,0.0368,0.1372,0.2478,31.7,287.0,21.0,Stressed
KP09,Battagram,KPK,Kharif_2017,kharif,rice,34.6825,73.0253,0.2628,0.1622,-0.3296,0.275,1.314,0.1154,0.0761,0.223,0.4124,27.0,260.1,20.2,Healthy
KP07,Dera Ismail Khan,KPK,Kharif_2017,kharif,wheat,31.8319,70.9018,0.0953,0.069,-0.1876,0.1164,0.477,0.1563,0.0186,0.0669,0.1232,33.3,285.0,22.2,Diseased
KP11,Chitral,KPK,Kharif_2017,kharif,mango,35.8511,71.7864,0.2156,0.1247,-0.2589,0.2161,1.078,0.0441,0.0457,0.1599,0.2815,30.7,292.0,21.2,Healthy
KP10,Buner,KPK,Kharif_2017,kharif,wheat,34.5133,72.5006,0.3033,0.1859,-0.3977,0.3159,1.517,0.0819,0.1056,0.1718,0.4987,30.4,280.1,19.2,Healthy
KP12,Dir Lower,KPK,Kharif_2017,kharif,rice,34.7397,71.9006,0.3585,0.2379,-0.4324,0.3764,1.792,0.0745,0.0569,0.2958,0.4615,26.2,349.1,18.7,Healthy
KP13,Hangu,KPK,Kharif_2017,kharif,wheat,33.5308,71.0586,0.309,0.1905,-0.3761,0.3278,1.545,0.0938,0.0638,0.2421,0.4158,29.1,241.9,19.5,Healthy
KP15,Karak,KPK,Kharif_2017,kharif,wheat,33.1169,71.0944,0.1746,0.1216,-0.2706,0.1925,0.873,0.1355,0.0378,0.1096,0.2275,29.6,262.4,21.0,Stressed
KP14,Haripur,KPK,Kharif_2017,kharif,sugarcane,33.9942,72.9317,0.2443,0.1606,-0.3053,0.2674,1.221,0.0804,0.0784,0.1179,0.3928,33.2,303.1,20.5,Healthy
KP16,Kohat,KPK,Kharif_2017,kharif,wheat,33.5869,71.4414,0.2615,0.1865,-0.3172,0.2869,1.308,0.0731,0.0425,0.1968,0.3334,32.8,346.8,20.3,Healthy
KP17,Lakki Marwat,KPK,Kharif_2017,kharif,wheat,32.6072,70.9122,0.1677,0.119,-0.2521,0.1855,0.839,0.1321,0.0392,0.107,0.2249,30.5,251.9,21.3,Stressed
KP18,Malakand,KPK,Kharif_2017,kharif,rice,34.5653,71.9306,0.3499,0.2032,-0.4005,0.3657,1.75,0.0484,0.0686,0.2228,0.4736,28.5,345.3,19.1,Healthy
KP19,Mansehra,KPK,Kharif_2017,kharif,wheat,34.3297,73.2003,0.1607,0.1128,-0.2287,0.1751,0.803,0.1078,0.0424,0.1254,0.2441,32.2,255.6,21.6,Stressed
KP20,Shangla,KPK,Kharif_2017,kharif,rice,34.9167,72.8333,0.466,0.3095,-0.4867,0.4827,2.33,-0.0117,0.1532,0.2699,0.6817,30.0,264.2,17.9,Healthy
KP22,Tank,KPK,Kharif_2017,kharif,wheat,32.2167,70.3833,0.2154,0.1547,-0.2976,0.2275,1.077,0.1246,0.0434,0.1418,0.2725,31.1,291.7,20.6,Healthy
KP21,Swabi,KPK,Kharif_2017,kharif,sugarcane,34.12,72.47,0.2825,0.1855,-0.3457,0.3078,1.412,0.0768,0.1163,0.0885,0.5004,29.7,316.8,19.9,Healthy
KP23,Tor Ghar,KPK,Kharif_2017,kharif,rice,34.7167,73.0833,0.3824,0.2273,-0.451,0.399,1.912,0.0855,0.1145,0.3353,0.6203,31.6,325.8,18.4,Healthy
PB01,Lahore,Punjab,Rabi_2018,rabi,wheat,31.5204,74.3587,0.2109,0.1173,-0.2704,0.2139,1.054,0.0773,0.0349,0.1541,0.2748,17.8,106.5,21.0,Healthy
PB03,Multan,Punjab,Rabi_2018,rabi,wheat,30.1978,71.4711,0.1112,0.0746,-0.2059,0.1105,0.556,0.1204,0.0186,0.0785,0.1449,18.2,89.5,22.0,Diseased
PB04,Gujranwala,Punjab,Rabi_2018,rabi,rice,32.1877,74.1945,0.1633,0.0962,-0.2218,0.159,0.817,0.0709,0.0414,0.0567,0.2311,18.0,147.9,21.7,Stressed
PB02,Faisalabad,Punjab,Rabi_2018,rabi,cotton,31.4187,73.0791,0.1436,0.0758,-0.2153,0.1384,0.718,0.0906,0.0286,0.0894,0.1941,18.6,119.2,21.8,Diseased
PB08,Sargodha,Punjab,Rabi_2018,rabi,wheat,32.0836,72.6711,0.1774,0.0975,-0.2658,0.1719,0.887,0.1071,0.0284,0.1368,0.2311,18.6,128.4,21.1,Stressed
PB07,Bahawalpur,Punjab,Rabi_2018,rabi,cotton,29.3956,71.6836,0.2083,0.1392,-0.2746,0.2101,1.041,0.0852,0.0322,0.1537,0.269,19.3,153.9,21.0,Healthy
PB05,Rawalpindi,Punjab,Rabi_2018,rabi,wheat,33.5651,73.0169,0.1482,0.0968,-0.227,0.1391,0.741,0.0994,0.0607,0.0888,0.2868,20.3,101.8,21.7,Diseased
PB06,Sialkot,Punjab,Rabi_2018,rabi,rice,32.4945,74.5229,0.1429,0.0838,-0.2023,0.1402,0.714,0.0852,0.0426,0.0193,0.2082,19.6,115.8,22.0,Diseased
PB11,Jhang,Punjab,Rabi_2018,rabi,wheat,31.2681,72.3181,0.1528,0.0935,-0.2306,0.1536,0.764,0.094,0.0237,0.1162,0.1961,17.6,96.1,21.6,Stressed
PB10,Rahim Yar Khan,Punjab,Rabi_2018,rabi,cotton,28.4202,70.2952,0.1574,0.1039,-0.2448,0.1502,0.787,0.1034,0.027,0.1122,0.2036,20.2,100.9,21.4,Stressed
PB09,Sahiwal,Punjab,Rabi_2018,rabi,sugarcane,30.6706,73.1064,0.2542,0.1506,-0.3135,0.2546,1.271,0.0621,0.0412,0.1807,0.3327,16.5,108.7,20.4,Healthy
PB13,Okara,Punjab,Rabi_2018,rabi,wheat,30.8107,73.4597,0.123,0.076,-0.2168,0.1179,0.615,0.1256,0.0206,0.083,0.1652,20.1,131.1,21.8,Diseased
PB14,Pakpattan,Punjab,Rabi_2018,rabi,cotton,30.3436,73.3873,0.1354,0.0911,-0.2142,0.133,0.677,0.1072,0.0242,0.0957,0.1909,17.9,136.5,21.8,Diseased
PB12,Sheikhupura,Punjab,Rabi_2018,rabi,rice,31.7167,73.985,0.1723,0.0966,-0.2439,0.1652,0.861,0.0834,0.0357,0.0791,0.2394,19.1,116.7,21.4,Stressed
PB15,Attock,Punjab,Rabi_2018,rabi,wheat,33.7667,72.3667,0.2529,0.1573,-0.3179,0.2536,1.264,0.0913,0.0603,0.1674,0.3945,21.2,152.2,20.3,Healthy
PB16,Bahawalnagar,Punjab,Rabi_2018,rabi,cotton,29.9958,73.2531,0.1552,0.1028,-0.2321,0.1519,0.776,0.1044,0.0237,0.1087,0.2062,15.6,112.7,21.6,Stressed
PB17,Chakwal,Punjab,Rabi_2018,rabi,wheat,32.9328,72.8553,0.1687,0.1079,-0.2449,0.1581,0.843,0.1007,0.0359,0.1262,0.2412,18.7,121.9,21.4,Stressed
PB19,DG Khan,Punjab,Rabi_2018,rabi,wheat,30.0496,70.6358,0.1931,0.1262,-0.2664,0.1888,0.965,0.0841,0.0328,0.1411,0.2457,15.4,141.4,21.1,Stressed
PB20,Gujrat,Punjab,Rabi_2018,rabi,rice,32.5736,74.0789,0.1231,0.0719,-0.1818,0.1198,0.615,0.0839,0.0322,0.0382,0.1715,20.3,127.5,22.3,Diseased
PB21,Hafizabad,Punjab,Rabi_2018,rabi,rice,32.0708,73.6886,0.1424,0.0775,-0.2214,0.1322,0.712,0.0917,0.0239,0.1098,0.1912,18.2,164.2,21.7,Diseased
PB18,Chiniot,Punjab,Rabi_2018,rabi,sugarcane,31.7192,72.9783,0.1374,0.0738,-0.2298,0.1367,0.687,0.1144,0.0187,0.1013,0.1738,18.9,118.5,21.6,Diseased
PB22,Kasur,Punjab,Rabi_2018,rabi,rice,31.1181,74.4503,0.1214,0.0673,-0.2007,0.1134,0.607,0.1211,0.0205,0.0919,0.1605,17.0,145.6,22.0,Diseased
PB24,Khushab,Punjab,Rabi_2018,rabi,wheat,32.2989,72.3522,0.1733,0.1083,-0.2563,0.1655,0.866,0.097,0.0283,0.1286,0.2243,18.1,107.9,21.2,Stressed
PB23,Khanewal,Punjab,Rabi_2018,rabi,wheat,30.3014,71.9322,0.2473,0.1611,-0.3183,0.248,1.236,0.0721,0.0496,0.1599,0.3457,21.6,160.7,20.3,Healthy
PB26,Lodhran,Punjab,Rabi_2018,rabi,wheat,29.5333,71.6333,0.1925,0.1363,-0.2639,0.184,0.963,0.0919,0.0416,0.1243,0.2583,16.7,161.5,21.1,Stressed
PB25,Layyah,Punjab,Rabi_2018,rabi,cotton,30.9617,70.9439,0.1399,0.0922,-0.212,0.1342,0.699,0.095,0.0286,0.0881,0.1902,19.3,106.8,21.9,Diseased
PB27,Mandi Bahauddin,Punjab,Rabi_2018,rabi,sugarcane,32.5864,73.4917,0.1585,0.0886,-0.2314,0.1486,0.793,0.0828,0.0373,0.0962,0.2253,16.4,127.4,21.6,Stressed
PB30,Narowal,Punjab,Rabi_2018,rabi,rice,32.1003,74.8753,0.19,0.1147,-0.2503,0.1924,0.95,0.0811,0.0369,0.1459,0.255,17.1,93.6,21.3,Stressed
PB29,Muzaffargarh,Punjab,Rabi_2018,rabi,cotton,30.0736,71.1925,0.1604,0.1087,-0.2402,0.1531,0.802,0.0898,0.0293,0.104,0.2173,19.8,128.1,21.5,Stressed
PB28,Mianwali,Punjab,Rabi_2018,rabi,wheat,32.5853,71.5436,0.2482,0.1553,-0.3151,0.2479,1.241,0.078,0.053,0.1401,0.3547,16.8,141.5,20.4,Healthy
PB31,Toba Tek Singh,Punjab,Rabi_2018,rabi,sugarcane,30.9667,72.4833,0.2577,0.1598,-0.3229,0.2537,1.288,0.0548,0.0612,0.1532,0.3423,18.7,113.9,20.3,Healthy
PB33,Jhelum,Punjab,Rabi_2018,rabi,wheat,32.9425,73.7258,0.2129,0.1203,-0.2729,0.2144,1.064,0.0675,0.0556,0.1194,0.3061,17.8,136.1,21.0,Healthy
PB34,Bhakkar,Punjab,Rabi_2018,rabi,wheat,31.6267,71.0617,0.1425,0.0944,-0.2186,0.1351,0.712,0.0995,0.0254,0.1025,0.187,20.0,110.3,21.8,Diseased
PB32,Vehari,Punjab,Rabi_2018,rabi,cotton,30.0442,72.3514,0.1805,0.123,-0.2569,0.1802,0.902,0.103,0.0289,0.1348,0.2347,20.7,72.5,21.2,Stressed
SD02,Hyderabad,Sindh,Rabi_2018,rabi,wheat,25.396,68.3578,0.2341,0.161,-0.3063,0.2252,1.17,0.078,0.0369,0.1696,0.2982,17.8,134.0,20.5,Healthy
SD03,Sukkur,Sindh,Rabi_2018,rabi,wheat,27.7052,68.857,0.1478,0.1079,-0.2417,0.1477,0.739,0.1106,0.0253,0.1043,0.1939,17.5,125.7,21.4,Diseased
SD05,Nawabshah,Sindh,Rabi_2018,rabi,sugarcane,26.2442,68.4099,0.1292,0.0951,-0.22,0.1288,0.646,0.1136,0.0228,0.0894,0.1715,18.2,151.9,21.8,Diseased
SD01,Karachi,Sindh,Rabi_2018,rabi,cotton,24.8607,67.0011,0.088,0.061,-0.1736,0.0861,0.44,0.1258,0.0208,0.0481,0.1364,19.1,105.1,22.4,Diseased
SD04,Larkana,Sindh,Rabi_2018,rabi,rice,27.557,68.2138,0.1282,0.097,-0.209,0.1263,0.641,0.104,0.0235,0.0881,0.1705,19.3,123.6,21.9,Diseased
SD08,Jacobabad,Sindh,Rabi_2018,rabi,wheat,28.2769,68.4514,0.1363,0.1038,-0.2265,0.136,0.681,0.115,0.0229,0.0943,0.1739,17.8,100.5,21.7,Diseased
SD10,Dadu,Sindh,Rabi_2018,rabi,wheat,26.7317,67.7753,0.1518,0.1111,-0.2426,0.1467,0.759,0.1039,0.0265,0.0989,0.2162,18.5,81.6,21.4,Stressed
SD06,Mirpurkhas,Sindh,Rabi_2018,rabi,rice,25.5281,69.0092,0.1944,0.1271,-0.2851,0.1906,0.972,0.1023,0.0351,0.1327,0.2584,21.2,95.7,20.8,Stressed
SD07,Khairpur,Sindh,Rabi_2018,rabi,sugarcane,27.5297,68.7592,0.165,0.1152,-0.2416,0.1652,0.825,0.0921,0.0412,0.1026,0.2383,19.8,148.2,21.4,Stressed
SD11,Ghotki,Sindh,Rabi_2018,rabi,cotton,28.0033,69.3161,0.1566,0.1114,-0.24,0.1572,0.783,0.1017,0.0306,0.1103,0.2205,17.3,118.8,21.5,Stressed
SD09,Badin,Sindh,Rabi_2018,rabi,rice,24.6556,68.8383,0.1826,0.1181,-0.2791,0.1791,0.913,0.1207,0.0398,0.1137,0.2477,19.4,139.8,20.9,Stressed
SD13,Kashmore,Sindh,Rabi_2018,rabi,wheat,28.4475,69.5675,0.3673,0.221,-0.404,0.3653,1.836,0.0056,0.2097,0.0653,0.6432,19.6,115.5,19.1,Healthy
SD12,Kamber,Sindh,Rabi_2018,rabi,wheat,27.5861,68.0017,0.1333,0.0977,-0.2166,0.1259,0.667,0.1116,0.036,0.0624,0.2148,19.4,136.2,21.8,Diseased
SD15,Naushahro Feroze,Sindh,Rabi_2018,rabi,sugarcane,26.8414,68.1175,0.2585,0.187,-0.319,0.2599,1.293,0.0511,0.0787,0.1209,0.3501,17.9,166.5,20.3,Healthy
SD16,Sanghar,Sindh,Rabi_2018,rabi,cotton,26.0464,68.9486,0.2001,0.1345,-0.2902,0.1991,1.001,0.1007,0.0392,0.126,0.251,22.0,130.8,20.7,Stressed
SD14,Matiari,Sindh,Rabi_2018,rabi,sugarcane,25.5975,68.4608,0.5192,0.3458,-0.5217,0.5188,2.596,-0.1005,0.145,0.2415,0.6587,18.8,108.7,17.4,Healthy
SD19,Thatta,Sindh,Rabi_2018,rabi,cotton,24.7461,67.9239,0.169,0.1179,-0.2626,0.1625,0.845,0.125,0.031,0.122,0.2306,20.3,140.4,21.1,Stressed
SD18,Tando Allahyar,Sindh,Rabi_2018,rabi,rice,25.4661,68.7178,0.1935,0.1342,-0.2757,0.193,0.967,0.0924,0.0406,0.1214,0.2541,20.1,97.6,20.9,Stressed
SD20,Umerkot,Sindh,Rabi_2018,rabi,wheat,25.3619,69.7358,0.176,0.1316,-0.2714,0.1748,0.88,0.1136,0.035,0.1035,0.2452,17.6,149.4,21.0,Stressed
SD17,Shikarpur,Sindh,Rabi_2018,rabi,wheat,27.9569,68.6381,0.1269,0.093,-0.2196,0.1209,0.635,0.1251,0.0199,0.0918,0.1658,20.1,130.6,21.8,Diseased
BL03,Khuzdar,Balochistan,Rabi_2018,rabi,mango,27.8,66.6167,0.1543,0.1278,-0.2353,0.152,0.772,0.0993,0.0493,0.0894,0.2338,20.3,122.3,21.5,Stressed
BL02,Turbat,Balochistan,Rabi_2018,rabi,wheat,26.0021,63.0621,0.1473,0.1251,-0.2099,0.1315,0.736,0.0996,0.0188,0.1127,0.1776,19.0,110.0,21.9,Diseased
BL01,Quetta,Balochistan,Rabi_2018,rabi,wheat,30.1798,66.975,0.0773,0.0607,-0.1651,0.0805,0.387,0.1331,0.0199,0.0516,0.1179,18.0,118.6,22.6,Diseased
BL06,Mastung,Balochistan,Rabi_2018,rabi,mango,29.797,66.846,0.1129,0.0935,-0.2181,0.1158,0.565,0.1428,0.0283,0.0802,0.1709,21.4,130.8,21.8,Diseased
BL04,Loralai,Balochistan,Rabi_2018,rabi,wheat,30.3724,68.5989,0.0965,0.0864,-0.1854,0.0953,0.482,0.1364,0.0153,0.0715,0.1295,17.7,109.0,22.3,Diseased
BL07,Sibi,Balochistan,Rabi_2018,rabi,cotton,29.5432,67.8772,0.2164,0.1616,-0.306,0.2154,1.082,0.096,0.0325,0.1637,0.2676,22.1,144.2,20.5,Healthy
BL05,Zhob,Balochistan,Rabi_2018,rabi,wheat,31.3417,69.4486,0.1248,0.0876,-0.2103,0.1203,0.624,0.1241,0.0237,0.0915,0.1724,17.5,145.4,21.9,Diseased
BL08,Pishin,Balochistan,Rabi_2018,rabi,wheat,30.5817,66.9956,0.1079,0.084,-0.2141,0.1093,0.539,0.1477,0.0331,0.0771,0.1813,19.0,106.8,21.8,Diseased
BL09,Kalat,Balochistan,Rabi_2018,rabi,wheat,29.0228,66.5906,0.1396,0.1086,-0.2482,0.1451,0.698,0.1406,0.0234,0.1109,0.1834,19.7,159.3,21.3,Diseased
BL12,Dera Bugti,Balochistan,Rabi_2018,rabi,wheat,29.0367,69.1583,0.2053,0.1673,-0.3135,0.209,1.026,0.1286,0.04,0.1585,0.2958,17.5,123.6,20.4,Healthy
BL10,Gwadar,Balochistan,Rabi_2018,rabi,mango,25.1264,62.3255,-0.1164,0.0286,0.1992,-0.1404,-0.582,-0.0108,0.099,-0.3504,0.0607,21.9,93.3,27.9,Diseased
BL11,Chagai,Balochistan,Rabi_2018,rabi,wheat,29.1089,64.7983,0.0609,0.0482,-0.168,0.0438,0.304,0.1666,0.0066,0.0458,0.068,19.6,168.3,22.5,Diseased
BL14,Jhal Magsi,Balochistan,Rabi_2018,rabi,wheat,28.2833,67.7333,0.3905,0.2504,-0.4262,0.3914,1.952,-0.0122,0.1815,0.1153,0.629,18.0,158.9,18.8,Healthy
BL13,Jaffarabad,Balochistan,Rabi_2018,rabi,cotton,28.8958,68.2706,0.0825,0.0713,-0.2268,0.0709,0.413,0.1821,0.0116,0.0624,0.1121,18.1,145.0,21.7,Diseased
BL15,Kharan,Balochistan,Rabi_2018,rabi,wheat,28.5833,65.4167,0.0901,0.0758,-0.1789,0.0813,0.451,0.1386,0.0141,0.0592,0.114,19.5,144.4,22.4,Diseased
BL16,Lasbela,Balochistan,Rabi_2018,rabi,mango,26.215,66.6933,0.107,0.0699,-0.201,0.1004,0.535,0.1862,0.017,0.0729,0.1306,19.0,121.9,22.0,Diseased
BL17,Musakhel,Balochistan,Rabi_2018,rabi,wheat,30.6983,69.8361,0.1213,0.0759,-0.2229,0.1178,0.607,0.2256,0.0194,0.0911,0.1679,18.0,85.8,21.7,Diseased
BL18,Nasirabad,Balochistan,Rabi_2018,rabi,cotton,28.4167,68.3833,0.275,0.1885,-0.3735,0.2836,1.375,0.1068,0.1534,0.1194,0.5895,19.2,100.3,19.5,Healthy
BL20,Panjgur,Balochistan,Rabi_2018,rabi,wheat,26.9686,64.0994,0.0887,0.0763,-0.1714,0.0844,0.444,0.1475,0.0088,0.0734,0.1039,19.9,157.9,22.5,Diseased
BL19,Nushki,Balochistan,Rabi_2018,rabi,wheat,29.5533,66.0211,0.0828,0.0706,-0.1678,0.0738,0.414,0.133,0.0166,0.0538,0.1188,18.4,84.3,22.5,Diseased
BL21,Washuk,Balochistan,Rabi_2018,rabi,wheat,27.5,64.0,0.0501,0.0394,-0.1416,0.0356,0.251,0.2217,0.0057,0.0417,0.0611,15.4,131.5,22.9,Diseased
BL22,Ziarat,Balochistan,Rabi_2018,rabi,mango,30.3819,67.7244,0.1848,0.117,-0.2803,0.1927,0.924,0.1297,0.0256,0.1442,0.2227,17.5,132.7,20.9,Stressed
KP01,Peshawar,KPK,Rabi_2018,rabi,wheat,34.015,71.5249,0.2747,0.18,-0.3429,0.276,1.374,0.0464,0.0584,0.187,0.3881,20.2,182.6,20.0,Healthy
KP06,Abbottabad,KPK,Rabi_2018,rabi,wheat,34.1558,73.2194,0.2872,0.1513,-0.3713,0.293,1.436,0.0872,0.103,0.2149,0.5773,19.4,91.9,19.6,Healthy
KP03,Swat,KPK,Rabi_2018,rabi,rice,35.2227,72.4258,0.2006,0.1304,-0.1336,0.1971,1.003,-0.3053,0.1162,0.0121,0.4407,15.6,129.1,23.0,Stressed
KP04,Charsadda,KPK,Rabi_2018,rabi,wheat,34.145,71.7305,0.2435,0.1482,-0.2991,0.2431,1.218,0.0873,0.0644,0.1616,0.3819,20.6,80.0,20.6,Healthy
KP05,Nowshera,KPK,Rabi_2018,rabi,sugarcane,34.0153,71.9747,0.1567,0.1063,-0.2047,0.1448,0.783,0.0544,0.0633,0.0509,0.3079,18.0,130.5,22.0,Stressed
KP02,Mardan,KPK,Rabi_2018,rabi,sugarcane,34.1986,72.0404,0.2127,0.132,-0.2669,0.2135,1.063,0.0732,0.0726,0.0926,0.3998,21.7,112.9,21.1,Healthy
KP07,Dera Ismail Khan,KPK,Rabi_2018,rabi,wheat,31.8319,70.9018,0.0991,0.0672,-0.1838,0.0975,0.496,0.1284,0.0167,0.0725,0.1304,17.1,124.5,22.3,Diseased
KP09,Battagram,KPK,Rabi_2018,rabi,rice,34.6825,73.0253,0.218,0.1218,-0.3163,0.2182,1.09,0.1487,0.0698,0.1669,0.3914,18.2,108.2,20.4,Healthy
KP10,Buner,KPK,Rabi_2018,rabi,wheat,34.5133,72.5006,0.3531,0.1978,-0.4134,0.3497,1.766,0.0284,0.1665,0.1769,0.7231,18.0,119.3,18.9,Healthy
KP11,Chitral,KPK,Rabi_2018,rabi,mango,35.8511,71.7864,0.1619,0.0985,-0.1984,0.1575,0.809,0.0363,0.1087,0.0517,0.4104,20.7,126.9,22.1,Stressed
KP13,Hangu,KPK,Rabi_2018,rabi,wheat,33.5308,71.0586,0.2476,0.1491,-0.3289,0.247,1.238,0.1046,0.0607,0.1919,0.3933,21.6,142.0,20.2,Healthy
KP12,Dir Lower,KPK,Rabi_2018,rabi,rice,34.7397,71.9006,0.3389,0.1987,-0.4163,0.3384,1.695,0.0888,0.1837,0.1748,0.7529,18.1,135.5,18.9,Healthy
KP08,Bannu,KPK,Rabi_2018,rabi,wheat,32.9892,70.6017,0.1993,0.1287,-0.2743,0.1943,0.997,0.0953,0.0358,0.1461,0.2705,18.3,122.2,21.0,Stressed
KP15,Karak,KPK,Rabi_2018,rabi,wheat,33.1169,71.0944,0.1601,0.111,-0.2593,0.1538,0.801,0.1224,0.0305,0.1104,0.2114,17.1,119.5,21.2,Stressed
KP14,Haripur,KPK,Rabi_2018,rabi,sugarcane,33.9942,72.9317,0.2338,0.1443,-0.2911,0.2338,1.169,0.0654,0.0633,0.1556,0.3764,17.9,113.8,20.7,Healthy
KP16,Kohat,KPK,Rabi_2018,rabi,wheat,33.5869,71.4414,0.2554,0.166,-0.3228,0.2609,1.277,0.0781,0.0366,0.1999,0.3262,20.2,139.9,20.3,Healthy
KP17,Lakki Marwat,KPK,Rabi_2018,rabi,wheat,32.6072,70.9122,0.1933,0.133,-0.2697,0.1864,0.966,0.0958,0.0388,0.1358,0.2625,17.5,125.0,21.0,Stressed
KP19,Mansehra,KPK,Rabi_2018,rabi,wheat,34.3297,73.2003,0.1355,0.0863,-0.2197,0.1358,0.678,0.1221,0.0455,0.0979,0.2566,20.6,115.1,21.8,Diseased
KP20,Shangla,KPK,Rabi_2018,rabi,rice,34.9167,72.8333,0.4246,0.1627,-0.5142,0.4326,2.123,0.0505,0.1416,0.1956,0.7389,21.3,100.2,17.5,Healthy
KP21,Swabi,KPK,Rabi_2018,rabi,sugarcane,34.12,72.47,0.2897,0.1799,-0.3301,0.2892,1.449,0.034,0.1014,0.1499,0.5002,15.5,113.5,20.2,Healthy
KP18,Malakand,KPK,Rabi_2018,rabi,rice,34.5653,71.9306,0.3773,0.1848,-0.4178,0.3783,1.886,0.0173,0.0743,0.2644,0.5488,20.1,84.6,18.9,Healthy
KP22,Tank,KPK,Rabi_2018,rabi,wheat,32.2167,70.3833,0.2296,0.1521,-0.312,0.2207,1.148,0.1044,0.0443,0.1582,0.3106,19.7,47.8,20.4,Healthy
KP23,Tor Ghar,KPK,Rabi_2018,rabi,rice,34.7167,73.0833,0.3674,0.1893,-0.4672,0.379,1.837,0.1102,0.0815,0.282,0.5495,19.5,89.3,18.2,Healthy
PB01,Lahore,Punjab,Kharif_2018,kharif,wheat,31.5204,74.3587,0.2278,0.1628,-0.2787,0.2406,1.139,0.051,0.0821,0.1117,0.3626,34.5,349.5,20.9,Healthy
PB05,Rawalpindi,Punjab,Kharif_2018,kharif,wheat,33.5651,73.0169,0.1805,0.1241,-0.2515,0.1881,0.903,0.1097,0.0333,0.139,0.2421,28.7,320.7,21.3,Stressed
PB02,Faisalabad,Punjab,Kharif_2018,kharif,cotton,31.4187,73.0791,0.1749,0.1028,-0.2536,0.1901,0.874,0.0989,0.0394,0.1028,0.2216,30.5,287.9,21.3,Stressed
PB08,Sargodha,Punjab,Kharif_2018,kharif,wheat,32.0836,72.6711,0.1897,0.116,-0.2833,0.2082,0.949,0.1119,0.0392,0.1118,0.2484,29.2,318.1,20.8,Stressed
PB04,Gujranwala,Punjab,Kharif_2018,kharif,rice,32.1877,74.1945,0.1598,0.1032,-0.2332,0.1737,0.799,0.1027,0.0397,0.087,0.2294,32.8,202.8,21.6,Stressed
PB06,Sialkot,Punjab,Kharif_2018,kharif,rice,32.4945,74.5229,0.1679,0.1029,-0.233,0.1835,0.839,0.1114,0.0392,0.0915,0.236,29.4,345.2,21.6,Stressed
PB03,Multan,Punjab,Kharif_2018,kharif,wheat,30.1978,71.4711,0.1063,0.0716,-0.2183,0.1259,0.532,0.1539,0.0228,0.0647,0.1388,28.9,270.3,21.8,Diseased
PB07,Bahawalpur,Punjab,Kharif_2018,kharif,cotton,29.3956,71.6836,0.2204,0.1536,-0.2956,0.2362,1.102,0.0976,0.0382,0.1607,0.2826,26.8,250.0,20.7,Healthy
PB10,Rahim Yar Khan,Punjab,Kharif_2018,kharif,cotton,28.4202,70.2952,0.1471,0.1042,-0.2398,0.1586,0.736,0.1153,0.0367,0.0782,0.2108,30.2,329.1,21.5,Stressed
PB13,Okara,Punjab,Kharif_2018,kharif,wheat,30.8107,73.4597,0.1294,0.0904,-0.2208,0.1435,0.647,0.1259,0.0371,0.0293,0.1749,30.0,349.2,21.7,Diseased
PB14,Pakpattan,Punjab,Kharif_2018,kharif,cotton,30.3436,73.3873,0.1343,0.1042,-0.2116,0.1488,0.671,0.1101,0.0333,0.05,0.1883,29.2,226.9,21.9,Diseased
PB09,Sahiwal,Punjab,Kharif_2018,kharif,sugarcane,30.6706,73.1064,0.2402,0.1592,-0.3126,0.2602,1.201,0.0744,0.0485,0.1623,0.3403,30.9,276.5,20.4,Healthy
PB11,Jhang,Punjab,Kharif_2018,kharif,wheat,31.2681,72.3181,0.1615,0.1074,-0.253,0.1801,0.808,0.1129,0.0364,0.0991,0.2279,28.0,278.0,21.3,Stressed
PB12,Sheikhupura,Punjab,Kharif_2018,kharif,rice,31.7167,73.985,0.1767,0.1122,-0.2543,0.1907,0.884,0.0982,0.058,0.0024,0.2851,32.2,280.9,21.3,Stressed
PB15,Attock,Punjab,Kharif_2018,kharif,wheat,33.7667,72.3667,0.3114,0.2093,-0.3611,0.3308,1.557,0.0777,0.0536,0.2114,0.4103,29.2,281.1,19.7,Healthy
PB16,Bahawalnagar,Punjab,Kharif_2018,kharif,cotton,29.9958,73.2531,0.1602,0.1185,-0.2363,0.1743,0.801,0.1058,0.0343,0.0769,0.2134,31.2,369.5,21.5,Stressed
PB17,Chakwal,Punjab,Kharif_2018,kharif,wheat,32.9328,72.8553,0.176,0.114,-0.2575,0.1915,0.88,0.1239,0.0414,0.1146,0.2524,29.4,268.2,21.2,Stressed
PB21,Hafizabad,Punjab,Kharif_2018,kharif,rice,32.0708,73.6886,0.1532,0.0922,-0.2434,0.1684,0.766,0.1139,0.0342,0.0944,0.1974,30.7,362.2,21.4,Stressed
PB22,Kasur,Punjab,Kharif_2018,kharif,rice,31.1181,74.4503,0.1236,0.0894,-0.2068,0.1321,0.618,0.1231,0.0388,0.0748,0.1912,31.0,311.7,22.0,Diseased
PB20,Gujrat,Punjab,Kharif_2018,kharif,rice,32.5736,74.0789,0.1347,0.0899,-0.1987,0.1498,0.674,0.102,0.0279,0.084,0.182,27.0,255.4,22.1,Diseased
PB18,Chiniot,Punjab,Kharif_2018,kharif,sugarcane,31.7192,72.9783,0.1444,0.089,-0.2444,0.1645,0.722,0.1276,0.0249,0.0951,0.1862,28.4,287.3,21.4,Diseased
PB19,DG Khan,Punjab,Kharif_2018,kharif,wheat,30.0496,70.6358,0.1786,0.126,-0.2609,0.1939,0.893,0.1055,0.0467,0.075,0.2619,26.7,315.4,21.2,Stressed
PB24,Khushab,Punjab,Kharif_2018,kharif,wheat,32.2989,72.3522,0.1812,0.1209,-0.2679,0.196,0.906,0.1034,0.0392,0.1033,0.2241,29.5,224.0,21.1,Stressed
PB25,Layyah,Punjab,Kharif_2018,kharif,cotton,30.9617,70.9439,0.1258,0.0935,-0.2092,0.142,0.629,0.1237,0.0255,0.0815,0.1735,29.1,231.2,21.9,Diseased
PB23,Khanewal,Punjab,Kharif_2018,kharif,wheat,30.3014,71.9322,0.2274,0.1591,-0.3119,0.2509,1.137,0.097,0.0556,0.1453,0.34,28.9,218.1,20.4,Healthy
PB26,Lodhran,Punjab,Kharif_2018,kharif,wheat,29.5333,71.6333,0.1753,0.1283,-0.2606,0.183,0.877,0.115,0.0435,0.1028,0.2365,30.6,230.9,21.2,Stressed
PB29,Muzaffargarh,Punjab,Kharif_2018,kharif,cotton,30.0736,71.1925,0.1487,0.104,-0.2411,0.1621,0.744,0.1156,0.0344,0.0786,0.2115,32.0,291.7,21.5,Stressed
PB27,Mandi Bahauddin,Punjab,Kharif_2018,kharif,sugarcane,32.5864,73.4917,0.1859,0.1152,-0.2561,0.1985,0.93,0.0877,0.0402,0.1137,0.2351,26.9,259.2,21.2,Stressed
PB30,Narowal,Punjab,Kharif_2018,kharif,rice,32.1003,74.8753,0.1815,0.1299,-0.2568,0.1937,0.908,0.1011,0.0613,0.1388,0.3057,31.2,339.2,21.2,Stressed
PB31,Toba Tek Singh,Punjab,Kharif_2018,kharif,sugarcane,30.9667,72.4833,0.2276,0.1509,-0.314,0.2408,1.138,0.0875,0.0772,0.1241,0.3752,30.9,264.3,20.4,Healthy
PB28,Mianwali,Punjab,Kharif_2018,kharif,wheat,32.5853,71.5436,0.2521,0.1699,-0.3241,0.268,1.261,0.0962,0.0653,0.1309,0.3908,29.0,284.2,20.2,Healthy
PB32,Vehari,Punjab,Kharif_2018,kharif,cotton,30.0442,72.3514,0.1672,0.1297,-0.2422,0.1899,0.836,0.1009,0.0283,0.1274,0.2166,32.5,336.7,21.4,Stressed
PB33,Jhelum,Punjab,Kharif_2018,kharif,wheat,32.9425,73.7258,0.2308,0.137,-0.2977,0.2512,1.154,0.0918,0.0541,0.1346,0.2993,29.5,291.0,20.6,Healthy
PB34,Bhakkar,Punjab,Kharif_2018,kharif,wheat,31.6267,71.0617,0.1301,0.0966,-0.2119,0.1466,0.65,0.1176,0.0338,0.0689,0.192,30.8,283.3,21.9,Diseased
SD01,Karachi,Sindh,Kharif_2018,kharif,cotton,24.8607,67.0011,0.0721,0.0553,-0.1533,0.0831,0.36,0.1296,0.0206,0.0372,0.1184,31.1,229.5,22.7,Diseased
SD02,Hyderabad,Sindh,Kharif_2018,kharif,wheat,25.396,68.3578,0.2185,0.1624,-0.2893,0.2214,1.092,0.0845,0.0472,0.1329,0.293,31.0,219.1,20.8,Healthy
SD04,Larkana,Sindh,Kharif_2018,kharif,rice,27.557,68.2138,0.1226,0.0969,-0.2094,0.1313,0.613,0.116,0.0269,0.0715,0.1673,30.5,305.8,21.9,Diseased
SD03,Sukkur,Sindh,Kharif_2018,kharif,wheat,27.7052,68.857,0.1411,0.113,-0.233,0.1538,0.706,0.1146,0.0254,0.0955,0.1861,25.5,286.8,21.6,Diseased
SD05,Nawabshah,Sindh,Kharif_2018,kharif,sugarcane,26.2442,68.4099,0.1242,0.0973,-0.2129,0.1367,0.621,0.1199,0.0259,0.0753,0.1718,31.4,333.8,21.9,Diseased
SD06,Mirpurkhas,Sindh,Kharif_2018,kharif,rice,25.5281,69.0092,0.1801,0.1292,-0.2625,0.1901,0.901,0.1046,0.0421,0.111,0.2533,33.3,284.4,21.1,Stressed
SD09,Badin,Sindh,Kharif_2018,kharif,rice,24.6556,68.8383,0.1597,0.1184,-0.2383,0.1662,0.798,0.1059,0.0404,0.091,0.2192,29.0,265.3,21.5,Stressed
SD07,Khairpur,Sindh,Kharif_2018,kharif,sugarcane,27.5297,68.7592,0.1491,0.1141,-0.232,0.1612,0.745,0.1061,0.037,0.0912,0.2151,30.0,328.7,21.6,Stressed
SD08,Jacobabad,Sindh,Kharif_2018,kharif,wheat,28.2769,68.4514,0.106,0.0891,-0.1975,0.1175,0.53,0.1298,0.0303,0.0715,0.1633,31.2,227.6,22.1,Diseased
SD10,Dadu,Sindh,Kharif_2018,kharif,wheat,26.7317,67.7753,0.1297,0.0999,-0.2213,0.1396,0.649,0.1206,0.0269,0.0772,0.1794,28.1,364.4,21.7,Diseased
SD13,Kashmore,Sindh,Kharif_2018,kharif,wheat,28.4475,69.5675,0.1445,0.0943,-0.2298,0.1526,0.722,0.1173,0.1543,0.0398,0.559,31.4,262.1,21.6,Diseased
SD12,Kamber,Sindh,Kharif_2018,kharif,wheat,27.5861,68.0017,0.1411,0.1049,-0.2222,0.1461,0.705,0.113,0.0461,0.0496,0.2138,27.9,287.0,21.7,Diseased
SD11,Ghotki,Sindh,Kharif_2018,kharif,cotton,28.0033,69.3161,0.149,0.1143,-0.2342,0.1627,0.745,0.1053,0.0342,0.0916,0.2256,28.5,270.3,21.6,Stressed
SD15,Naushahro Feroze,Sindh,Kharif_2018,kharif,sugarcane,26.8414,68.1175,0.1839,0.1411,-0.2634,0.197,0.92,0.1037,0.0596,0.1001,0.3042,30.8,275.3,21.1,Stressed
SD16,Sanghar,Sindh,Kharif_2018,kharif,cotton,26.0464,68.9486,0.1585,0.1159,-0.251,0.1679,0.792,0.1222,0.0366,0.1045,0.2215,29.3,222.2,21.3,Stressed
SD14,Matiari,Sindh,Kharif_2018,kharif,sugarcane,25.5975,68.4608,0.4049,0.2769,-0.4296,0.4132,2.024,-0.0135,0.1305,0.2164,0.5971,29.1,251.3,18.7,Healthy
SD19,Thatta,Sindh,Kharif_2018,kharif,cotton,24.7461,67.9239,0.1568,0.1171,-0.2384,0.1636,0.784,0.1165,0.0456,0.102,0.2351,29.0,254.9,21.5,Stressed
SD17,Shikarpur,Sindh,Kharif_2018,kharif,wheat,27.9569,68.6381,0.1109,0.0893,-0.2042,0.1147,0.555,0.1268,0.0304,0.0641,0.1675,29.7,275.6,22.0,Diseased
SD18,Tando Allahyar,Sindh,Kharif_2018,kharif,rice,25.4661,68.7178,0.1756,0.1285,-0.2574,0.1871,0.878,0.0968,0.0463,0.1127,0.2553,29.8,294.9,21.2,Stressed
SD20,Umerkot,Sindh,Kharif_2018,kharif,wheat,25.3619,69.7358,0.1746,0.1365,-0.2569,0.1884,0.873,0.1065,0.0451,0.0861,0.2533,28.9,279.6,21.2,Stressed
BL01,Quetta,Balochistan,Kharif_2018,kharif,wheat,30.1798,66.975,0.0892,0.0774,-0.1706,0.0957,0.446,0.1222,0.0195,0.062,0.1268,30.7,280.0,22.5,Diseased
BL03,Khuzdar,Balochistan,Kharif_2018,kharif,mango,27.8,66.6167,0.1218,0.1078,-0.2059,0.1251,0.609,0.116,0.0287,0.0806,0.1753,28.6,253.7,22.0,Diseased
BL02,Turbat,Balochistan,Kharif_2018,kharif,wheat,26.0021,63.0621,0.1276,0.1125,-0.1908,0.1284,0.638,0.1114,0.0247,0.0788,0.1716,31.5,292.1,22.2,Diseased
BL05,Zhob,Balochistan,Kharif_2018,kharif,wheat,31.3417,69.4486,0.1263,0.0971,-0.2061,0.1292,0.631,0.1222,0.0159,0.1024,0.1577,31.2,279.4,22.0,Diseased
BL04,Loralai,Balochistan,Kharif_2018,kharif,wheat,30.3724,68.5989,0.0917,0.0875,-0.1781,0.0942,0.458,0.1351,0.0132,0.0659,0.1192,31.1,235.3,22.4,Diseased
BL07,Sibi,Balochistan,Kharif_2018,kharif,cotton,29.5432,67.8772,0.1968,0.1613,-0.2793,0.2084,0.984,0.1016,0.0371,0.1225,0.245,28.6,261.8,20.9,Healthy
BL08,Pishin,Balochistan,Kharif_2018,kharif,wheat,30.5817,66.9956,0.117,0.1009,-0.2126,0.1221,0.585,0.1315,0.0237,0.0824,0.1587,32.9,343.0,21.9,Diseased
BL06,Mastung,Balochistan,Kharif_2018,kharif,mango,29.797,66.846,0.1309,0.1114,-0.2247,0.1363,0.654,0.1312,0.0209,0.0986,0.1678,28.6,301.6,21.7,Diseased
BL09,Kalat,Balochistan,Kharif_2018,kharif,wheat,29.0228,66.5906,0.1863,0.1463,-0.2705,0.1948,0.931,0.1122,0.028,0.1399,0.2309,31.5,306.1,21.0,Stressed
BL10,Gwadar,Balochistan,Kharif_2018,kharif,mango,25.1264,62.3255,-0.0555,0.0276,0.1216,-0.0348,-0.277,0.0998,0.1504,-0.3904,0.1245,27.0,225.4,26.7,Diseased
BL11,Chagai,Balochistan,Kharif_2018,kharif,wheat,29.1089,64.7983,0.049,0.0408,-0.161,0.0446,0.245,0.1649,0.0076,0.0381,0.0643,32.1,348.7,22.6,Diseased
BL12,Dera Bugti,Balochistan,Kharif_2018,kharif,wheat,29.0367,69.1583,0.1826,0.1571,-0.2856,0.1945,0.913,0.1351,0.0456,0.1015,0.2802,28.8,301.8,20.8,Stressed
BL15,Kharan,Balochistan,Kharif_2018,kharif,wheat,28.5833,65.4167,0.0769,0.0695,-0.1668,0.0751,0.384,0.1378,0.0141,0.0479,0.1036,29.2,271.5,22.5,Diseased
BL14,Jhal Magsi,Balochistan,Kharif_2018,kharif,wheat,28.2833,67.7333,0.0694,0.0548,-0.1924,0.0844,0.347,0.1812,0.0124,0.0519,0.0932,28.4,318.3,22.2,Diseased
BL17,Musakhel,Balochistan,Kharif_2018,kharif,wheat,30.6983,69.8361,0.1071,0.0734,-0.2043,0.1174,0.536,0.2201,0.0242,0.055,0.1592,32.6,231.9,22.0,Diseased
BL16,Lasbela,Balochistan,Kharif_2018,kharif,mango,26.215,66.6933,0.0718,0.05,-0.1598,0.0774,0.359,0.1937,0.0186,0.0387,0.1012,31.7,270.3,22.6,Diseased
BL13,Jaffarabad,Balochistan,Kharif_2018,kharif,cotton,28.8958,68.2706,0.0775,0.0676,-0.2109,0.0843,0.388,0.1836,0.0298,0.0306,0.136,28.4,254.9,21.9,Diseased
BL18,Nasirabad,Balochistan,Kharif_2018,kharif,cotton,28.4167,68.3833,0.0982,0.0834,-0.2069,0.1121,0.491,0.1511,0.248,0.065,0.6725,31.2,303.3,22.0,Diseased
BL22,Ziarat,Balochistan,Kharif_2018,kharif,mango,30.3819,67.7244,0.1993,0.1441,-0.2835,0.2087,0.997,0.1256,0.0263,0.1558,0.2419,31.4,305.3,20.8,Stressed
BL21,Washuk,Balochistan,Kharif_2018,kharif,wheat,27.5,64.0,0.0472,0.0382,-0.1436,0.0394,0.236,0.2226,0.0095,0.0259,0.0602,31.7,252.2,22.9,Diseased
KP01,Peshawar,KPK,Kharif_2018,kharif,wheat,34.015,71.5249,0.2518,0.1717,-0.3318,0.2669,1.259,0.0831,0.0574,0.1749,0.3573,28.8,257.0,20.1,Healthy
BL19,Nushki,Balochistan,Kharif_2018,kharif,wheat,29.5533,66.0211,0.0811,0.073,-0.1696,0.0793,0.405,0.1384,0.0166,0.051,0.1199,29.3,232.0,22.5,Diseased
KP02,Mardan,KPK,Kharif_2018,kharif,sugarcane,34.1986,72.0404,0.2659,0.1812,-0.314,0.2854,1.329,0.0723,0.0585,0.1469,0.3905,29.9,360.5,20.4,Healthy
KP03,Swat,KPK,Kharif_2018,kharif,rice,35.2227,72.4258,0.4681,0.2696,-0.4628,0.4868,2.34,-0.0501,0.1547,0.1799,0.6385,28.2,236.0,18.2,Healthy
BL20,Panjgur,Balochistan,Kharif_2018,kharif,wheat,26.9686,64.0994,0.0829,0.073,-0.1681,0.0877,0.415,0.1511,0.0136,0.0598,0.1123,32.4,270.2,22.5,Diseased
KP04,Charsadda,KPK,Kharif_2018,kharif,wheat,34.145,71.7305,0.2578,0.1744,-0.3116,0.2703,1.289,0.088,0.0617,0.1727,0.3732,27.7,328.9,20.4,Healthy
KP06,Abbottabad,KPK,Kharif_2018,kharif,wheat,34.1558,73.2194,0.4433,0.2537,-0.4595,0.4573,2.216,0.0158,0.0503,0.3867,0.543,30.7,303.4,18.3,Healthy
KP07,Dera Ismail Khan,KPK,Kharif_2018,kharif,wheat,31.8319,70.9018,0.0852,0.0656,-0.175,0.1037,0.426,0.142,0.0206,0.0438,0.1207,29.8,241.5,22.4,Diseased
KP09,Battagram,KPK,Kharif_2018,kharif,rice,34.6825,73.0253,0.3409,0.2019,-0.3908,0.3483,1.704,0.0888,0.0515,0.2976,0.4281,27.6,306.1,19.3,Healthy
KP08,Bannu,KPK,Kharif_2018,kharif,wheat,32.9892,70.6017,0.168,0.1219,-0.2468,0.1771,0.84,0.1158,0.0357,0.116,0.2368,28.7,352.9,21.4,Stressed
KP10,Buner,KPK,Kharif_2018,kharif,wheat,34.5133,72.5006,0.3835,0.2308,-0.4412,0.3989,1.918,0.0446,0.1289,0.2232,0.6139,31.5,272.1,18.5,Healthy
KP11,Chitral,KPK,Kharif_2018,kharif,mango,35.8511,71.7864,0.2844,0.1988,-0.3002,0.2856,1.422,-0.0194,0.0787,0.1607,0.4151,34.1,269.6,20.6,Healthy
KP05,Nowshera,KPK,Kharif_2018,kharif,sugarcane,34.0153,71.9747,0.1557,0.1103,-0.2154,0.1668,0.778,0.0832,0.0656,0.0346,0.3033,31.8,296.3,21.8,Stressed
KP12,Dir Lower,KPK,Kharif_2018,kharif,rice,34.7397,71.9006,0.2784,0.177,-0.3863,0.2933,1.392,0.1432,0.1214,0.1762,0.5145,30.2,243.2,19.3,Healthy
KP13,Hangu,KPK,Kharif_2018,kharif,wheat,33.5308,71.0586,0.3032,0.2006,-0.3587,0.3203,1.516,0.0852,0.0615,0.1905,0.4034,29.4,266.2,19.7,Healthy
KP16,Kohat,KPK,Kharif_2018,kharif,wheat,33.5869,71.4414,0.2656,0.1831,-0.3222,0.2865,1.328,0.0795,0.0463,0.1717,0.3449,29.9,289.7,20.3,Healthy
KP14,Haripur,KPK,Kharif_2018,kharif,sugarcane,33.9942,72.9317,0.2753,0.1802,-0.3154,0.2911,1.376,0.0597,0.0731,0.1289,0.4111,29.1,400.0,20.4,Healthy
KP17,Lakki Marwat,KPK,Kharif_2018,kharif,wheat,32.6072,70.9122,0.1508,0.1133,-0.2347,0.1628,0.754,0.1265,0.0397,0.1026,0.2301,25.7,259.5,21.5,Stressed
KP15,Karak,KPK,Kharif_2018,kharif,wheat,33.1169,71.0944,0.1504,0.113,-0.245,0.1624,0.752,0.1315,0.0438,0.1062,0.2402,31.6,279.6,21.4,Stressed
KP19,Mansehra,KPK,Kharif_2018,kharif,wheat,34.3297,73.2003,0.1956,0.1319,-0.2541,0.2056,0.978,0.0952,0.0344,0.1554,0.2517,30.3,232.4,21.3,Stressed
KP18,Malakand,KPK,Kharif_2018,kharif,rice,34.5653,71.9306,0.4605,0.2635,-0.4725,0.4703,2.302,-0.0115,0.1109,0.2617,0.6008,33.4,279.1,18.1,Healthy
KP22,Tank,KPK,Kharif_2018,kharif,wheat,32.2167,70.3833,0.1815,0.1372,-0.2685,0.1956,0.908,0.1221,0.0436,0.1014,0.255,28.4,199.7,21.1,Stressed
KP20,Shangla,KPK,Kharif_2018,kharif,rice,34.9167,72.8333,0.5432,0.3317,-0.5529,0.5577,2.716,-0.009,0.081,0.4477,0.692,30.6,250.3,16.9,Healthy
KP23,Tor Ghar,KPK,Kharif_2018,kharif,rice,34.7167,73.0833,0.5002,0.2997,-0.5338,0.5169,2.501,0.008,0.1304,0.2821,0.6244,26.4,283.3,17.2,Healthy
KP21,Swabi,KPK,Kharif_2018,kharif,sugarcane,34.12,72.47,0.2778,0.1825,-0.3341,0.2972,1.389,0.0869,0.0848,0.1607,0.4691,29.1,179.9,20.1,Healthy
PB02,Faisalabad,Punjab,Rabi_2019,rabi,cotton,31.4187,73.0791,0.1535,0.0869,-0.2155,0.1538,0.768,0.0724,0.0499,0.0136,0.2166,17.4,93.5,21.8,Diseased
PB05,Rawalpindi,Punjab,Rabi_2019,rabi,wheat,33.5651,73.0169,0.1815,0.1213,-0.241,0.1824,0.908,0.0839,0.0497,0.1098,0.2802,15.9,167.7,21.5,Stressed
PB01,Lahore,Punjab,Rabi_2019,rabi,wheat,31.5204,74.3587,0.2191,0.1341,-0.2619,0.2239,1.096,0.046,0.0514,0.1232,0.3104,17.4,131.0,21.1,Healthy
PB06,Sialkot,Punjab,Rabi_2019,rabi,rice,32.4945,74.5229,0.152,0.0891,-0.2084,0.1568,0.76,0.0849,0.0391,0.0228,0.2367,17.3,82.7,21.9,Stressed
PB03,Multan,Punjab,Rabi_2019,rabi,wheat,30.1978,71.4711,0.0991,0.0694,-0.1848,0.1039,0.495,0.1101,0.0222,0.049,0.1373,18.2,112.1,22.3,Diseased
PB07,Bahawalpur,Punjab,Rabi_2019,rabi,cotton,29.3956,71.6836,0.2054,0.1434,-0.2635,0.2135,1.027,0.0764,0.0426,0.1124,0.2768,19.9,120.6,21.1,Healthy
PB04,Gujranwala,Punjab,Rabi_2019,rabi,rice,32.1877,74.1945,0.1715,0.1039,-0.2351,0.1708,0.858,0.0701,0.0512,0.0295,0.2683,19.7,127.0,21.5,Stressed
PB08,Sargodha,Punjab,Rabi_2019,rabi,wheat,32.0836,72.6711,0.1821,0.1073,-0.2592,0.183,0.91,0.0919,0.0357,0.124,0.2514,18.6,130.3,21.2,Stressed
PB11,Jhang,Punjab,Rabi_2019,rabi,wheat,31.2681,72.3181,0.1596,0.0996,-0.2364,0.1655,0.798,0.0958,0.0404,0.0677,0.2201,20.5,89.3,21.5,Stressed
PB09,Sahiwal,Punjab,Rabi_2019,rabi,sugarcane,30.6706,73.1064,0.2595,0.164,-0.3078,0.2652,1.298,0.0466,0.0619,0.0824,0.3624,19.2,123.6,20.5,Healthy
PB10,Rahim Yar Khan,Punjab,Rabi_2019,rabi,cotton,28.4202,70.2952,0.1492,0.1038,-0.2276,0.1483,0.746,0.0974,0.031,0.0895,0.2054,21.2,122.3,21.6,Diseased
PB12,Sheikhupura,Punjab,Rabi_2019,rabi,rice,31.7167,73.985,0.1844,0.1114,-0.2488,0.1837,0.922,0.0682,0.0585,0.016,0.284,19.1,143.0,21.3,Stressed
PB14,Pakpattan,Punjab,Rabi_2019,rabi,cotton,30.3436,73.3873,0.1372,0.0977,-0.2062,0.1394,0.686,0.0991,0.0325,0.0653,0.2033,19.7,123.1,22.0,Diseased
PB13,Okara,Punjab,Rabi_2019,rabi,wheat,30.8107,73.4597,0.1233,0.0803,-0.2033,0.1248,0.616,0.112,0.0356,0.0582,0.2322,17.8,112.5,22.0,Diseased
PB15,Attock,Punjab,Rabi_2019,rabi,wheat,33.7667,72.3667,0.2755,0.1693,-0.3244,0.2808,1.377,0.0758,0.071,0.0992,0.4008,19.1,138.5,20.2,Healthy
PB16,Bahawalnagar,Punjab,Rabi_2019,rabi,cotton,29.9958,73.2531,0.1547,0.108,-0.2221,0.1579,0.773,0.0958,0.0323,0.0707,0.2164,19.5,126.3,21.7,Stressed
PB19,DG Khan,Punjab,Rabi_2019,rabi,wheat,30.0496,70.6358,0.1794,0.1213,-0.2439,0.1787,0.897,0.0761,0.0352,0.1142,0.2432,17.0,122.9,21.4,Stressed
PB20,Gujrat,Punjab,Rabi_2019,rabi,rice,32.5736,74.0789,0.1248,0.077,-0.1797,0.1303,0.624,0.0787,0.0327,0.0698,0.1989,19.5,127.8,22.3,Diseased
PB17,Chakwal,Punjab,Rabi_2019,rabi,wheat,32.9328,72.8553,0.1774,0.1107,-0.2475,0.1786,0.887,0.1004,0.0424,0.1156,0.2581,18.7,141.5,21.4,Stressed
PB18,Chiniot,Punjab,Rabi_2019,rabi,sugarcane,31.7192,72.9783,0.1451,0.0848,-0.2304,0.149,0.726,0.1003,0.0475,-0.0105,0.2013,19.5,72.2,21.6,Diseased
PB21,Hafizabad,Punjab,Rabi_2019,rabi,rice,32.0708,73.6886,0.1437,0.0869,-0.214,0.1411,0.719,0.0759,0.0461,0.0405,0.2181,18.5,110.1,21.8,Diseased
PB24,Khushab,Punjab,Rabi_2019,rabi,wheat,32.2989,72.3522,0.1925,0.1207,-0.2659,0.1911,0.963,0.0808,0.0405,0.1258,0.2668,19.8,132.8,21.1,Stressed
PB22,Kasur,Punjab,Rabi_2019,rabi,rice,31.1181,74.4503,0.1293,0.0803,-0.1996,0.1283,0.647,0.105,0.0282,0.072,0.1798,18.0,104.5,22.1,Diseased
PB23,Khanewal,Punjab,Rabi_2019,rabi,wheat,30.3014,71.9322,0.2356,0.1611,-0.2993,0.2425,1.178,0.061,0.0619,0.1066,0.3535,20.2,83.7,20.6,Healthy
PB25,Layyah,Punjab,Rabi_2019,rabi,cotton,30.9617,70.9439,0.1313,0.0904,-0.1951,0.1299,0.656,0.0877,0.0336,0.0575,0.1915,19.6,107.3,22.1,Diseased
PB27,Mandi Bahauddin,Punjab,Rabi_2019,rabi,sugarcane,32.5864,73.4917,0.19,0.1156,-0.2499,0.192,0.95,0.0722,0.0422,0.1225,0.2591,17.1,111.8,21.3,Stressed
PB28,Mianwali,Punjab,Rabi_2019,rabi,wheat,32.5853,71.5436,0.2696,0.1702,-0.3204,0.2747,1.348,0.0586,0.0565,0.1751,0.3844,18.6,122.6,20.3,Healthy
PB26,Lodhran,Punjab,Rabi_2019,rabi,wheat,29.5333,71.6333,0.1802,0.1335,-0.2449,0.1787,0.901,0.0859,0.0403,0.108,0.2542,19.4,102.1,21.4,Stressed
PB31,Toba Tek Singh,Punjab,Rabi_2019,rabi,sugarcane,30.9667,72.4833,0.2716,0.1775,-0.328,0.2734,1.358,0.0416,0.0691,0.1518,0.3806,21.8,109.2,20.2,Healthy
PB30,Narowal,Punjab,Rabi_2019,rabi,rice,32.1003,74.8753,0.1831,0.1074,-0.2421,0.1864,0.915,0.0773,0.057,0.0561,0.2861,17.9,129.0,21.4,Stressed
PB29,Muzaffargarh,Punjab,Rabi_2019,rabi,cotton,30.0736,71.1925,0.1461,0.1046,-0.2177,0.146,0.73,0.0848,0.0316,0.0749,0.213,18.2,120.7,21.8,Diseased
PB32,Vehari,Punjab,Rabi_2019,rabi,cotton,30.0442,72.3514,0.1832,0.1263,-0.2524,0.1897,0.916,0.0953,0.0368,0.1089,0.249,19.3,114.5,21.3,Stressed
PB33,Jhelum,Punjab,Rabi_2019,rabi,wheat,32.9425,73.7258,0.2444,0.1407,-0.2955,0.2553,1.222,0.0645,0.0567,0.1491,0.3316,20.1,107.6,20.7,Healthy
PB34,Bhakkar,Punjab,Rabi_2019,rabi,wheat,31.6267,71.0617,0.1489,0.0987,-0.2186,0.1447,0.745,0.091,0.0322,0.09,0.2095,20.1,117.1,21.8,Diseased
SD02,Hyderabad,Sindh,Rabi_2019,rabi,wheat,25.396,68.3578,0.2192,0.1587,-0.2755,0.2103,1.096,0.0707,0.0452,0.1281,0.3018,18.9,115.3,21.0,Healthy
SD03,Sukkur,Sindh,Rabi_2019,rabi,wheat,27.7052,68.857,0.1413,0.104,-0.2287,0.1444,0.706,0.1082,0.027,0.0824,0.1871,19.7,118.2,21.6,Diseased
SD01,Karachi,Sindh,Rabi_2019,rabi,cotton,24.8607,67.0011,0.079,0.0564,-0.1597,0.0816,0.395,0.1226,0.0265,0.0079,0.1544,21.4,91.8,22.6,Diseased
SD05,Nawabshah,Sindh,Rabi_2019,rabi,sugarcane,26.2442,68.4099,0.1297,0.0971,-0.2136,0.1345,0.648,0.114,0.0264,0.0769,0.178,18.3,103.8,21.9,Diseased
SD07,Khairpur,Sindh,Rabi_2019,rabi,sugarcane,27.5297,68.7592,0.1633,0.1169,-0.2343,0.1654,0.817,0.09,0.0436,0.0864,0.2341,15.6,110.1,21.6,Stressed
SD06,Mirpurkhas,Sindh,Rabi_2019,rabi,rice,25.5281,69.0092,0.1841,0.1259,-0.2669,0.1832,0.921,0.0977,0.0353,0.1192,0.265,20.6,119.1,21.1,Stressed
SD09,Badin,Sindh,Rabi_2019,rabi,rice,24.6556,68.8383,0.1713,0.1175,-0.2577,0.1667,0.857,0.1084,0.0366,0.096,0.2413,17.8,116.5,21.2,Stressed
SD08,Jacobabad,Sindh,Rabi_2019,rabi,wheat,28.2769,68.4514,0.1313,0.0979,-0.2155,0.1317,0.656,0.112,0.0246,0.0716,0.1723,18.8,121.9,21.8,Diseased
SD04,Larkana,Sindh,Rabi_2019,rabi,rice,27.557,68.2138,0.12,0.0919,-0.1971,0.1217,0.6,0.1037,0.0263,0.0631,0.1639,15.9,119.9,22.1,Diseased
SD10,Dadu,Sindh,Rabi_2019,rabi,wheat,26.7317,67.7753,0.1414,0.1052,-0.2238,0.1415,0.707,0.1022,0.0294,0.0872,0.2169,20.4,92.5,21.7,Diseased
SD11,Ghotki,Sindh,Rabi_2019,rabi,cotton,28.0033,69.3161,0.1614,0.1139,-0.2382,0.1671,0.807,0.0963,0.0316,0.0921,0.2237,18.2,73.1,21.5,Stressed
SD14,Matiari,Sindh,Rabi_2019,rabi,sugarcane,25.5975,68.4608,0.4551,0.3083,-0.4528,0.4575,2.276,-0.0696,0.1504,0.2194,0.6821,16.3,129.3,18.4,Healthy
SD13,Kashmore,Sindh,Rabi_2019,rabi,wheat,28.4475,69.5675,0.374,0.2359,-0.4027,0.3769,1.87,-0.0188,0.2043,0.0656,0.66,22.3,108.9,19.1,Healthy
SD15,Naushahro Feroze,Sindh,Rabi_2019,rabi,sugarcane,26.8414,68.1175,0.236,0.1783,-0.2939,0.2412,1.18,0.0597,0.0736,0.1004,0.3484,19.4,114.8,20.7,Healthy
SD16,Sanghar,Sindh,Rabi_2019,rabi,cotton,26.0464,68.9486,0.1728,0.1208,-0.2557,0.1769,0.864,0.1092,0.0419,0.1033,0.2493,20.6,152.0,21.2,Stressed
SD17,Shikarpur,Sindh,Rabi_2019,rabi,wheat,27.9569,68.6381,0.1255,0.0919,-0.2101,0.1222,0.627,0.1155,0.0222,0.0724,0.167,20.5,109.9,21.9,Diseased
SD12,Kamber,Sindh,Rabi_2019,rabi,wheat,27.5861,68.0017,0.1273,0.0943,-0.2053,0.1254,0.637,0.1073,0.0413,0.0379,0.2614,20.3,143.7,22.0,Diseased
SD18,Tando Allahyar,Sindh,Rabi_2019,rabi,rice,25.4661,68.7178,0.1853,0.1305,-0.2598,0.1892,0.926,0.0906,0.0419,0.1134,0.2625,18.7,136.0,21.2,Stressed
SD20,Umerkot,Sindh,Rabi_2019,rabi,wheat,25.3619,69.7358,0.169,0.1272,-0.2571,0.1692,0.845,0.1104,0.0365,0.0972,0.2506,16.4,124.8,21.2,Stressed
BL01,Quetta,Balochistan,Rabi_2019,rabi,wheat,30.1798,66.975,0.0768,0.0586,-0.161,0.0806,0.384,0.1288,0.0246,0.0389,0.1407,21.8,84.2,22.6,Diseased
SD19,Thatta,Sindh,Rabi_2019,rabi,cotton,24.7461,67.9239,0.1669,0.1202,-0.2515,0.1648,0.834,0.1134,0.0314,0.1088,0.2346,16.9,101.6,21.3,Stressed
BL03,Khuzdar,Balochistan,Rabi_2019,rabi,mango,27.8,66.6167,0.135,0.1104,-0.2192,0.1353,0.675,0.1112,0.0412,0.0804,0.2239,18.9,100.8,21.8,Diseased
BL04,Loralai,Balochistan,Rabi_2019,rabi,wheat,30.3724,68.5989,0.0992,0.0836,-0.1898,0.0959,0.496,0.1368,0.0197,0.0645,0.1514,20.4,130.4,22.2,Diseased
BL02,Turbat,Balochistan,Rabi_2019,rabi,wheat,26.0021,63.0621,0.1468,0.1243,-0.2051,0.1402,0.734,0.1021,0.0273,0.0919,0.2063,20.6,141.1,22.0,Stressed
BL05,Zhob,Balochistan,Rabi_2019,rabi,wheat,31.3417,69.4486,0.1211,0.0821,-0.207,0.1156,0.606,0.1289,0.025,0.0757,0.1799,20.6,116.6,21.9,Diseased
BL06,Mastung,Balochistan,Rabi_2019,rabi,mango,29.797,66.846,0.1115,0.0863,-0.2141,0.1156,0.557,0.1412,0.0412,0.0633,0.237,19.9,104.6,21.8,Diseased
BL09,Kalat,Balochistan,Rabi_2019,rabi,wheat,29.0228,66.5906,0.1508,0.1127,-0.2534,0.1587,0.754,0.1276,0.0456,0.1009,0.2695,18.7,122.2,21.3,Stressed
BL08,Pishin,Balochistan,Rabi_2019,rabi,wheat,30.5817,66.9956,0.1085,0.0821,-0.2116,0.1109,0.543,0.1446,0.0466,0.0567,0.2405,19.8,115.5,21.9,Diseased
BL07,Sibi,Balochistan,Rabi_2019,rabi,cotton,29.5432,67.8772,0.2049,0.1519,-0.2865,0.2057,1.024,0.095,0.0389,0.1335,0.283,17.3,103.1,20.8,Healthy
BL10,Gwadar,Balochistan,Rabi_2019,rabi,mango,25.1264,62.3255,-0.1592,-0.0178,0.2081,-0.1767,-0.796,-0.0184,0.1071,-0.3689,0.0621,17.9,100.7,28.0,Diseased
BL12,Dera Bugti,Balochistan,Rabi_2019,rabi,wheat,29.0367,69.1583,0.2077,0.1646,-0.3055,0.2099,1.038,0.1229,0.0425,0.1383,0.297,21.1,110.2,20.5,Healthy
BL11,Chagai,Balochistan,Rabi_2019,rabi,wheat,29.1089,64.7983,0.0562,0.0439,-0.1658,0.0431,0.281,0.1669,0.0082,0.0402,0.0706,20.6,124.2,22.6,Diseased
BL14,Jhal Magsi,Balochistan,Rabi_2019,rabi,wheat,28.2833,67.7333,0.0732,0.0543,-0.1871,0.0699,0.366,0.1702,0.0446,-0.0635,0.1068,17.1,138.2,22.2,Diseased
BL16,Lasbela,Balochistan,Rabi_2019,rabi,mango,26.215,66.6933,0.0794,0.051,-0.1657,0.0794,0.397,0.1976,0.0195,0.0381,0.1185,20.3,127.4,22.6,Diseased
BL13,Jaffarabad,Balochistan,Rabi_2019,rabi,cotton,28.8958,68.2706,0.1079,0.089,-0.2388,0.0987,0.539,0.1704,0.0285,0.0582,0.1708,19.5,99.7,21.5,Diseased
BL15,Kharan,Balochistan,Rabi_2019,rabi,wheat,28.5833,65.4167,0.0824,0.0707,-0.167,0.0788,0.412,0.1402,0.0173,0.0343,0.1189,19.1,97.2,22.5,Diseased
BL18,Nasirabad,Balochistan,Rabi_2019,rabi,cotton,28.4167,68.3833,0.3357,0.2259,-0.403,0.3443,1.679,0.0552,0.1633,0.1033,0.645,18.1,145.0,19.1,Healthy
BL17,Musakhel,Balochistan,Rabi_2019,rabi,wheat,30.6983,69.8361,0.1166,0.0701,-0.2146,0.1123,0.583,0.2276,0.0225,0.089,0.183,19.4,139.1,21.8,Diseased
BL20,Panjgur,Balochistan,Rabi_2019,rabi,wheat,26.9686,64.0994,0.0869,0.0727,-0.1688,0.0869,0.434,0.1515,0.0143,0.0611,0.1194,17.7,137.3,22.5,Diseased
BL21,Washuk,Balochistan,Rabi_2019,rabi,wheat,27.5,64.0,0.048,0.0358,-0.1406,0.0356,0.24,0.2255,0.018,-0.0015,0.0819,17.0,116.9,22.9,Diseased
BL22,Ziarat,Balochistan,Rabi_2019,rabi,mango,30.3819,67.7244,0.1653,0.1119,-0.2595,0.1709,0.826,0.1278,0.0716,-0.004,0.2523,19.9,77.2,21.2,Stressed
BL19,Nushki,Balochistan,Rabi_2019,rabi,wheat,29.5533,66.0211,0.0839,0.0707,-0.1673,0.0781,0.419,0.1348,0.0212,0.0345,0.1398,19.5,112.3,22.5,Diseased
KP01,Peshawar,KPK,Rabi_2019,rabi,wheat,34.015,71.5249,0.2537,0.1675,-0.3147,0.2571,1.269,0.0439,0.0664,0.1592,0.3776,17.3,122.7,20.4,Healthy
KP04,Charsadda,KPK,Rabi_2019,rabi,wheat,34.145,71.7305,0.2464,0.155,-0.2839,0.2471,1.232,0.0647,0.072,0.1159,0.3678,20.6,160.9,20.8,Healthy
KP02,Mardan,KPK,Rabi_2019,rabi,sugarcane,34.1986,72.0404,0.2259,0.1419,-0.2651,0.2317,1.13,0.0608,0.072,0.1036,0.3839,17.1,127.1,21.1,Healthy
KP06,Abbottabad,KPK,Rabi_2019,rabi,wheat,34.1558,73.2194,0.3579,0.1951,-0.4088,0.3672,1.79,0.0461,0.0929,0.2469,0.5674,18.9,130.4,19.0,Healthy
KP05,Nowshera,KPK,Rabi_2019,rabi,sugarcane,34.0153,71.9747,0.1651,0.1136,-0.2017,0.158,0.826,0.0389,0.0655,0.0476,0.3053,18.5,143.6,22.0,Stressed
KP03,Swat,KPK,Rabi_2019,rabi,rice,35.2227,72.4258,0.1363,0.1242,-0.0769,0.1339,0.681,-0.3374,0.1205,0.0035,0.4403,18.8,127.0,23.8,Diseased
KP09,Battagram,KPK,Rabi_2019,rabi,rice,34.6825,73.0253,0.2785,0.1516,-0.3455,0.2821,1.392,0.0952,0.0869,0.1743,0.4742,18.3,152.2,19.9,Healthy
KP08,Bannu,KPK,Rabi_2019,rabi,wheat,32.9892,70.6017,0.1875,0.1189,-0.2643,0.1843,0.937,0.1005,0.042,0.1299,0.2847,18.5,126.6,21.1,Stressed
KP07,Dera Ismail Khan,KPK,Rabi_2019,rabi,wheat,31.8319,70.9018,0.0962,0.0658,-0.1791,0.0955,0.481,0.1257,0.0193,0.0567,0.1323,18.6,93.7,22.4,Diseased
KP10,Buner,KPK,Rabi_2019,rabi,wheat,34.5133,72.5006,0.5238,0.2787,-0.52,0.5295,2.619,-0.0743,0.1674,0.2347,0.7485,20.9,133.0,17.4,Healthy
KP11,Chitral,KPK,Rabi_2019,rabi,mango,35.8511,71.7864,0.1063,0.0674,-0.1341,0.0992,0.531,0.0266,0.0986,-0.0155,0.411,19.8,140.0,23.0,Diseased
KP12,Dir Lower,KPK,Rabi_2019,rabi,rice,34.7397,71.9006,0.3752,0.1954,-0.4337,0.3784,1.876,0.057,0.1893,0.1855,0.7674,21.1,151.8,18.6,Healthy
KP15,Karak,KPK,Rabi_2019,rabi,wheat,33.1169,71.0944,0.1801,0.1192,-0.2769,0.1749,0.901,0.1168,0.0368,0.1088,0.2391,20.3,104.8,20.9,Stressed
KP14,Haripur,KPK,Rabi_2019,rabi,sugarcane,33.9942,72.9317,0.2659,0.1675,-0.3043,0.2751,1.33,0.0502,0.0551,0.1705,0.3742,21.5,139.2,20.5,Healthy
KP13,Hangu,KPK,Rabi_2019,rabi,wheat,33.5308,71.0586,0.2765,0.1584,-0.3473,0.2781,1.382,0.0988,0.0571,0.199,0.3939,18.1,120.0,19.9,Healthy
KP17,Lakki Marwat,KPK,Rabi_2019,rabi,wheat,32.6072,70.9122,0.2111,0.1413,-0.2816,0.207,1.056,0.0842,0.0471,0.096,0.2777,21.7,115.3,20.9,Healthy
KP16,Kohat,KPK,Rabi_2019,rabi,wheat,33.5869,71.4414,0.2515,0.1575,-0.3122,0.2576,1.258,0.079,0.0449,0.1751,0.3358,20.4,124.8,20.4,Healthy
KP19,Mansehra,KPK,Rabi_2019,rabi,wheat,34.3297,73.2003,0.1745,0.1056,-0.2421,0.1787,0.872,0.1023,0.0513,0.1143,0.2888,21.4,108.6,21.4,Stressed
KP22,Tank,KPK,Rabi_2019,rabi,wheat,32.2167,70.3833,0.2054,0.1417,-0.2857,0.2007,1.027,0.1081,0.0365,0.1421,0.2768,19.0,86.8,20.8,Stressed
KP23,Tor Ghar,KPK,Rabi_2019,rabi,rice,34.7167,73.0833,0.4397,0.2317,-0.5022,0.4495,2.198,0.0372,0.164,0.0566,0.6861,19.6,133.2,17.6,Healthy
KP18,Malakand,KPK,Rabi_2019,rabi,rice,34.5653,71.9306,0.4465,0.2151,-0.462,0.4515,2.233,-0.0245,0.07,0.3219,0.6145,19.5,136.9,18.2,Healthy
KP20,Shangla,KPK,Rabi_2019,rabi,rice,34.9167,72.8333,0.5109,0.2072,-0.533,0.5195,2.554,-0.0243,0.1644,0.1844,0.8014,17.2,133.7,17.2,Healthy
KP21,Swabi,KPK,Rabi_2019,rabi,sugarcane,34.12,72.47,0.3411,0.2148,-0.3558,0.3477,1.706,-0.0055,0.1016,0.1478,0.5015,19.1,117.9,19.8,Healthy
PB01,Lahore,Punjab,Kharif_2019,kharif,wheat,31.5204,74.3587,0.2362,0.1743,-0.2762,0.2579,1.181,0.0547,0.0728,0.0493,0.3683,32.6,310.5,20.9,Healthy
PB04,Gujranwala,Punjab,Kharif_2019,kharif,rice,32.1877,74.1945,0.1526,0.109,-0.2107,0.1704,0.763,0.0869,0.0806,-0.1357,0.2882,30.1,330.9,21.9,Stressed
PB07,Bahawalpur,Punjab,Kharif_2019,kharif,cotton,29.3956,71.6836,0.2127,0.1651,-0.2642,0.2423,1.063,0.0806,0.0443,0.1234,0.2974,31.8,324.3,21.1,Healthy
PB02,Faisalabad,Punjab,Kharif_2019,kharif,cotton,31.4187,73.0791,0.1494,0.1033,-0.2015,0.1717,0.747,0.0776,0.0752,-0.0759,0.2502,28.4,326.7,22.0,Stressed
PB05,Rawalpindi,Punjab,Kharif_2019,kharif,wheat,33.5651,73.0169,0.1813,0.1396,-0.2343,0.2001,0.907,0.0938,0.0537,0.0736,0.2847,30.2,281.0,21.6,Stressed
PB03,Multan,Punjab,Kharif_2019,kharif,wheat,30.1978,71.4711,0.0917,0.0706,-0.1756,0.1198,0.458,0.1265,0.0246,0.0231,0.1355,32.1,336.2,22.4,Diseased
PB06,Sialkot,Punjab,Kharif_2019,kharif,rice,32.4945,74.5229,0.1367,0.0945,-0.1941,0.1609,0.683,0.102,0.0638,-0.1336,0.2444,24.5,311.8,22.1,Diseased
PB08,Sargodha,Punjab,Kharif_2019,kharif,wheat,32.0836,72.6711,0.1676,0.1229,-0.2264,0.1968,0.838,0.0853,0.0533,0.0571,0.2895,29.0,344.3,21.7,Stressed
PB10,Rahim Yar Khan,Punjab,Kharif_2019,kharif,cotton,28.4202,70.2952,0.1431,0.1075,-0.2182,0.1653,0.715,0.1012,0.0391,0.0535,0.2132,33.1,245.1,21.8,Stressed
PB09,Sahiwal,Punjab,Kharif_2019,kharif,sugarcane,30.6706,73.1064,0.2529,0.1824,-0.2969,0.2816,1.265,0.0547,0.0609,0.1316,0.3803,28.9,294.4,20.6,Healthy
PB11,Jhang,Punjab,Kharif_2019,kharif,wheat,31.2681,72.3181,0.1534,0.1127,-0.2205,0.184,0.767,0.0957,0.0433,0.0602,0.2487,31.6,242.1,21.8,Stressed
PB13,Okara,Punjab,Kharif_2019,kharif,wheat,30.8107,73.4597,0.1159,0.0894,-0.1919,0.1382,0.579,0.1214,0.0321,0.0199,0.1785,26.4,346.0,22.2,Diseased
PB14,Pakpattan,Punjab,Kharif_2019,kharif,cotton,30.3436,73.3873,0.1295,0.1053,-0.1947,0.1543,0.648,0.109,0.0353,0.0486,0.2286,26.9,341.1,22.1,Diseased
PB15,Attock,Punjab,Kharif_2019,kharif,wheat,33.7667,72.3667,0.302,0.2158,-0.3408,0.3269,1.51,0.0708,0.0777,0.1193,0.475,28.9,249.5,20.0,Healthy
PB16,Bahawalnagar,Punjab,Kharif_2019,kharif,cotton,29.9958,73.2531,0.1515,0.1207,-0.2129,0.1756,0.757,0.1023,0.0363,0.0685,0.236,32.1,324.5,21.9,Stressed
PB12,Sheikhupura,Punjab,Kharif_2019,kharif,rice,31.7167,73.985,0.1744,0.1236,-0.2358,0.1931,0.872,0.0872,0.0685,-0.0796,0.2999,33.1,307.3,21.5,Stressed
PB17,Chakwal,Punjab,Kharif_2019,kharif,wheat,32.9328,72.8553,0.172,0.1295,-0.2307,0.193,0.86,0.0994,0.0582,0.0472,0.2843,29.6,314.1,21.6,Stressed
PB19,DG Khan,Punjab,Kharif_2019,kharif,wheat,30.0496,70.6358,0.1947,0.1402,-0.2588,0.2177,0.973,0.0925,0.0498,0.0862,0.2812,30.9,324.3,21.2,Stressed
PB18,Chiniot,Punjab,Kharif_2019,kharif,sugarcane,31.7192,72.9783,0.1283,0.0957,-0.1999,0.1566,0.641,0.0979,0.0618,-0.1257,0.2278,28.0,235.1,22.1,Diseased
PB20,Gujrat,Punjab,Kharif_2019,kharif,rice,32.5736,74.0789,0.124,0.0892,-0.1759,0.1494,0.62,0.097,0.0458,-0.0176,0.2136,27.8,268.0,22.4,Diseased
PB21,Hafizabad,Punjab,Kharif_2019,kharif,rice,32.0708,73.6886,0.1412,0.0999,-0.2037,0.1621,0.706,0.0938,0.0669,-0.0444,0.2493,30.4,321.2,22.0,Diseased
PB22,Kasur,Punjab,Kharif_2019,kharif,rice,31.1181,74.4503,0.1272,0.0937,-0.193,0.1461,0.636,0.1179,0.0448,0.0026,0.2047,29.5,223.7,22.2,Diseased
PB24,Khushab,Punjab,Kharif_2019,kharif,wheat,32.2989,72.3522,0.1636,0.1267,-0.2203,0.1914,0.818,0.0891,0.0383,0.0823,0.245,31.3,294.7,21.8,Stressed
PB26,Lodhran,Punjab,Kharif_2019,kharif,wheat,29.5333,71.6333,0.1809,0.1471,-0.2406,0.2034,0.904,0.0956,0.048,0.08,0.2677,29.2,239.6,21.5,Stressed
PB25,Layyah,Punjab,Kharif_2019,kharif,cotton,30.9617,70.9439,0.1224,0.0952,-0.1924,0.148,0.612,0.1161,0.0365,0.0597,0.1978,29.1,295.1,22.2,Diseased
PB27,Mandi Bahauddin,Punjab,Kharif_2019,kharif,sugarcane,32.5864,73.4917,0.1919,0.1314,-0.2449,0.2121,0.959,0.0754,0.0552,0.0974,0.2998,30.8,215.7,21.4,Stressed
PB23,Khanewal,Punjab,Kharif_2019,kharif,wheat,30.3014,71.9322,0.2295,0.1749,-0.2917,0.2599,1.148,0.0756,0.0647,0.1037,0.3766,29.1,167.6,20.7,Healthy
PB30,Narowal,Punjab,Kharif_2019,kharif,rice,32.1003,74.8753,0.1838,0.133,-0.2512,0.2033,0.919,0.0938,0.0707,-0.0009,0.3092,29.3,282.7,21.3,Stressed
PB32,Vehari,Punjab,Kharif_2019,kharif,cotton,30.0442,72.3514,0.1794,0.1397,-0.2429,0.2117,0.897,0.098,0.042,0.1072,0.2699,32.0,297.3,21.4,Stressed
PB28,Mianwali,Punjab,Kharif_2019,kharif,wheat,32.5853,71.5436,0.2276,0.1695,-0.2832,0.2544,1.138,0.0809,0.0709,0.1034,0.3977,30.5,328.4,20.8,Healthy
PB31,Toba Tek Singh,Punjab,Kharif_2019,kharif,sugarcane,30.9667,72.4833,0.2459,0.1782,-0.298,0.2732,1.229,0.0572,0.0864,0.0841,0.407,30.8,246.6,20.6,Healthy
PB33,Jhelum,Punjab,Kharif_2019,kharif,wheat,32.9425,73.7258,0.2455,0.1606,-0.2922,0.2745,1.228,0.0722,0.0723,0.1092,0.3837,29.1,341.3,20.7,Healthy
PB29,Muzaffargarh,Punjab,Kharif_2019,kharif,cotton,30.0736,71.1925,0.144,0.1105,-0.2139,0.1663,0.72,0.0987,0.0391,0.049,0.2353,32.3,266.6,21.8,Stressed
PB34,Bhakkar,Punjab,Kharif_2019,kharif,wheat,31.6267,71.0617,0.1346,0.1034,-0.1998,0.1583,0.673,0.105,0.0414,0.0502,0.219,30.4,255.4,22.1,Diseased
SD02,Hyderabad,Sindh,Kharif_2019,kharif,wheat,25.396,68.3578,0.2071,0.1632,-0.266,0.2218,1.036,0.0799,0.063,0.1019,0.3327,28.3,266.9,21.1,Healthy
SD01,Karachi,Sindh,Kharif_2019,kharif,cotton,24.8607,67.0011,0.0609,0.0492,-0.13,0.0793,0.305,0.1203,0.0302,-0.008,0.1304,28.2,246.7,23.1,Diseased
SD03,Sukkur,Sindh,Kharif_2019,kharif,wheat,27.7052,68.857,0.1322,0.108,-0.2122,0.1544,0.661,0.1108,0.0337,0.0694,0.1962,29.5,323.7,21.9,Diseased
SD04,Larkana,Sindh,Kharif_2019,kharif,rice,27.557,68.2138,0.1136,0.0958,-0.1864,0.1347,0.568,0.1086,0.0325,0.0487,0.1701,30.8,301.9,22.2,Diseased
SD05,Nawabshah,Sindh,Kharif_2019,kharif,sugarcane,26.2442,68.4099,0.1205,0.1007,-0.1937,0.1427,0.602,0.1088,0.0306,0.0593,0.1789,32.5,296.5,22.1,Diseased
SD09,Badin,Sindh,Kharif_2019,kharif,rice,24.6556,68.8383,0.1454,0.1132,-0.2161,0.1634,0.727,0.1064,0.0459,0.08,0.2404,29.5,289.7,21.8,Stressed
SD08,Jacobabad,Sindh,Kharif_2019,kharif,wheat,28.2769,68.4514,0.1203,0.0979,-0.1987,0.1404,0.601,0.1187,0.0342,0.0502,0.1875,28.9,272.5,22.1,Diseased
SD07,Khairpur,Sindh,Kharif_2019,kharif,sugarcane,27.5297,68.7592,0.1529,0.1192,-0.2206,0.1758,0.765,0.0959,0.0494,0.0653,0.2517,29.9,239.8,21.8,Stressed
SD06,Mirpurkhas,Sindh,Kharif_2019,kharif,rice,25.5281,69.0092,0.1758,0.1323,-0.249,0.1958,0.879,0.0967,0.0472,0.0982,0.2807,30.3,222.3,21.3,Stressed
SD10,Dadu,Sindh,Kharif_2019,kharif,wheat,26.7317,67.7753,0.1233,0.1005,-0.2026,0.1421,0.617,0.1106,0.0341,0.0513,0.2126,34.2,273.5,22.0,Diseased
SD11,Ghotki,Sindh,Kharif_2019,kharif,cotton,28.0033,69.3161,0.1607,0.1277,-0.23,0.1839,0.804,0.0937,0.0371,0.0902,0.2421,29.1,250.0,21.6,Stressed
SD13,Kashmore,Sindh,Kharif_2019,kharif,wheat,28.4475,69.5675,0.1897,0.1233,-0.2673,0.2082,0.949,0.0523,0.2084,0.0061,0.635,32.6,324.6,21.1,Stressed
SD14,Matiari,Sindh,Kharif_2019,kharif,sugarcane,25.5975,68.4608,0.471,0.3597,-0.4624,0.4891,2.355,-0.0749,0.1444,0.2471,0.7159,32.6,242.9,18.2,Healthy
SD15,Naushahro Feroze,Sindh,Kharif_2019,kharif,sugarcane,26.8414,68.1175,0.2172,0.1847,-0.2702,0.24,1.086,0.0677,0.0644,0.1061,0.3479,32.6,288.7,21.0,Healthy
SD12,Kamber,Sindh,Kharif_2019,kharif,wheat,27.5861,68.0017,0.1097,0.0886,-0.1875,0.1294,0.549,0.1202,0.0476,0.0253,0.2221,29.9,302.5,22.2,Diseased
SD16,Sanghar,Sindh,Kharif_2019,kharif,cotton,26.0464,68.9486,0.1535,0.1216,-0.2313,0.172,0.767,0.1068,0.0409,0.0909,0.2358,33.7,305.8,21.6,Stressed
SD17,Shikarpur,Sindh,Kharif_2019,kharif,wheat,27.9569,68.6381,0.1142,0.0928,-0.1958,0.131,0.571,0.1211,0.0322,0.0508,0.1841,29.7,268.0,22.1,Diseased
SD18,Tando Allahyar,Sindh,Kharif_2019,kharif,rice,25.4661,68.7178,0.1835,0.1412,-0.2489,0.2049,0.918,0.0824,0.0509,0.1023,0.2828,25.9,297.2,21.3,Stressed
SD19,Thatta,Sindh,Kharif_2019,kharif,cotton,24.7461,67.9239,0.1487,0.1163,-0.2116,0.1643,0.743,0.1073,0.0564,0.0774,0.2674,28.2,294.5,21.9,Stressed
SD20,Umerkot,Sindh,Kharif_2019,kharif,wheat,25.3619,69.7358,0.1436,0.124,-0.2199,0.164,0.718,0.1059,0.0507,0.0567,0.2613,29.5,199.1,21.8,Stressed
BL03,Khuzdar,Balochistan,Kharif_2019,kharif,mango,27.8,66.6167,0.1403,0.13,-0.2106,0.1529,0.702,0.1008,0.0427,0.07,0.2365,34.5,361.6,21.9,Stressed
BL02,Turbat,Balochistan,Kharif_2019,kharif,wheat,26.0021,63.0621,0.1253,0.1154,-0.1799,0.1355,0.626,0.1092,0.0296,0.0643,0.1882,28.4,235.8,22.3,Diseased
BL04,Loralai,Balochistan,Kharif_2019,kharif,wheat,30.3724,68.5989,0.1023,0.0968,-0.1832,0.1116,0.512,0.1309,0.0203,0.0557,0.1584,27.2,289.2,22.3,Diseased
BL01,Quetta,Balochistan,Kharif_2019,kharif,wheat,30.1798,66.975,0.0915,0.0824,-0.1636,0.1016,0.457,0.1142,0.0219,0.0476,0.1473,31.8,373.5,22.6,Diseased
BL05,Zhob,Balochistan,Kharif_2019,kharif,wheat,31.3417,69.4486,0.1306,0.1017,-0.2032,0.1404,0.653,0.1191,0.0281,0.0711,0.1945,30.8,326.9,22.0,Diseased
BL07,Sibi,Balochistan,Kharif_2019,kharif,cotton,29.5432,67.8772,0.1934,0.1616,-0.2658,0.2152,0.967,0.1021,0.0409,0.1016,0.2874,28.6,269.5,21.1,Healthy
BL06,Mastung,Balochistan,Kharif_2019,kharif,mango,29.797,66.846,0.1544,0.1382,-0.2371,0.1659,0.772,0.1092,0.033,0.096,0.2541,31.2,262.1,21.5,Stressed
BL08,Pishin,Balochistan,Kharif_2019,kharif,wheat,30.5817,66.9956,0.1301,0.1145,-0.2183,0.1382,0.65,0.1218,0.0388,0.0717,0.2417,28.5,245.3,21.8,Diseased
BL11,Chagai,Balochistan,Kharif_2019,kharif,wheat,29.1089,64.7983,0.0466,0.0396,-0.1554,0.0448,0.233,0.1679,0.0109,0.0216,0.0644,30.4,207.0,22.7,Diseased
BL09,Kalat,Balochistan,Kharif_2019,kharif,wheat,29.0228,66.5906,0.2151,0.1824,-0.2827,0.2269,1.076,0.0832,0.0408,0.108,0.3029,31.9,238.0,20.8,Healthy
BL12,Dera Bugti,Balochistan,Kharif_2019,kharif,wheat,29.0367,69.1583,0.1784,0.1612,-0.2721,0.2017,0.892,0.1317,0.0537,0.0818,0.35,27.4,355.3,21.0,Stressed
BL10,Gwadar,Balochistan,Kharif_2019,kharif,mango,25.1264,62.3255,-0.0626,0.0076,0.1243,-0.0521,-0.313,0.0454,0.0929,-0.3196,0.0572,31.0,268.6,26.8,Diseased
BL14,Jhal Magsi,Balochistan,Kharif_2019,kharif,wheat,28.2833,67.7333,0.0642,0.0562,-0.1621,0.0841,0.321,0.1714,0.0293,-0.0038,0.1348,34.6,321.5,22.6,Diseased
BL16,Lasbela,Balochistan,Kharif_2019,kharif,mango,26.215,66.6933,0.0911,0.0685,-0.1621,0.1055,0.456,0.1721,0.0474,0.0044,0.1864,31.5,300.5,22.6,Diseased
BL13,Jaffarabad,Balochistan,Kharif_2019,kharif,cotton,28.8958,68.2706,0.0725,0.0656,-0.1986,0.0857,0.363,0.1775,0.0343,0.0099,0.1626,31.2,317.3,22.1,Diseased
BL18,Nasirabad,Balochistan,Kharif_2019,kharif,cotton,28.4167,68.3833,0.1741,0.1239,-0.2456,0.1941,0.87,0.0967,0.2048,0.0294,0.6424,27.9,260.3,21.4,Stressed
BL17,Musakhel,Balochistan,Kharif_2019,kharif,wheat,30.6983,69.8361,0.1705,0.1119,-0.2473,0.1854,0.853,0.1933,0.0441,0.0796,0.3239,31.5,316.8,21.4,Stressed
BL20,Panjgur,Balochistan,Kharif_2019,kharif,wheat,26.9686,64.0994,0.0783,0.071,-0.1574,0.0861,0.391,0.149,0.0185,0.0223,0.1169,33.2,268.9,22.7,Diseased
BL21,Washuk,Balochistan,Kharif_2019,kharif,wheat,27.5,64.0,0.0388,0.0308,-0.1288,0.0359,0.194,0.2223,0.0108,0.0103,0.0533,30.7,259.3,23.1,Diseased
BL19,Nushki,Balochistan,Kharif_2019,kharif,wheat,29.5533,66.0211,0.0788,0.0726,-0.1598,0.0796,0.394,0.1337,0.0203,0.0268,0.1334,31.0,304.9,22.6,Diseased
BL15,Kharan,Balochistan,Kharif_2019,kharif,wheat,28.5833,65.4167,0.0727,0.0676,-0.1553,0.0737,0.363,0.1412,0.0169,0.0247,0.1095,32.8,270.7,22.7,Diseased
KP01,Peshawar,KPK,Kharif_2019,kharif,wheat,34.015,71.5249,0.2254,0.1583,-0.2988,0.251,1.127,0.0804,0.0699,0.0849,0.3545,28.8,219.8,20.6,Healthy
BL22,Ziarat,Balochistan,Kharif_2019,kharif,mango,30.3819,67.7244,0.2415,0.1851,-0.3037,0.2537,1.207,0.0926,0.0393,0.1203,0.3189,29.5,228.6,20.5,Healthy
KP04,Charsadda,KPK,Kharif_2019,kharif,wheat,34.145,71.7305,0.2458,0.1748,-0.2905,0.2677,1.229,0.0837,0.0717,0.1269,0.3955,32.4,319.9,20.7,Healthy
KP03,Swat,KPK,Kharif_2019,kharif,rice,35.2227,72.4258,0.5215,0.2929,-0.4959,0.5396,2.608,-0.082,0.1429,0.1713,0.701,33.2,204.5,17.7,Healthy
KP02,Mardan,KPK,Kharif_2019,kharif,sugarcane,34.1986,72.0404,0.2593,0.1922,-0.2925,0.2864,1.297,0.0608,0.0727,0.0877,0.4427,30.4,213.0,20.7,Healthy
KP06,Abbottabad,KPK,Kharif_2019,kharif,wheat,34.1558,73.2194,0.4984,0.3495,-0.4796,0.5179,2.492,-0.0442,0.0759,0.2985,0.5954,28.5,294.9,18.0,Healthy
KP07,Dera Ismail Khan,KPK,Kharif_2019,kharif,wheat,31.8319,70.9018,0.0818,0.0648,-0.159,0.1082,0.409,0.1398,0.0224,0.0287,0.1202,32.3,198.3,22.6,Diseased
KP05,Nowshera,KPK,Kharif_2019,kharif,sugarcane,34.0153,71.9747,0.1446,0.1117,-0.1876,0.1678,0.723,0.0672,0.0668,0.0052,0.3088,30.4,306.5,22.2,Stressed
KP09,Battagram,KPK,Kharif_2019,kharif,rice,34.6825,73.0253,0.4119,0.2926,-0.421,0.4276,2.06,0.025,0.0709,0.2905,0.5293,35.2,335.2,18.8,Healthy
KP08,Bannu,KPK,Kharif_2019,kharif,wheat,32.9892,70.6017,0.1772,0.1348,-0.2355,0.1971,0.886,0.1015,0.0454,0.09,0.27,31.9,271.6,21.5,Stressed
KP10,Buner,KPK,Kharif_2019,kharif,wheat,34.5133,72.5006,0.4066,0.2477,-0.4529,0.4289,2.033,0.0387,0.1589,0.1877,0.7385,28.6,317.3,18.4,Healthy
KP13,Hangu,KPK,Kharif_2019,kharif,wheat,33.5308,71.0586,0.2902,0.1945,-0.3406,0.3122,1.451,0.0948,0.0682,0.1818,0.4361,30.4,362.8,20.0,Healthy
KP11,Chitral,KPK,Kharif_2019,kharif,mango,35.8511,71.7864,0.2941,0.1923,-0.3131,0.2973,1.471,-0.011,0.0894,0.1392,0.4749,32.3,298.2,20.4,Healthy
KP16,Kohat,KPK,Kharif_2019,kharif,wheat,33.5869,71.4414,0.2524,0.1812,-0.305,0.2793,1.262,0.0796,0.0499,0.1377,0.3393,30.9,269.8,20.5,Healthy
KP15,Karak,KPK,Kharif_2019,kharif,wheat,33.1169,71.0944,0.166,0.1269,-0.2398,0.1861,0.83,0.11,0.0527,0.0648,0.2799,27.2,293.5,21.5,Stressed
KP12,Dir Lower,KPK,Kharif_2019,kharif,rice,34.7397,71.9006,0.3932,0.2522,-0.4412,0.4148,1.966,0.0579,0.1273,0.1857,0.6453,29.2,204.2,18.5,Healthy
KP17,Lakki Marwat,KPK,Kharif_2019,kharif,wheat,32.6072,70.9122,0.1452,0.1133,-0.2102,0.1682,0.726,0.1169,0.0499,0.0551,0.2507,30.4,261.4,21.9,Stressed
KP14,Haripur,KPK,Kharif_2019,kharif,sugarcane,33.9942,72.9317,0.2729,0.2051,-0.298,0.2994,1.364,0.0508,0.0626,0.1427,0.3994,31.2,303.2,20.6,Healthy
KP19,Mansehra,KPK,Kharif_2019,kharif,wheat,34.3297,73.2003,0.2155,0.1612,-0.2522,0.2371,1.078,0.0764,0.0503,0.1344,0.3183,29.1,256.5,21.3,Healthy
KP22,Tank,KPK,Kharif_2019,kharif,wheat,32.2167,70.3833,0.1992,0.1546,-0.264,0.2198,0.996,0.1055,0.0505,0.1138,0.3119,30.2,251.2,21.1,Healthy
KP20,Shangla,KPK,Kharif_2019,kharif,rice,34.9167,72.8333,0.5971,0.4601,-0.5521,0.6148,2.986,-0.0793,0.0848,0.3695,0.7248,31.8,280.1,16.9,Healthy
KP23,Tor Ghar,KPK,Kharif_2019,kharif,rice,34.7167,73.0833,0.6745,0.4787,-0.6152,0.6845,3.373,-0.1344,0.0951,0.4779,0.7856,29.8,306.3,16.0,Healthy
KP18,Malakand,KPK,Kharif_2019,kharif,rice,34.5653,71.9306,0.4338,0.2659,-0.4293,0.454,2.169,-0.0066,0.1038,0.2083,0.6372,32.3,328.2,18.7,Healthy
KP21,Swabi,KPK,Kharif_2019,kharif,sugarcane,34.12,72.47,0.283,0.2024,-0.3247,0.3099,1.415,0.0721,0.0967,0.1318,0.5,30.6,302.9,20.2,Healthy
PB05,Rawalpindi,Punjab,Rabi_2020,rabi,wheat,33.5651,73.0169,0.1743,0.1134,-0.2302,0.1733,0.871,0.0793,0.0484,0.0851,0.2664,18.4,84.5,21.6,Stressed
PB03,Multan,Punjab,Rabi_2020,rabi,wheat,30.1978,71.4711,0.1066,0.0735,-0.1859,0.1144,0.533,0.1122,0.032,0.01,0.1575,17.8,144.0,22.3,Diseased
PB04,Gujranwala,Punjab,Rabi_2020,rabi,rice,32.1877,74.1945,0.1903,0.1179,-0.234,0.1937,0.952,0.0579,0.0403,0.1141,0.2713,18.4,85.1,21.6,Stressed
PB02,Faisalabad,Punjab,Rabi_2020,rabi,cotton,31.4187,73.0791,0.1714,0.0939,-0.2299,0.1748,0.857,0.0773,0.0388,0.1128,0.2441,18.2,75.6,21.6,Stressed
PB08,Sargodha,Punjab,Rabi_2020,rabi,wheat,32.0836,72.6711,0.1951,0.1107,-0.2666,0.1945,0.976,0.0855,0.0384,0.1388,0.2711,19.1,113.4,21.1,Stressed
PB07,Bahawalpur,Punjab,Rabi_2020,rabi,cotton,29.3956,71.6836,0.217,0.1515,-0.2709,0.2284,1.085,0.0747,0.0423,0.1539,0.3073,20.0,102.0,21.0,Healthy
PB01,Lahore,Punjab,Rabi_2020,rabi,wheat,31.5204,74.3587,0.2363,0.1485,-0.27,0.247,1.181,0.0468,0.0628,0.1134,0.3548,19.7,119.9,21.0,Healthy
PB11,Jhang,Punjab,Rabi_2020,rabi,wheat,31.2681,72.3181,0.1804,0.1098,-0.248,0.187,0.902,0.0833,0.0362,0.1126,0.2438,19.7,156.7,21.4,Stressed
PB09,Sahiwal,Punjab,Rabi_2020,rabi,sugarcane,30.6706,73.1064,0.2665,0.166,-0.3116,0.2768,1.332,0.0473,0.0573,0.1703,0.3784,18.9,98.1,20.4,Healthy
PB10,Rahim Yar Khan,Punjab,Rabi_2020,rabi,cotton,28.4202,70.2952,0.1478,0.1039,-0.2188,0.1484,0.739,0.0895,0.0342,0.0898,0.2151,15.9,139.9,21.8,Diseased
PB06,Sialkot,Punjab,Rabi_2020,rabi,rice,32.4945,74.5229,0.1571,0.0928,-0.2019,0.1629,0.785,0.0819,0.0409,0.0339,0.2452,21.0,118.8,22.0,Stressed
PB14,Pakpattan,Punjab,Rabi_2020,rabi,cotton,30.3436,73.3873,0.1363,0.0964,-0.1986,0.1421,0.681,0.1021,0.029,0.0848,0.2037,16.5,149.1,22.1,Diseased
PB12,Sheikhupura,Punjab,Rabi_2020,rabi,rice,31.7167,73.985,0.1971,0.121,-0.2479,0.1982,0.986,0.0647,0.057,-0.0033,0.2944,18.1,82.6,21.4,Stressed
PB13,Okara,Punjab,Rabi_2020,rabi,wheat,30.8107,73.4597,0.1301,0.0837,-0.2045,0.1339,0.65,0.1075,0.0446,0.0122,0.1894,16.3,146.7,22.0,Diseased
PB18,Chiniot,Punjab,Rabi_2020,rabi,sugarcane,31.7192,72.9783,0.1493,0.0848,-0.2245,0.1546,0.747,0.096,0.0328,0.0735,0.2096,19.4,145.1,21.7,Diseased
PB15,Attock,Punjab,Rabi_2020,rabi,wheat,33.7667,72.3667,0.2628,0.1626,-0.3116,0.2677,1.314,0.0789,0.0658,0.1682,0.4394,17.5,148.0,20.4,Healthy
PB19,DG Khan,Punjab,Rabi_2020,rabi,wheat,30.0496,70.6358,0.1933,0.1246,-0.2559,0.1991,0.967,0.0883,0.0426,0.1202,0.2787,18.9,124.1,21.2,Stressed
PB17,Chakwal,Punjab,Rabi_2020,rabi,wheat,32.9328,72.8553,0.1897,0.1205,-0.247,0.1886,0.948,0.0858,0.0444,0.125,0.2847,19.6,122.6,21.4,Stressed
PB16,Bahawalnagar,Punjab,Rabi_2020,rabi,cotton,29.9958,73.2531,0.155,0.1062,-0.2166,0.1615,0.775,0.0976,0.033,0.091,0.2248,19.9,143.0,21.8,Stressed
PB21,Hafizabad,Punjab,Rabi_2020,rabi,rice,32.0708,73.6886,0.1738,0.0978,-0.234,0.1736,0.869,0.0756,0.0329,0.126,0.2378,18.5,88.1,21.6,Stressed
PB20,Gujrat,Punjab,Rabi_2020,rabi,rice,32.5736,74.0789,0.1432,0.086,-0.1883,0.149,0.716,0.081,0.0292,0.0947,0.2055,19.4,154.3,22.2,Diseased
PB22,Kasur,Punjab,Rabi_2020,rabi,rice,31.1181,74.4503,0.1361,0.0838,-0.199,0.1361,0.681,0.1079,0.0977,-0.2318,0.2048,19.9,156.4,22.1,Diseased
PB24,Khushab,Punjab,Rabi_2020,rabi,wheat,32.2989,72.3522,0.1764,0.1142,-0.2461,0.1729,0.882,0.0786,0.0478,0.0889,0.2729,20.9,113.7,21.4,Stressed
PB25,Layyah,Punjab,Rabi_2020,rabi,cotton,30.9617,70.9439,0.1499,0.1017,-0.2084,0.1548,0.749,0.0941,0.0382,0.0878,0.2234,19.2,121.7,21.9,Stressed
PB27,Mandi Bahauddin,Punjab,Rabi_2020,rabi,sugarcane,32.5864,73.4917,0.1833,0.1089,-0.2366,0.1802,0.917,0.0596,0.0454,0.1241,0.2804,21.1,114.6,21.5,Stressed
PB26,Lodhran,Punjab,Rabi_2020,rabi,wheat,29.5333,71.6333,0.207,0.1526,-0.2667,0.2087,1.035,0.0785,0.0407,0.1336,0.2794,21.1,162.0,21.1,Healthy
PB23,Khanewal,Punjab,Rabi_2020,rabi,wheat,30.3014,71.9322,0.2488,0.1674,-0.3084,0.2593,1.244,0.0623,0.0683,0.105,0.3888,20.0,91.9,20.5,Healthy
PB28,Mianwali,Punjab,Rabi_2020,rabi,wheat,32.5853,71.5436,0.2502,0.1566,-0.3031,0.2546,1.251,0.0635,0.0703,0.1429,0.412,19.0,103.4,20.5,Healthy
PB30,Narowal,Punjab,Rabi_2020,rabi,rice,32.1003,74.8753,0.225,0.144,-0.2623,0.2324,1.125,0.0577,0.0501,0.1223,0.3011,21.2,126.2,21.1,Healthy
PB29,Muzaffargarh,Punjab,Rabi_2020,rabi,cotton,30.0736,71.1925,0.161,0.1115,-0.2282,0.161,0.805,0.0837,0.0378,0.0732,0.2447,20.9,123.0,21.6,Stressed
PB33,Jhelum,Punjab,Rabi_2020,rabi,wheat,32.9425,73.7258,0.2402,0.1394,-0.2821,0.2471,1.201,0.049,0.0526,0.1678,0.3473,17.8,152.6,20.9,Healthy
PB31,Toba Tek Singh,Punjab,Rabi_2020,rabi,sugarcane,30.9667,72.4833,0.2976,0.1911,-0.3397,0.2997,1.488,0.0225,0.0704,0.1767,0.4059,17.8,135.5,20.0,Healthy
PB32,Vehari,Punjab,Rabi_2020,rabi,cotton,30.0442,72.3514,0.1942,0.1359,-0.2526,0.2039,0.971,0.0847,0.0441,0.1149,0.2792,20.4,80.3,21.3,Stressed
SD02,Hyderabad,Sindh,Rabi_2020,rabi,wheat,25.396,68.3578,0.2274,0.1683,-0.2792,0.2202,1.137,0.0584,0.0506,0.1171,0.3252,20.0,104.4,20.9,Healthy
PB34,Bhakkar,Punjab,Rabi_2020,rabi,wheat,31.6267,71.0617,0.1569,0.1067,-0.2158,0.1616,0.784,0.0901,0.0385,0.0939,0.2337,18.5,123.0,21.8,Stressed
SD01,Karachi,Sindh,Rabi_2020,rabi,cotton,24.8607,67.0011,0.0802,0.0576,-0.159,0.0822,0.401,0.121,0.0233,0.028,0.1387,19.6,121.2,22.6,Diseased
SD03,Sukkur,Sindh,Rabi_2020,rabi,wheat,27.7052,68.857,0.1443,0.1044,-0.232,0.1494,0.722,0.109,0.0357,0.0763,0.2139,19.4,93.4,21.6,Diseased
SD04,Larkana,Sindh,Rabi_2020,rabi,rice,27.557,68.2138,0.1228,0.0939,-0.1959,0.1266,0.614,0.1038,0.0303,0.0667,0.1779,18.5,123.8,22.1,Diseased
SD07,Khairpur,Sindh,Rabi_2020,rabi,sugarcane,27.5297,68.7592,0.1755,0.1278,-0.2436,0.1795,0.878,0.0791,0.0506,0.0904,0.2543,20.7,90.1,21.4,Stressed
SD05,Nawabshah,Sindh,Rabi_2020,rabi,sugarcane,26.2442,68.4099,0.1268,0.0939,-0.2083,0.1308,0.634,0.1075,0.03,0.0647,0.1845,18.1,131.0,21.9,Diseased
SD08,Jacobabad,Sindh,Rabi_2020,rabi,wheat,28.2769,68.4514,0.1313,0.0992,-0.2086,0.135,0.656,0.1053,0.0268,0.0767,0.1821,18.4,152.6,21.9,Diseased
SD09,Badin,Sindh,Rabi_2020,rabi,rice,24.6556,68.8383,0.1764,0.1178,-0.2603,0.1736,0.882,0.1066,0.0377,0.1063,0.2522,18.7,101.5,21.2,Stressed
SD06,Mirpurkhas,Sindh,Rabi_2020,rabi,rice,25.5281,69.0092,0.2025,0.1357,-0.2774,0.2025,1.013,0.0822,0.0443,0.109,0.2949,15.7,146.4,20.9,Stressed
SD10,Dadu,Sindh,Rabi_2020,rabi,wheat,26.7317,67.7753,0.1502,0.1102,-0.2304,0.1479,0.751,0.0972,0.0296,0.0878,0.2157,20.5,129.4,21.6,Stressed
SD13,Kashmore,Sindh,Rabi_2020,rabi,wheat,28.4475,69.5675,0.434,0.2908,-0.4272,0.4362,2.17,-0.076,0.1904,0.0611,0.6502,20.3,119.9,18.7,Healthy
SD14,Matiari,Sindh,Rabi_2020,rabi,sugarcane,25.5975,68.4608,0.5191,0.34,-0.5049,0.5256,2.596,-0.1109,0.1605,0.2221,0.7267,19.7,113.7,17.6,Healthy
SD16,Sanghar,Sindh,Rabi_2020,rabi,cotton,26.0464,68.9486,0.1878,0.1312,-0.2694,0.1918,0.939,0.0933,0.0441,0.0988,0.2583,19.4,115.5,21.0,Stressed
SD11,Ghotki,Sindh,Rabi_2020,rabi,cotton,28.0033,69.3161,0.16,0.1142,-0.2311,0.1664,0.8,0.09,0.0385,0.0824,0.2468,19.0,134.1,21.6,Stressed
SD15,Naushahro Feroze,Sindh,Rabi_2020,rabi,sugarcane,26.8414,68.1175,0.2516,0.1936,-0.3002,0.257,1.258,0.0389,0.0734,0.1116,0.355,18.2,109.2,20.6,Healthy
SD12,Kamber,Sindh,Rabi_2020,rabi,wheat,27.5861,68.0017,0.1307,0.096,-0.202,0.1284,0.653,0.1055,0.0382,0.0558,0.2331,17.7,138.7,22.0,Diseased
SD17,Shikarpur,Sindh,Rabi_2020,rabi,wheat,27.9569,68.6381,0.1285,0.0931,-0.2088,0.1258,0.642,0.1156,0.0269,0.0746,0.1832,19.2,133.6,21.9,Diseased
SD18,Tando Allahyar,Sindh,Rabi_2020,rabi,rice,25.4661,68.7178,0.1961,0.1349,-0.2662,0.2014,0.98,0.0819,0.0446,0.1089,0.2769,15.8,124.0,21.1,Stressed
SD19,Thatta,Sindh,Rabi_2020,rabi,cotton,24.7461,67.9239,0.1682,0.1152,-0.2519,0.1662,0.841,0.1153,0.0395,0.0981,0.2479,18.3,130.0,21.3,Stressed
BL01,Quetta,Balochistan,Rabi_2020,rabi,wheat,30.1798,66.975,0.0865,0.0659,-0.1625,0.0877,0.432,0.1163,0.0289,0.0253,0.149,18.5,102.3,22.6,Diseased
SD20,Umerkot,Sindh,Rabi_2020,rabi,wheat,25.3619,69.7358,0.171,0.1296,-0.2513,0.1727,0.855,0.1012,0.0391,0.0873,0.2573,20.4,134.1,21.3,Stressed
BL03,Khuzdar,Balochistan,Rabi_2020,rabi,mango,27.8,66.6167,0.1616,0.1334,-0.2346,0.1614,0.808,0.0966,0.0417,0.1006,0.2455,18.9,111.7,21.5,Stressed
BL04,Loralai,Balochistan,Rabi_2020,rabi,wheat,30.3724,68.5989,0.1023,0.0856,-0.1875,0.1021,0.512,0.131,0.0235,0.0537,0.1601,20.7,105.2,22.2,Diseased
BL05,Zhob,Balochistan,Rabi_2020,rabi,wheat,31.3417,69.4486,0.1301,0.087,-0.2096,0.1296,0.651,0.1245,0.0264,0.0922,0.1925,17.6,123.0,21.9,Diseased
BL02,Turbat,Balochistan,Rabi_2020,rabi,wheat,26.0021,63.0621,0.158,0.1303,-0.2108,0.1534,0.79,0.0971,0.0328,0.0889,0.2201,16.7,108.3,21.9,Stressed
BL06,Mastung,Balochistan,Rabi_2020,rabi,mango,29.797,66.846,0.1367,0.1033,-0.228,0.1394,0.684,0.1199,0.0564,0.0239,0.2672,16.6,156.0,21.6,Diseased
BL07,Sibi,Balochistan,Rabi_2020,rabi,cotton,29.5432,67.8772,0.2069,0.1589,-0.2769,0.2117,1.035,0.0875,0.0429,0.1303,0.2827,18.1,121.9,20.9,Healthy
BL08,Pishin,Balochistan,Rabi_2020,rabi,wheat,30.5817,66.9956,0.1292,0.0985,-0.2189,0.1294,0.646,0.1229,0.0566,0.05,0.2595,20.1,148.6,21.8,Diseased
BL09,Kalat,Balochistan,Rabi_2020,rabi,wheat,29.0228,66.5906,0.1595,0.1187,-0.2503,0.1646,0.798,0.1211,0.0511,0.0674,0.2815,18.2,118.1,21.3,Stressed
BL10,Gwadar,Balochistan,Rabi_2020,rabi,mango,25.1264,62.3255,-0.1075,-0.0031,0.1672,-0.1189,-0.538,-0.0098,0.0997,-0.3586,0.0527,20.5,130.4,27.4,Diseased
BL11,Chagai,Balochistan,Rabi_2020,rabi,wheat,29.1089,64.7983,0.0531,0.0423,-0.1552,0.0457,0.265,0.1712,0.0102,0.0327,0.0727,17.6,146.0,22.7,Diseased
BL12,Dera Bugti,Balochistan,Rabi_2020,rabi,wheat,29.0367,69.1583,0.2281,0.178,-0.321,0.2336,1.141,0.1108,0.036,0.1589,0.3055,18.7,76.3,20.3,Healthy
BL14,Jhal Magsi,Balochistan,Rabi_2020,rabi,wheat,28.2833,67.7333,0.193,0.1247,-0.2649,0.1929,0.965,0.1018,0.1563,0.0406,0.5137,20.0,100.7,21.1,Stressed
BL16,Lasbela,Balochistan,Rabi_2020,rabi,mango,26.215,66.6933,0.1206,0.0787,-0.2023,0.1175,0.603,0.1768,0.0343,0.0521,0.1819,18.2,135.1,22.0,Diseased
BL15,Kharan,Balochistan,Rabi_2020,rabi,wheat,28.5833,65.4167,0.0902,0.0762,-0.1697,0.086,0.451,0.1377,0.0188,0.0485,0.1338,17.2,115.3,22.5,Diseased
BL17,Musakhel,Balochistan,Rabi_2020,rabi,wheat,30.6983,69.8361,0.1476,0.0845,-0.246,0.1505,0.738,0.2191,0.034,0.0651,0.2305,17.7,110.2,21.4,Diseased
BL13,Jaffarabad,Balochistan,Rabi_2020,rabi,cotton,28.8958,68.2706,0.1281,0.1063,-0.2439,0.1221,0.641,0.1479,0.0476,0.0528,0.2227,20.0,94.0,21.4,Diseased
BL20,Panjgur,Balochistan,Rabi_2020,rabi,wheat,26.9686,64.0994,0.0886,0.074,-0.168,0.0893,0.443,0.1495,0.0165,0.0518,0.1184,20.3,113.1,22.5,Diseased
BL18,Nasirabad,Balochistan,Rabi_2020,rabi,cotton,28.4167,68.3833,0.372,0.2631,-0.4036,0.3795,1.86,0.0158,0.1569,0.1076,0.6346,17.6,87.8,19.1,Healthy
BL19,Nushki,Balochistan,Rabi_2020,rabi,wheat,29.5533,66.0211,0.0886,0.0737,-0.1667,0.0831,0.443,0.1304,0.0238,0.0256,0.1471,19.6,126.7,22.5,Diseased
BL22,Ziarat,Balochistan,Rabi_2020,rabi,mango,30.3819,67.7244,0.1739,0.1242,-0.2521,0.179,0.869,0.1016,0.0874,0.0112,0.3049,20.7,134.8,21.3,Stressed
BL21,Washuk,Balochistan,Rabi_2020,rabi,wheat,27.5,64.0,0.046,0.0343,-0.1345,0.0346,0.23,0.2308,0.0121,0.0216,0.0692,19.3,125.2,23.0,Diseased
KP01,Peshawar,KPK,Rabi_2020,rabi,wheat,34.015,71.5249,0.2717,0.1734,-0.3274,0.2768,1.358,0.0356,0.0662,0.1779,0.4135,20.6,109.8,20.2,Healthy
KP04,Charsadda,KPK,Rabi_2020,rabi,wheat,34.145,71.7305,0.2543,0.1564,-0.2908,0.2577,1.272,0.0637,0.0703,0.1686,0.4164,22.2,101.6,20.7,Healthy
KP02,Mardan,KPK,Rabi_2020,rabi,sugarcane,34.1986,72.0404,0.2231,0.1437,-0.2572,0.2259,1.115,0.0481,0.0679,0.128,0.4182,18.5,90.6,21.2,Healthy
KP03,Swat,KPK,Rabi_2020,rabi,rice,35.2227,72.4258,0.1273,0.1149,-0.0492,0.1212,0.636,-0.373,0.0938,0.0121,0.3548,18.0,155.1,24.2,Diseased
KP08,Bannu,KPK,Rabi_2020,rabi,wheat,32.9892,70.6017,0.1925,0.1238,-0.2567,0.1921,0.963,0.0926,0.0483,0.1179,0.2917,16.1,140.3,21.2,Stressed
KP06,Abbottabad,KPK,Rabi_2020,rabi,wheat,34.1558,73.2194,0.3385,0.1785,-0.389,0.3465,1.693,0.0666,0.0708,0.2708,0.5348,20.8,95.7,19.3,Healthy
KP09,Battagram,KPK,Rabi_2020,rabi,rice,34.6825,73.0253,0.2839,0.1504,-0.3508,0.2856,1.419,0.1143,0.0706,0.2198,0.4669,18.0,97.7,19.9,Healthy
KP07,Dera Ismail Khan,KPK,Rabi_2020,rabi,wheat,31.8319,70.9018,0.0951,0.0658,-0.1668,0.1004,0.476,0.123,0.0235,0.0514,0.1425,18.8,111.9,22.5,Diseased
KP10,Buner,KPK,Rabi_2020,rabi,wheat,34.5133,72.5006,0.5123,0.2957,-0.5061,0.5189,2.562,-0.0752,0.1777,0.0858,0.7629,19.4,126.2,17.6,Healthy
KP11,Chitral,KPK,Rabi_2020,rabi,mango,35.8511,71.7864,0.1278,0.0724,-0.1662,0.1209,0.639,0.0517,0.1152,-0.0235,0.4221,19.4,124.0,22.5,Diseased
KP05,Nowshera,KPK,Rabi_2020,rabi,sugarcane,34.0153,71.9747,0.1594,0.1102,-0.1928,0.1514,0.797,0.037,0.0649,0.0509,0.3326,19.6,143.7,22.2,Stressed
KP14,Haripur,KPK,Rabi_2020,rabi,sugarcane,33.9942,72.9317,0.2513,0.1527,-0.2939,0.2576,1.257,0.0599,0.0501,0.1748,0.3787,17.5,93.1,20.7,Healthy
KP13,Hangu,KPK,Rabi_2020,rabi,wheat,33.5308,71.0586,0.2834,0.1613,-0.3513,0.2868,1.417,0.0945,0.0667,0.2065,0.4358,18.7,174.2,19.8,Healthy
KP12,Dir Lower,KPK,Rabi_2020,rabi,rice,34.7397,71.9006,0.4091,0.2151,-0.4552,0.4124,2.046,0.0328,0.1662,0.2093,0.7639,18.1,102.6,18.3,Healthy
KP16,Kohat,KPK,Rabi_2020,rabi,wheat,33.5869,71.4414,0.2536,0.1516,-0.3211,0.2619,1.268,0.0842,0.0464,0.1884,0.3584,18.1,110.2,20.3,Healthy
KP15,Karak,KPK,Rabi_2020,rabi,wheat,33.1169,71.0944,0.1754,0.115,-0.2671,0.1763,0.877,0.1189,0.0483,0.1132,0.2778,18.1,144.0,21.1,Stressed
KP17,Lakki Marwat,KPK,Rabi_2020,rabi,wheat,32.6072,70.9122,0.2113,0.1397,-0.2691,0.2121,1.057,0.0834,0.0487,0.1143,0.2936,19.3,82.1,21.0,Healthy
KP19,Mansehra,KPK,Rabi_2020,rabi,wheat,34.3297,73.2003,0.1829,0.112,-0.2465,0.1875,0.915,0.1012,0.0467,0.125,0.2894,19.2,154.7,21.4,Stressed
KP18,Malakand,KPK,Rabi_2020,rabi,rice,34.5653,71.9306,0.474,0.2175,-0.4769,0.4783,2.37,-0.0541,0.0793,0.3073,0.6377,19.5,116.7,18.0,Healthy
KP23,Tor Ghar,KPK,Rabi_2020,rabi,rice,34.7167,73.0833,0.4537,0.2236,-0.5161,0.4628,2.268,0.0646,0.105,0.2237,0.6408,20.9,97.5,17.4,Healthy
KP22,Tank,KPK,Rabi_2020,rabi,wheat,32.2167,70.3833,0.2235,0.1486,-0.2863,0.2242,1.117,0.0939,0.0489,0.1399,0.3241,20.6,124.9,20.8,Healthy
KP21,Swabi,KPK,Rabi_2020,rabi,sugarcane,34.12,72.47,0.3049,0.1916,-0.3222,0.3093,1.524,0.0058,0.0934,0.1189,0.506,14.3,147.9,20.3,Healthy
KP20,Shangla,KPK,Rabi_2020,rabi,rice,34.9167,72.8333,0.5642,0.1984,-0.5661,0.5705,2.821,-0.009,0.1798,0.16,0.8331,20.0,134.3,16.7,Healthy
PB08,Sargodha,Punjab,Kharif_2020,kharif,wheat,32.0836,72.6711,0.1891,0.1328,-0.2417,0.2124,0.946,0.0824,0.0485,0.0809,0.2863,30.5,192.9,21.4,Stressed
PB05,Rawalpindi,Punjab,Kharif_2020,kharif,wheat,33.5651,73.0169,0.1857,0.1391,-0.2402,0.1999,0.928,0.0941,0.0534,0.0759,0.2815,27.7,310.4,21.5,Stressed
PB01,Lahore,Punjab,Kharif_2020,kharif,wheat,31.5204,74.3587,0.2582,0.1782,-0.293,0.2828,1.291,0.0518,0.088,0.0106,0.3886,30.3,305.3,20.7,Healthy
PB02,Faisalabad,Punjab,Kharif_2020,kharif,cotton,31.4187,73.0791,0.1688,0.1146,-0.2143,0.1911,0.844,0.0763,0.0476,0.0541,0.2556,31.3,240.8,21.8,Stressed
PB07,Bahawalpur,Punjab,Kharif_2020,kharif,cotton,29.3956,71.6836,0.214,0.1644,-0.2629,0.2382,1.07,0.0808,0.0498,0.1083,0.3056,30.5,269.1,21.1,Healthy
PB03,Multan,Punjab,Kharif_2020,kharif,wheat,30.1978,71.4711,0.0921,0.0731,-0.1666,0.1201,0.46,0.1251,0.027,0.0286,0.1493,33.3,222.1,22.5,Diseased
PB04,Gujranwala,Punjab,Kharif_2020,kharif,rice,32.1877,74.1945,0.1669,0.1075,-0.2236,0.1815,0.835,0.0888,0.0753,-0.1192,0.2591,29.1,250.2,21.7,Stressed
PB06,Sialkot,Punjab,Kharif_2020,kharif,rice,32.4945,74.5229,0.1529,0.0998,-0.2071,0.1731,0.765,0.1023,0.0651,-0.2445,0.2459,30.8,249.0,21.9,Stressed
PB09,Sahiwal,Punjab,Kharif_2020,kharif,sugarcane,30.6706,73.1064,0.2722,0.1923,-0.3058,0.2993,1.361,0.0466,0.0685,0.0753,0.3885,29.1,270.6,20.5,Healthy
PB10,Rahim Yar Khan,Punjab,Kharif_2020,kharif,cotton,28.4202,70.2952,0.1396,0.1049,-0.2121,0.1584,0.698,0.105,0.0348,0.081,0.2181,30.5,242.7,21.9,Diseased
PB11,Jhang,Punjab,Kharif_2020,kharif,wheat,31.2681,72.3181,0.1541,0.1161,-0.2086,0.1836,0.771,0.0904,0.0366,0.0877,0.2359,29.4,228.7,21.9,Stressed
PB14,Pakpattan,Punjab,Kharif_2020,kharif,cotton,30.3436,73.3873,0.1326,0.1038,-0.1944,0.1574,0.663,0.1118,0.0368,0.0402,0.2147,29.2,318.3,22.1,Diseased
PB13,Okara,Punjab,Kharif_2020,kharif,wheat,30.8107,73.4597,0.1368,0.1018,-0.2049,0.1605,0.684,0.1168,0.0332,0.0588,0.2226,32.3,356.8,22.0,Diseased
PB12,Sheikhupura,Punjab,Kharif_2020,kharif,rice,31.7167,73.985,0.1915,0.1237,-0.25,0.2092,0.958,0.0917,0.06,-0.0001,0.3229,29.0,242.5,21.3,Stressed
PB15,Attock,Punjab,Kharif_2020,kharif,wheat,33.7667,72.3667,0.3255,0.2299,-0.357,0.3481,1.628,0.0617,0.0734,0.1394,0.4672,29.8,304.7,19.8,Healthy
PB16,Bahawalnagar,Punjab,Kharif_2020,kharif,cotton,29.9958,73.2531,0.1583,0.1205,-0.2164,0.181,0.791,0.1013,0.0427,0.06,0.2523,29.0,251.7,21.8,Stressed
PB21,Hafizabad,Punjab,Kharif_2020,kharif,rice,32.0708,73.6886,0.1669,0.1134,-0.2186,0.1871,0.835,0.0885,0.0506,0.0295,0.2416,30.5,205.9,21.8,Stressed
PB19,DG Khan,Punjab,Kharif_2020,kharif,wheat,30.0496,70.6358,0.1831,0.1348,-0.2398,0.2054,0.916,0.095,0.0466,0.0825,0.2745,28.1,280.2,21.5,Stressed
PB17,Chakwal,Punjab,Kharif_2020,kharif,wheat,32.9328,72.8553,0.1928,0.1453,-0.241,0.212,0.964,0.0905,0.0482,0.0966,0.2959,31.5,251.0,21.5,Stressed
PB22,Kasur,Punjab,Kharif_2020,kharif,rice,31.1181,74.4503,0.1348,0.0948,-0.2014,0.1556,0.674,0.1217,0.044,0.0385,0.2232,29.2,324.0,22.0,Diseased
PB18,Chiniot,Punjab,Kharif_2020,kharif,sugarcane,31.7192,72.9783,0.1527,0.1069,-0.2173,0.1793,0.763,0.1001,0.0351,0.0681,0.23,27.3,293.9,21.8,Stressed
PB20,Gujrat,Punjab,Kharif_2020,kharif,rice,32.5736,74.0789,0.1378,0.0927,-0.1918,0.1572,0.689,0.1031,0.0347,0.0353,0.2015,33.0,282.2,22.2,Diseased
PB24,Khushab,Punjab,Kharif_2020,kharif,wheat,32.2989,72.3522,0.1745,0.1313,-0.2246,0.1978,0.872,0.0837,0.0442,0.0859,0.2687,30.5,293.2,21.7,Stressed
PB25,Layyah,Punjab,Kharif_2020,kharif,cotton,30.9617,70.9439,0.1331,0.1037,-0.1919,0.1576,0.666,0.1114,0.0345,0.0677,0.2064,27.9,358.5,22.2,Diseased
PB23,Khanewal,Punjab,Kharif_2020,kharif,wheat,30.3014,71.9322,0.2403,0.1849,-0.2915,0.2682,1.202,0.0641,0.0691,0.1049,0.3947,30.4,321.2,20.7,Healthy
PB26,Lodhran,Punjab,Kharif_2020,kharif,wheat,29.5333,71.6333,0.1777,0.1452,-0.2366,0.1962,0.888,0.0993,0.0518,0.0786,0.2803,29.6,350.6,21.5,Stressed
PB27,Mandi Bahauddin,Punjab,Kharif_2020,kharif,sugarcane,32.5864,73.4917,0.2006,0.1397,-0.2455,0.2197,1.003,0.0696,0.0481,0.0994,0.2961,29.3,257.3,21.4,Healthy
PB30,Narowal,Punjab,Kharif_2020,kharif,rice,32.1003,74.8753,0.2069,0.1359,-0.2708,0.223,1.035,0.0915,0.0561,0.0664,0.29,32.1,229.2,21.0,Healthy
PB29,Muzaffargarh,Punjab,Kharif_2020,kharif,cotton,30.0736,71.1925,0.1471,0.1146,-0.2116,0.168,0.736,0.0993,0.0387,0.0521,0.2348,27.3,295.8,21.9,Stressed
PB28,Mianwali,Punjab,Kharif_2020,kharif,wheat,32.5853,71.5436,0.2561,0.1859,-0.3105,0.2788,1.28,0.0719,0.0786,0.0749,0.4351,29.9,293.6,20.4,Healthy
PB31,Toba Tek Singh,Punjab,Kharif_2020,kharif,sugarcane,30.9667,72.4833,0.2413,0.1779,-0.2844,0.2675,1.206,0.0568,0.0741,0.1313,0.3895,27.8,312.1,20.8,Healthy
PB33,Jhelum,Punjab,Kharif_2020,kharif,wheat,32.9425,73.7258,0.2436,0.1645,-0.2871,0.2705,1.218,0.0672,0.0585,0.141,0.3622,30.6,301.0,20.8,Healthy
PB32,Vehari,Punjab,Kharif_2020,kharif,cotton,30.0442,72.3514,0.1872,0.1456,-0.24,0.2137,0.936,0.0902,0.0496,0.0954,0.2935,31.8,275.2,21.5,Stressed
PB34,Bhakkar,Punjab,Kharif_2020,kharif,wheat,31.6267,71.0617,0.1501,0.1147,-0.2037,0.175,0.75,0.1001,0.0417,0.0673,0.2405,30.6,361.8,22.0,Stressed
SD02,Hyderabad,Sindh,Kharif_2020,kharif,wheat,25.396,68.3578,0.2087,0.1734,-0.2602,0.2279,1.044,0.07,0.0779,0.0487,0.3648,34.6,317.8,21.2,Healthy
SD03,Sukkur,Sindh,Kharif_2020,kharif,wheat,27.7052,68.857,0.1223,0.1029,-0.1942,0.1485,0.611,0.1102,0.0371,0.0615,0.2021,26.3,282.5,22.1,Diseased
SD01,Karachi,Sindh,Kharif_2020,kharif,cotton,24.8607,67.0011,0.0625,0.0506,-0.1293,0.0763,0.312,0.1149,0.0319,-0.0089,0.1363,27.5,256.4,23.1,Diseased
SD04,Larkana,Sindh,Kharif_2020,kharif,rice,27.557,68.2138,0.1018,0.0873,-0.1712,0.124,0.509,0.1088,0.0387,0.0338,0.1846,31.4,289.0,22.5,Diseased
SD05,Nawabshah,Sindh,Kharif_2020,kharif,sugarcane,26.2442,68.4099,0.1187,0.0971,-0.1899,0.1365,0.593,0.1101,0.0368,0.0407,0.1824,29.5,183.7,22.2,Diseased
SD07,Khairpur,Sindh,Kharif_2020,kharif,sugarcane,27.5297,68.7592,0.1437,0.1145,-0.2082,0.1688,0.719,0.0989,0.0492,0.0656,0.2468,24.5,337.5,21.9,Stressed
SD06,Mirpurkhas,Sindh,Kharif_2020,kharif,rice,25.5281,69.0092,0.1795,0.1337,-0.2344,0.2043,0.897,0.0876,0.0538,0.0797,0.3011,27.7,248.5,21.6,Stressed
SD08,Jacobabad,Sindh,Kharif_2020,kharif,wheat,28.2769,68.4514,0.1131,0.0942,-0.1913,0.1302,0.566,0.1231,0.0364,0.06,0.191,32.3,348.0,22.2,Diseased
SD09,Badin,Sindh,Kharif_2020,kharif,rice,24.6556,68.8383,0.1574,0.1183,-0.2106,0.1764,0.787,0.0913,0.0572,0.0408,0.2579,32.5,218.1,21.9,Stressed
SD10,Dadu,Sindh,Kharif_2020,kharif,wheat,26.7317,67.7753,0.1232,0.0995,-0.2018,0.1382,0.616,0.1129,0.0375,0.0203,0.2036,31.9,281.2,22.0,Diseased
SD15,Naushahro Feroze,Sindh,Kharif_2020,kharif,sugarcane,26.8414,68.1175,0.2258,0.1762,-0.2807,0.2422,1.129,0.0734,0.0776,0.0487,0.3475,29.9,293.2,20.9,Healthy
SD11,Ghotki,Sindh,Kharif_2020,kharif,cotton,28.0033,69.3161,0.1584,0.1258,-0.2233,0.1801,0.792,0.0957,0.0388,0.0926,0.2485,29.7,305.3,21.7,Stressed
SD14,Matiari,Sindh,Kharif_2020,kharif,sugarcane,25.5975,68.4608,0.447,0.3319,-0.4358,0.4685,2.235,-0.0643,0.1475,0.1593,0.6925,28.1,291.2,18.6,Healthy
SD13,Kashmore,Sindh,Kharif_2020,kharif,wheat,28.4475,69.5675,0.1989,0.1305,-0.2713,0.2074,0.995,0.0422,0.196,-0.0048,0.6042,30.7,319.8,21.0,Stressed
SD16,Sanghar,Sindh,Kharif_2020,kharif,cotton,26.0464,68.9486,0.1582,0.1239,-0.2235,0.1796,0.791,0.1017,0.0493,0.0781,0.2665,30.9,224.1,21.7,Stressed
SD17,Shikarpur,Sindh,Kharif_2020,kharif,wheat,27.9569,68.6381,0.1044,0.0861,-0.1807,0.1208,0.522,0.1262,0.0369,0.0495,0.1895,28.9,287.0,22.3,Diseased
SD12,Kamber,Sindh,Kharif_2020,kharif,wheat,27.5861,68.0017,0.1051,0.0856,-0.1817,0.1186,0.525,0.1225,0.054,-0.0129,0.219,31.8,321.7,22.3,Diseased
SD19,Thatta,Sindh,Kharif_2020,kharif,cotton,24.7461,67.9239,0.1487,0.1116,-0.205,0.1637,0.744,0.0979,0.0577,0.0499,0.2742,29.4,255.8,22.0,Stressed
SD18,Tando Allahyar,Sindh,Kharif_2020,kharif,rice,25.4661,68.7178,0.1816,0.1439,-0.2385,0.2064,0.908,0.0789,0.0586,0.0536,0.2952,28.9,313.6,21.5,Stressed
SD20,Umerkot,Sindh,Kharif_2020,kharif,wheat,25.3619,69.7358,0.1572,0.1351,-0.2185,0.1855,0.786,0.0968,0.0596,0.048,0.2898,28.4,278.0,21.8,Stressed
BL02,Turbat,Balochistan,Kharif_2020,kharif,wheat,26.0021,63.0621,0.1334,0.123,-0.1849,0.1367,0.667,0.1033,0.0371,0.0637,0.2233,29.0,338.3,22.3,Diseased
BL03,Khuzdar,Balochistan,Kharif_2020,kharif,mango,27.8,66.6167,0.1307,0.1224,-0.2043,0.1407,0.653,0.1057,0.0512,0.0649,0.2483,29.9,269.6,22.0,Diseased
BL01,Quetta,Balochistan,Kharif_2020,kharif,wheat,30.1798,66.975,0.0868,0.0799,-0.1586,0.0905,0.434,0.1135,0.0185,0.0481,0.1281,29.1,322.8,22.7,Diseased
BL05,Zhob,Balochistan,Kharif_2020,kharif,wheat,31.3417,69.4486,0.1313,0.1029,-0.2009,0.1388,0.657,0.1163,0.029,0.0634,0.1972,29.9,214.1,22.0,Diseased
BL04,Loralai,Balochistan,Kharif_2020,kharif,wheat,30.3724,68.5989,0.1037,0.0991,-0.1821,0.1109,0.519,0.1282,0.0224,0.0546,0.1602,34.2,363.1,22.3,Diseased
BL09,Kalat,Balochistan,Kharif_2020,kharif,wheat,29.0228,66.5906,0.2197,0.1889,-0.2849,0.2274,1.099,0.08,0.0378,0.1312,0.2917,29.6,316.7,20.8,Healthy
BL07,Sibi,Balochistan,Kharif_2020,kharif,cotton,29.5432,67.8772,0.1961,0.163,-0.2667,0.2132,0.981,0.1017,0.0518,0.0929,0.3028,31.3,278.0,21.1,Healthy
BL08,Pishin,Balochistan,Kharif_2020,kharif,wheat,30.5817,66.9956,0.1317,0.1152,-0.2192,0.1347,0.658,0.1207,0.0364,0.0729,0.2244,28.3,345.1,21.8,Diseased
BL06,Mastung,Balochistan,Kharif_2020,kharif,mango,29.797,66.846,0.1617,0.1455,-0.2411,0.1664,0.808,0.1057,0.0307,0.0967,0.2309,29.9,285.1,21.5,Stressed
BL11,Chagai,Balochistan,Kharif_2020,kharif,wheat,29.1089,64.7983,0.0521,0.0431,-0.1587,0.0449,0.261,0.1657,0.0114,0.0243,0.0688,30.8,250.0,22.7,Diseased
BL12,Dera Bugti,Balochistan,Kharif_2020,kharif,wheat,29.0367,69.1583,0.1907,0.173,-0.2799,0.2053,0.954,0.1211,0.0475,0.1265,0.2964,31.0,273.9,20.9,Healthy
BL13,Jaffarabad,Balochistan,Kharif_2020,kharif,cotton,28.8958,68.2706,0.0825,0.074,-0.2075,0.0913,0.413,0.1729,0.0709,0.0066,0.2799,29.5,278.8,21.9,Diseased
BL14,Jhal Magsi,Balochistan,Kharif_2020,kharif,wheat,28.2833,67.7333,0.0793,0.0669,-0.1764,0.0975,0.396,0.1677,0.0701,-0.1355,0.2215,31.0,304.0,22.4,Diseased
BL10,Gwadar,Balochistan,Kharif_2020,kharif,mango,25.1264,62.3255,-0.0489,0.0082,0.1252,-0.0425,-0.245,0.0335,0.0902,-0.3727,0.0745,28.2,192.5,26.8,Diseased
BL16,Lasbela,Balochistan,Kharif_2020,kharif,mango,26.215,66.6933,0.0914,0.0689,-0.1679,0.1032,0.457,0.1667,0.0617,0.0256,0.2202,31.9,224.3,22.5,Diseased
BL18,Nasirabad,Balochistan,Kharif_2020,kharif,cotton,28.4167,68.3833,0.156,0.1166,-0.2355,0.1764,0.78,0.1057,0.2495,0.0041,0.7171,30.7,217.2,21.5,Stressed
BL15,Kharan,Balochistan,Kharif_2020,kharif,wheat,28.5833,65.4167,0.0744,0.0707,-0.1532,0.0737,0.372,0.1363,0.0179,0.0259,0.1091,32.7,298.0,22.7,Diseased
BL17,Musakhel,Balochistan,Kharif_2020,kharif,wheat,30.6983,69.8361,0.157,0.1048,-0.2398,0.1754,0.785,0.1922,0.0293,0.0778,0.2212,28.6,300.6,21.5,Stressed
BL21,Washuk,Balochistan,Kharif_2020,kharif,wheat,27.5,64.0,0.0436,0.0352,-0.1327,0.0385,0.218,0.2182,0.0146,0.0148,0.0676,31.6,239.1,23.0,Diseased
BL20,Panjgur,Balochistan,Kharif_2020,kharif,wheat,26.9686,64.0994,0.0804,0.0739,-0.1574,0.0856,0.402,0.1459,0.0183,0.0357,0.1136,30.2,247.8,22.7,Diseased
KP01,Peshawar,KPK,Kharif_2020,kharif,wheat,34.015,71.5249,0.223,0.159,-0.2918,0.2457,1.115,0.0827,0.0635,0.1243,0.3624,30.1,288.3,20.7,Healthy
BL22,Ziarat,Balochistan,Kharif_2020,kharif,mango,30.3819,67.7244,0.2577,0.1979,-0.3146,0.2683,1.288,0.0864,0.0377,0.1496,0.3251,28.5,394.2,20.4,Healthy
KP04,Charsadda,KPK,Kharif_2020,kharif,wheat,34.145,71.7305,0.234,0.1639,-0.2799,0.2524,1.17,0.0887,0.067,0.1196,0.3707,27.2,380.8,20.9,Healthy
BL19,Nushki,Balochistan,Kharif_2020,kharif,wheat,29.5533,66.0211,0.0787,0.0728,-0.158,0.0774,0.394,0.1321,0.0195,0.028,0.1283,30.3,224.5,22.7,Diseased
KP03,Swat,KPK,Kharif_2020,kharif,rice,35.2227,72.4258,0.518,0.2678,-0.5028,0.5357,2.59,-0.0593,0.1564,0.0949,0.7179,31.7,256.6,17.6,Healthy
KP02,Mardan,KPK,Kharif_2020,kharif,sugarcane,34.1986,72.0404,0.2613,0.1911,-0.2939,0.2856,1.306,0.0637,0.0658,0.1226,0.4082,29.8,268.8,20.7,Healthy
KP06,Abbottabad,KPK,Kharif_2020,kharif,wheat,34.1558,73.2194,0.4933,0.3162,-0.4807,0.5109,2.467,-0.0304,0.0906,0.2724,0.6222,31.3,254.3,18.0,Healthy
KP08,Bannu,KPK,Kharif_2020,kharif,wheat,32.9892,70.6017,0.1694,0.129,-0.23,0.1889,0.847,0.1083,0.0412,0.0937,0.2657,32.2,263.9,21.6,Stressed
KP07,Dera Ismail Khan,KPK,Kharif_2020,kharif,wheat,31.8319,70.9018,0.0863,0.0692,-0.1555,0.1153,0.432,0.139,0.0238,0.0402,0.1402,32.6,198.8,22.7,Diseased
KP09,Battagram,KPK,Kharif_2020,kharif,rice,34.6825,73.0253,0.4132,0.2846,-0.4197,0.4288,2.066,0.0175,0.0865,0.2306,0.5533,31.2,244.9,18.8,Healthy
KP05,Nowshera,KPK,Kharif_2020,kharif,sugarcane,34.0153,71.9747,0.1421,0.1056,-0.1869,0.1589,0.711,0.0729,0.0639,0.0075,0.2892,31.4,293.5,22.2,Diseased
KP11,Chitral,KPK,Kharif_2020,kharif,mango,35.8511,71.7864,0.2896,0.1902,-0.3123,0.2923,1.448,-0.0054,0.0867,0.1309,0.4682,31.3,275.1,20.4,Healthy
KP10,Buner,KPK,Kharif_2020,kharif,wheat,34.5133,72.5006,0.4147,0.2632,-0.4576,0.4354,2.074,0.0271,0.1365,0.2551,0.7553,27.9,293.9,18.3,Healthy
KP13,Hangu,KPK,Kharif_2020,kharif,wheat,33.5308,71.0586,0.3212,0.2176,-0.3611,0.3414,1.606,0.0703,0.0682,0.163,0.4495,29.2,349.5,19.7,Healthy
KP12,Dir Lower,KPK,Kharif_2020,kharif,rice,34.7397,71.9006,0.427,0.2664,-0.4717,0.445,2.135,0.0394,0.1348,0.189,0.6553,30.3,275.1,18.1,Healthy
KP15,Karak,KPK,Kharif_2020,kharif,wheat,33.1169,71.0944,0.1836,0.1406,-0.2533,0.2053,0.918,0.1057,0.0522,0.081,0.3044,32.2,222.2,21.3,Stressed
KP14,Haripur,KPK,Kharif_2020,kharif,sugarcane,33.9942,72.9317,0.2757,0.2021,-0.3033,0.2981,1.378,0.0536,0.0622,0.1395,0.3946,30.3,334.2,20.5,Healthy
KP16,Kohat,KPK,Kharif_2020,kharif,wheat,33.5869,71.4414,0.2699,0.1923,-0.3141,0.2918,1.35,0.069,0.0531,0.1582,0.3642,26.3,301.3,20.4,Healthy
KP17,Lakki Marwat,KPK,Kharif_2020,kharif,wheat,32.6072,70.9122,0.1512,0.1178,-0.2143,0.1729,0.756,0.118,0.0492,0.0599,0.264,29.8,301.4,21.8,Stressed
KP19,Mansehra,KPK,Kharif_2020,kharif,wheat,34.3297,73.2003,0.2197,0.1649,-0.2564,0.239,1.099,0.0744,0.0527,0.1054,0.319,33.8,276.2,21.2,Healthy
KP21,Swabi,KPK,Kharif_2020,kharif,sugarcane,34.12,72.47,0.2833,0.2042,-0.3239,0.3075,1.416,0.0694,0.0907,0.096,0.4937,31.4,294.7,20.2,Healthy
KP18,Malakand,KPK,Kharif_2020,kharif,rice,34.5653,71.9306,0.4641,0.2783,-0.4588,0.4812,2.32,-0.0221,0.08,0.2734,0.628,32.2,248.0,18.3,Healthy
KP23,Tor Ghar,KPK,Kharif_2020,kharif,rice,34.7167,73.0833,0.6547,0.4476,-0.6024,0.667,3.273,-0.126,0.1355,0.3213,0.7959,33.7,279.8,16.2,Healthy
KP20,Shangla,KPK,Kharif_2020,kharif,rice,34.9167,72.8333,0.6394,0.5085,-0.5749,0.6536,3.197,-0.1187,0.0763,0.4306,0.7393,30.2,214.0,16.6,Healthy
KP22,Tank,KPK,Kharif_2020,kharif,wheat,32.2167,70.3833,0.1912,0.1513,-0.2494,0.2104,0.956,0.1043,0.0513,0.1025,0.3103,30.5,282.1,21.3,Stressed
PB02,Faisalabad,Punjab,Rabi_2021,rabi,cotton,31.4187,73.0791,0.1692,0.0933,-0.2271,0.1658,0.846,0.0715,0.0435,0.0741,0.2404,20.1,129.8,21.7,Stressed
PB08,Sargodha,Punjab,Rabi_2021,rabi,wheat,32.0836,72.6711,0.177,0.104,-0.2508,0.1755,0.885,0.0896,0.0453,0.0795,0.2578,21.1,153.2,21.3,Stressed
PB03,Multan,Punjab,Rabi_2021,rabi,wheat,30.1978,71.4711,0.1038,0.0693,-0.194,0.1052,0.519,0.1134,0.0253,0.0537,0.1473,22.5,128.8,22.1,Diseased
PB01,Lahore,Punjab,Rabi_2021,rabi,wheat,31.5204,74.3587,0.2281,0.1454,-0.2662,0.2354,1.141,0.0556,0.1164,-0.1838,0.3377,13.8,107.0,21.1,Healthy
PB04,Gujranwala,Punjab,Rabi_2021,rabi,rice,32.1877,74.1945,0.165,0.1016,-0.2207,0.1636,0.825,0.0725,0.0731,-0.0674,0.2507,18.2,146.3,21.8,Stressed
PB06,Sialkot,Punjab,Rabi_2021,rabi,rice,32.4945,74.5229,0.1326,0.0828,-0.1877,0.1335,0.663,0.0793,0.054,-0.0735,0.2258,17.6,139.1,22.2,Diseased
PB09,Sahiwal,Punjab,Rabi_2021,rabi,sugarcane,30.6706,73.1064,0.2633,0.1694,-0.3056,0.2677,1.316,0.0401,0.0523,0.1656,0.3675,19.3,93.3,20.5,Healthy
PB07,Bahawalpur,Punjab,Rabi_2021,rabi,cotton,29.3956,71.6836,0.2124,0.1505,-0.2726,0.2164,1.062,0.0768,0.043,0.1377,0.2903,18.5,115.9,21.0,Healthy
PB10,Rahim Yar Khan,Punjab,Rabi_2021,rabi,cotton,28.4202,70.2952,0.1429,0.0984,-0.2279,0.139,0.714,0.1032,0.0288,0.0897,0.2052,19.1,137.3,21.6,Diseased
PB13,Okara,Punjab,Rabi_2021,rabi,wheat,30.8107,73.4597,0.1335,0.0863,-0.2121,0.1326,0.668,0.1111,0.0357,0.0195,0.19,16.6,121.9,21.9,Diseased
PB11,Jhang,Punjab,Rabi_2021,rabi,wheat,31.2681,72.3181,0.1653,0.0994,-0.2428,0.1677,0.827,0.0909,0.054,0.0237,0.2485,21.0,131.3,21.4,Stressed
PB05,Rawalpindi,Punjab,Rabi_2021,rabi,wheat,33.5651,73.0169,0.1524,0.0983,-0.2201,0.1482,0.762,0.0968,0.0483,0.0743,0.2525,20.8,107.2,21.8,Stressed
PB12,Sheikhupura,Punjab,Rabi_2021,rabi,rice,31.7167,73.985,0.1845,0.1132,-0.2437,0.1824,0.922,0.0708,0.0872,-0.1174,0.2798,18.5,144.7,21.4,Stressed
PB14,Pakpattan,Punjab,Rabi_2021,rabi,cotton,30.3436,73.3873,0.1411,0.1017,-0.2093,0.1428,0.706,0.0987,0.0347,0.0297,0.2047,16.5,123.7,21.9,Diseased
PB16,Bahawalnagar,Punjab,Rabi_2021,rabi,cotton,29.9958,73.2531,0.1577,0.1111,-0.2266,0.1573,0.789,0.0974,0.0355,0.0686,0.2293,19.2,119.7,21.7,Stressed
PB19,DG Khan,Punjab,Rabi_2021,rabi,wheat,30.0496,70.6358,0.1826,0.1226,-0.253,0.1841,0.913,0.0941,0.0333,0.1209,0.2519,18.1,127.6,21.3,Stressed
PB20,Gujrat,Punjab,Rabi_2021,rabi,rice,32.5736,74.0789,0.1212,0.0773,-0.1726,0.1211,0.606,0.0712,0.0432,0.0312,0.207,18.0,103.2,22.5,Diseased
PB17,Chakwal,Punjab,Rabi_2021,rabi,wheat,32.9328,72.8553,0.1646,0.1044,-0.2308,0.1625,0.823,0.0983,0.0442,0.0812,0.2547,21.7,97.2,21.6,Stressed
PB21,Hafizabad,Punjab,Rabi_2021,rabi,rice,32.0708,73.6886,0.1488,0.0881,-0.2105,0.1459,0.744,0.0747,0.0735,-0.0326,0.2324,19.9,121.9,21.9,Diseased
PB15,Attock,Punjab,Rabi_2021,rabi,wheat,33.7667,72.3667,0.2783,0.1694,-0.3261,0.2827,1.391,0.0695,0.0598,0.1419,0.4051,19.4,133.9,20.2,Healthy
PB18,Chiniot,Punjab,Rabi_2021,rabi,sugarcane,31.7192,72.9783,0.1464,0.0845,-0.224,0.1469,0.732,0.0931,0.0484,-0.0145,0.2208,19.5,123.3,21.7,Diseased
PB26,Lodhran,Punjab,Rabi_2021,rabi,wheat,29.5333,71.6333,0.191,0.1404,-0.2586,0.1878,0.955,0.0867,0.0425,0.1212,0.2723,20.4,108.5,21.2,Stressed
PB23,Khanewal,Punjab,Rabi_2021,rabi,wheat,30.3014,71.9322,0.2438,0.1707,-0.3059,0.2493,1.219,0.0567,0.0596,0.1497,0.3845,18.1,127.7,20.5,Healthy
PB27,Mandi Bahauddin,Punjab,Rabi_2021,rabi,sugarcane,32.5864,73.4917,0.1716,0.0979,-0.232,0.1688,0.858,0.0692,0.0473,0.0846,0.2542,19.6,154.3,21.6,Stressed
PB29,Muzaffargarh,Punjab,Rabi_2021,rabi,cotton,30.0736,71.1925,0.1537,0.107,-0.231,0.1517,0.768,0.0915,0.0305,0.0932,0.2197,19.2,115.5,21.6,Stressed
PB22,Kasur,Punjab,Rabi_2021,rabi,rice,31.1181,74.4503,0.1441,0.0892,-0.2151,0.1429,0.72,0.1155,0.0788,-0.1552,0.1991,20.2,132.6,21.8,Diseased
PB24,Khushab,Punjab,Rabi_2021,rabi,wheat,32.2989,72.3522,0.1757,0.109,-0.2438,0.1736,0.879,0.0849,0.0402,0.1062,0.2631,17.6,132.6,21.4,Stressed
PB30,Narowal,Punjab,Rabi_2021,rabi,rice,32.1003,74.8753,0.195,0.1235,-0.251,0.1981,0.975,0.0748,0.0472,0.1144,0.2739,20.3,144.1,21.3,Stressed
PB25,Layyah,Punjab,Rabi_2021,rabi,cotton,30.9617,70.9439,0.1302,0.092,-0.2011,0.1322,0.651,0.103,0.0324,0.0718,0.197,18.0,117.1,22.0,Diseased
PB28,Mianwali,Punjab,Rabi_2021,rabi,wheat,32.5853,71.5436,0.2418,0.1562,-0.3001,0.2468,1.209,0.0672,0.0647,0.099,0.3725,18.8,103.6,20.6,Healthy
PB31,Toba Tek Singh,Punjab,Rabi_2021,rabi,sugarcane,30.9667,72.4833,0.2707,0.1741,-0.322,0.2705,1.353,0.0383,0.0751,0.1247,0.394,18.6,110.9,20.3,Healthy
PB33,Jhelum,Punjab,Rabi_2021,rabi,wheat,32.9425,73.7258,0.2243,0.1278,-0.2774,0.2318,1.121,0.0636,0.0546,0.1316,0.32,18.5,114.5,20.9,Healthy
PB32,Vehari,Punjab,Rabi_2021,rabi,cotton,30.0442,72.3514,0.1974,0.1335,-0.2674,0.2014,0.987,0.0908,0.0389,0.122,0.2661,19.8,109.8,21.1,Stressed
PB34,Bhakkar,Punjab,Rabi_2021,rabi,wheat,31.6267,71.0617,0.1447,0.0993,-0.2149,0.1469,0.723,0.1021,0.0358,0.0771,0.2107,20.0,90.8,21.8,Diseased
SD02,Hyderabad,Sindh,Rabi_2021,rabi,wheat,25.396,68.3578,0.2369,0.1674,-0.2944,0.2283,1.184,0.0733,0.0534,0.1401,0.3468,18.8,132.0,20.7,Healthy
SD03,Sukkur,Sindh,Rabi_2021,rabi,wheat,27.7052,68.857,0.1417,0.1024,-0.2347,0.1434,0.709,0.1137,0.0291,0.085,0.1988,20.3,128.7,21.5,Diseased
SD04,Larkana,Sindh,Rabi_2021,rabi,rice,27.557,68.2138,0.1214,0.093,-0.1994,0.1208,0.607,0.1075,0.0274,0.0731,0.1821,20.6,134.0,22.1,Diseased
SD05,Nawabshah,Sindh,Rabi_2021,rabi,sugarcane,26.2442,68.4099,0.1323,0.0966,-0.223,0.1313,0.662,0.1158,0.0259,0.0872,0.1887,20.1,121.7,21.7,Diseased
SD07,Khairpur,Sindh,Rabi_2021,rabi,sugarcane,27.5297,68.7592,0.1642,0.1175,-0.2421,0.1663,0.821,0.0932,0.0448,0.0901,0.2468,17.9,133.4,21.4,Stressed
SD06,Mirpurkhas,Sindh,Rabi_2021,rabi,rice,25.5281,69.0092,0.1966,0.132,-0.2772,0.1948,0.983,0.0929,0.0417,0.1208,0.2886,20.1,123.6,20.9,Stressed
SD01,Karachi,Sindh,Rabi_2021,rabi,cotton,24.8607,67.0011,0.0836,0.0598,-0.1633,0.0815,0.418,0.1206,0.0282,0.0041,0.1669,18.5,78.5,22.6,Diseased
SD08,Jacobabad,Sindh,Rabi_2021,rabi,wheat,28.2769,68.4514,0.1311,0.1022,-0.2153,0.1299,0.655,0.1093,0.0245,0.0884,0.1897,20.2,106.6,21.8,Diseased
SD09,Badin,Sindh,Rabi_2021,rabi,rice,24.6556,68.8383,0.1697,0.1158,-0.2512,0.1653,0.849,0.1063,0.0382,0.0908,0.2533,18.7,155.6,21.3,Stressed
SD10,Dadu,Sindh,Rabi_2021,rabi,wheat,26.7317,67.7753,0.1452,0.1063,-0.2317,0.1407,0.726,0.1051,0.0266,0.0875,0.2123,19.1,114.4,21.6,Diseased
SD13,Kashmore,Sindh,Rabi_2021,rabi,wheat,28.4475,69.5675,0.4602,0.3202,-0.4661,0.4579,2.301,-0.1053,0.1921,0.0667,0.6625,19.0,124.9,18.2,Healthy
SD14,Matiari,Sindh,Rabi_2021,rabi,sugarcane,25.5975,68.4608,0.4552,0.2859,-0.4696,0.4562,2.276,-0.0546,0.1508,0.209,0.6819,17.6,109.5,18.1,Healthy
SD15,Naushahro Feroze,Sindh,Rabi_2021,rabi,sugarcane,26.8414,68.1175,0.2527,0.1861,-0.3123,0.2519,1.263,0.0513,0.0685,0.1044,0.3473,18.8,143.6,20.4,Healthy
SD16,Sanghar,Sindh,Rabi_2021,rabi,cotton,26.0464,68.9486,0.1892,0.1262,-0.2756,0.1888,0.946,0.1036,0.0461,0.1074,0.2725,20.8,131.4,20.9,Stressed
SD11,Ghotki,Sindh,Rabi_2021,rabi,cotton,28.0033,69.3161,0.1556,0.1114,-0.2355,0.1576,0.778,0.0987,0.0304,0.1006,0.227,19.8,151.0,21.5,Stressed
SD12,Kamber,Sindh,Rabi_2021,rabi,wheat,27.5861,68.0017,0.1278,0.0948,-0.2091,0.1223,0.639,0.1173,0.0336,0.0313,0.2063,17.6,129.3,21.9,Diseased
SD17,Shikarpur,Sindh,Rabi_2021,rabi,wheat,27.9569,68.6381,0.1253,0.0909,-0.2133,0.1199,0.627,0.122,0.0223,0.0854,0.1826,16.1,123.8,21.9,Diseased
SD18,Tando Allahyar,Sindh,Rabi_2021,rabi,rice,25.4661,68.7178,0.1817,0.1247,-0.2637,0.1822,0.909,0.0985,0.0421,0.1124,0.2677,19.1,107.2,21.1,Stressed
SD19,Thatta,Sindh,Rabi_2021,rabi,cotton,24.7461,67.9239,0.1531,0.1105,-0.2339,0.1498,0.765,0.1172,0.0373,0.0908,0.243,17.5,117.7,21.6,Stressed
BL03,Khuzdar,Balochistan,Rabi_2021,rabi,mango,27.8,66.6167,0.1385,0.1164,-0.2219,0.1378,0.692,0.1084,0.0351,0.0906,0.2191,18.0,124.7,21.7,Diseased
SD20,Umerkot,Sindh,Rabi_2021,rabi,wheat,25.3619,69.7358,0.1788,0.1355,-0.2648,0.1766,0.894,0.1014,0.0388,0.1042,0.2755,21.6,89.8,21.1,Stressed
BL01,Quetta,Balochistan,Rabi_2021,rabi,wheat,30.1798,66.975,0.0701,0.0573,-0.1514,0.0701,0.351,0.1279,0.0203,0.0223,0.1113,19.3,146.1,22.8,Diseased
BL02,Turbat,Balochistan,Rabi_2021,rabi,wheat,26.0021,63.0621,0.1459,0.1248,-0.2059,0.1367,0.73,0.1004,0.0323,0.0818,0.2202,17.0,125.7,22.0,Diseased
BL05,Zhob,Balochistan,Rabi_2021,rabi,wheat,31.3417,69.4486,0.1225,0.0839,-0.2097,0.1207,0.613,0.1319,0.0237,0.0806,0.1764,17.3,105.4,21.9,Diseased
BL04,Loralai,Balochistan,Rabi_2021,rabi,wheat,30.3724,68.5989,0.096,0.084,-0.1832,0.0948,0.48,0.1344,0.0192,0.0415,0.1373,18.3,104.9,22.3,Diseased
BL06,Mastung,Balochistan,Rabi_2021,rabi,mango,29.797,66.846,0.1048,0.0869,-0.2034,0.1073,0.524,0.141,0.0343,0.0472,0.1942,16.8,111.8,22.0,Diseased
BL11,Chagai,Balochistan,Rabi_2021,rabi,wheat,29.1089,64.7983,0.0593,0.0464,-0.1672,0.0446,0.296,0.1686,0.0073,0.0415,0.0715,19.5,111.0,22.5,Diseased
BL09,Kalat,Balochistan,Rabi_2021,rabi,wheat,29.0228,66.5906,0.135,0.1058,-0.2359,0.1418,0.675,0.1414,0.0343,0.0893,0.2188,18.9,118.8,21.5,Diseased
BL12,Dera Bugti,Balochistan,Rabi_2021,rabi,wheat,29.0367,69.1583,0.2081,0.17,-0.3119,0.2135,1.041,0.1222,0.0405,0.1415,0.2963,20.7,114.1,20.4,Healthy
BL08,Pishin,Balochistan,Rabi_2021,rabi,wheat,30.5817,66.9956,0.095,0.0758,-0.1955,0.0939,0.475,0.1463,0.0338,0.0525,0.1822,17.7,122.6,22.1,Diseased
BL10,Gwadar,Balochistan,Rabi_2021,rabi,mango,25.1264,62.3255,-0.111,0.0078,0.1737,-0.1273,-0.555,-0.0004,0.1045,-0.363,0.1341,19.0,116.9,27.5,Diseased
BL07,Sibi,Balochistan,Rabi_2021,rabi,cotton,29.5432,67.8772,0.2128,0.1581,-0.2981,0.2097,1.064,0.0986,0.041,0.1575,0.3158,17.9,106.7,20.6,Healthy
BL13,Jaffarabad,Balochistan,Rabi_2021,rabi,cotton,28.8958,68.2706,0.1841,0.1411,-0.3048,0.176,0.92,0.1288,0.0834,0.064,0.3692,17.8,193.3,20.5,Stressed
BL14,Jhal Magsi,Balochistan,Rabi_2021,rabi,wheat,28.2833,67.7333,0.2982,0.2012,-0.3601,0.2959,1.491,0.0393,0.1365,0.0899,0.5275,19.9,104.4,19.7,Healthy
BL16,Lasbela,Balochistan,Rabi_2021,rabi,mango,26.215,66.6933,0.1396,0.0891,-0.2436,0.1356,0.698,0.1742,0.0392,0.0741,0.2174,18.1,138.6,21.4,Diseased
BL18,Nasirabad,Balochistan,Rabi_2021,rabi,cotton,28.4167,68.3833,0.3362,0.2356,-0.3934,0.3363,1.681,0.0548,0.1407,0.1049,0.5554,19.2,157.3,19.2,Healthy
BL17,Musakhel,Balochistan,Rabi_2021,rabi,wheat,30.6983,69.8361,0.1379,0.0817,-0.2483,0.1403,0.69,0.2224,0.0275,0.0541,0.202,22.1,143.1,21.3,Diseased
BL19,Nushki,Balochistan,Rabi_2021,rabi,wheat,29.5533,66.0211,0.0833,0.0715,-0.164,0.0748,0.417,0.1298,0.02,0.0418,0.1406,19.4,135.0,22.6,Diseased
BL15,Kharan,Balochistan,Rabi_2021,rabi,wheat,28.5833,65.4167,0.0846,0.0743,-0.168,0.0781,0.423,0.1354,0.0183,0.0416,0.1292,18.5,142.7,22.5,Diseased
KP01,Peshawar,KPK,Rabi_2021,rabi,wheat,34.015,71.5249,0.2522,0.1677,-0.3081,0.2553,1.261,0.0396,0.0587,0.1524,0.3638,17.7,108.8,20.5,Healthy
KP03,Swat,KPK,Rabi_2021,rabi,rice,35.2227,72.4258,0.2085,0.1346,-0.1512,0.2035,1.043,-0.3467,0.1161,0.0186,0.4348,18.4,77.9,22.8,Healthy
KP04,Charsadda,KPK,Rabi_2021,rabi,wheat,34.145,71.7305,0.2317,0.1486,-0.2774,0.2317,1.159,0.0672,0.0636,0.1108,0.3546,18.9,121.7,20.9,Healthy
KP06,Abbottabad,KPK,Rabi_2021,rabi,wheat,34.1558,73.2194,0.3258,0.1687,-0.3917,0.337,1.629,0.0777,0.1029,0.2454,0.5831,17.3,111.0,19.3,Healthy
BL22,Ziarat,Balochistan,Rabi_2021,rabi,mango,30.3819,67.7244,0.1715,0.1183,-0.2652,0.1802,0.857,0.143,0.0357,0.125,0.2592,20.1,141.6,21.1,Stressed
KP07,Dera Ismail Khan,KPK,Rabi_2021,rabi,wheat,31.8319,70.9018,0.0933,0.0663,-0.1731,0.0987,0.466,0.1288,0.0226,0.04,0.1327,19.8,148.7,22.4,Diseased
KP05,Nowshera,KPK,Rabi_2021,rabi,sugarcane,34.0153,71.9747,0.1492,0.1034,-0.1874,0.1432,0.746,0.0446,0.0686,-0.0128,0.3103,18.8,108.3,22.2,Diseased
KP08,Bannu,KPK,Rabi_2021,rabi,wheat,32.9892,70.6017,0.189,0.1285,-0.2517,0.1906,0.945,0.0907,0.0399,0.1212,0.2832,19.2,115.0,21.3,Stressed
BL20,Panjgur,Balochistan,Rabi_2021,rabi,wheat,26.9686,64.0994,0.0857,0.0754,-0.1661,0.083,0.429,0.143,0.0145,0.056,0.1164,18.7,88.1,22.5,Diseased
KP02,Mardan,KPK,Rabi_2021,rabi,sugarcane,34.1986,72.0404,0.2135,0.1372,-0.2575,0.2164,1.068,0.0558,0.0767,0.024,0.4009,20.5,139.5,21.2,Healthy
KP09,Battagram,KPK,Rabi_2021,rabi,rice,34.6825,73.0253,0.27,0.1535,-0.3445,0.2741,1.35,0.119,0.0993,0.1975,0.5034,18.6,147.4,19.9,Healthy
BL21,Washuk,Balochistan,Rabi_2021,rabi,wheat,27.5,64.0,0.0532,0.0423,-0.147,0.0403,0.266,0.2239,0.0098,0.0294,0.069,16.2,81.4,22.8,Diseased
KP13,Hangu,KPK,Rabi_2021,rabi,wheat,33.5308,71.0586,0.2681,0.1608,-0.3364,0.2734,1.341,0.0974,0.0633,0.1852,0.4009,17.1,152.0,20.1,Healthy
KP10,Buner,KPK,Rabi_2021,rabi,wheat,34.5133,72.5006,0.4248,0.2339,-0.4532,0.4299,2.124,-0.0101,0.1716,0.1456,0.7397,19.2,112.6,18.4,Healthy
KP11,Chitral,KPK,Rabi_2021,rabi,mango,35.8511,71.7864,0.1559,0.0858,-0.2078,0.1531,0.779,0.0606,0.1276,0.0412,0.4654,17.4,137.6,21.9,Stressed
KP12,Dir Lower,KPK,Rabi_2021,rabi,rice,34.7397,71.9006,0.446,0.2723,-0.4665,0.4513,2.23,-0.0129,0.186,0.1657,0.7438,18.3,149.1,18.2,Healthy
KP14,Haripur,KPK,Rabi_2021,rabi,sugarcane,33.9942,72.9317,0.2409,0.1481,-0.2904,0.2472,1.204,0.061,0.056,0.1388,0.3718,21.3,142.5,20.7,Healthy
KP15,Karak,KPK,Rabi_2021,rabi,wheat,33.1169,71.0944,0.1607,0.1112,-0.2498,0.1626,0.804,0.1216,0.039,0.0823,0.2351,17.9,139.4,21.3,Stressed
KP16,Kohat,KPK,Rabi_2021,rabi,wheat,33.5869,71.4414,0.2596,0.1677,-0.3137,0.2676,1.298,0.0655,0.0459,0.1638,0.3384,18.2,132.6,20.4,Healthy
KP19,Mansehra,KPK,Rabi_2021,rabi,wheat,34.3297,73.2003,0.1682,0.1049,-0.2399,0.1721,0.841,0.108,0.0581,0.1034,0.3063,18.9,143.4,21.5,Stressed
KP20,Shangla,KPK,Rabi_2021,rabi,rice,34.9167,72.8333,0.5163,0.2041,-0.5447,0.5257,2.581,0.0149,0.1546,0.2393,0.8105,18.8,101.4,17.0,Healthy
KP17,Lakki Marwat,KPK,Rabi_2021,rabi,wheat,32.6072,70.9122,0.1754,0.1266,-0.2414,0.1769,0.877,0.0963,0.0436,0.0889,0.2572,18.1,134.3,21.4,Stressed
KP21,Swabi,KPK,Rabi_2021,rabi,sugarcane,34.12,72.47,0.2956,0.189,-0.3256,0.2979,1.478,0.0216,0.0888,0.1429,0.4831,17.7,120.9,20.2,Healthy
KP22,Tank,KPK,Rabi_2021,rabi,wheat,32.2167,70.3833,0.1842,0.1282,-0.2666,0.1879,0.921,0.1202,0.0462,0.0801,0.2742,20.8,148.7,21.1,Stressed
KP18,Malakand,KPK,Rabi_2021,rabi,rice,34.5653,71.9306,0.4226,0.1978,-0.4452,0.4263,2.113,0.0039,0.083,0.2524,0.6063,19.1,136.7,18.5,Healthy
KP23,Tor Ghar,KPK,Rabi_2021,rabi,rice,34.7167,73.0833,0.4298,0.2279,-0.5059,0.444,2.149,0.0781,0.1181,0.3142,0.6937,19.0,127.7,17.6,Healthy
PB07,Bahawalpur,Punjab,Kharif_2021,kharif,cotton,29.3956,71.6836,0.213,0.1622,-0.268,0.2397,1.065,0.078,0.0457,0.1234,0.3059,31.6,276.5,21.1,Healthy
PB01,Lahore,Punjab,Kharif_2021,kharif,wheat,31.5204,74.3587,0.2626,0.1874,-0.2963,0.285,1.313,0.046,0.0929,0.018,0.4134,30.2,282.2,20.6,Healthy
PB08,Sargodha,Punjab,Kharif_2021,kharif,wheat,32.0836,72.6711,0.1862,0.1277,-0.2518,0.2128,0.931,0.0873,0.0521,0.0553,0.2787,30.8,370.9,21.3,Stressed
PB04,Gujranwala,Punjab,Kharif_2021,kharif,rice,32.1877,74.1945,0.1487,0.103,-0.2071,0.1717,0.743,0.0909,0.0986,-0.1571,0.2694,31.9,234.0,21.9,Stressed
PB02,Faisalabad,Punjab,Kharif_2021,kharif,cotton,31.4187,73.0791,0.1471,0.1036,-0.2035,0.1725,0.736,0.0785,0.0641,-0.0236,0.2518,31.8,258.4,22.0,Stressed
PB11,Jhang,Punjab,Kharif_2021,kharif,wheat,31.2681,72.3181,0.15,0.1095,-0.2193,0.179,0.75,0.0948,0.0427,0.026,0.2243,28.0,260.9,21.8,Stressed
PB03,Multan,Punjab,Kharif_2021,kharif,wheat,30.1978,71.4711,0.0949,0.0716,-0.184,0.1232,0.475,0.13,0.0257,0.0285,0.1409,31.3,290.4,22.3,Diseased
PB09,Sahiwal,Punjab,Kharif_2021,kharif,sugarcane,30.6706,73.1064,0.2407,0.1734,-0.2879,0.2696,1.203,0.0577,0.0701,0.0736,0.3903,30.6,264.8,20.8,Healthy
PB14,Pakpattan,Punjab,Kharif_2021,kharif,cotton,30.3436,73.3873,0.1183,0.0974,-0.1806,0.1431,0.591,0.1059,0.0365,0.0048,0.2112,28.1,359.4,22.3,Diseased
PB10,Rahim Yar Khan,Punjab,Kharif_2021,kharif,cotton,28.4202,70.2952,0.1428,0.1046,-0.2221,0.1673,0.714,0.1086,0.0368,0.0658,0.2214,30.9,254.5,21.7,Stressed
PB12,Sheikhupura,Punjab,Kharif_2021,kharif,rice,31.7167,73.985,0.1721,0.1174,-0.2369,0.1937,0.861,0.0896,0.0804,-0.1353,0.3091,30.1,325.5,21.5,Stressed
PB06,Sialkot,Punjab,Kharif_2021,kharif,rice,32.4945,74.5229,0.1305,0.0908,-0.1862,0.1596,0.652,0.1035,0.0714,-0.2214,0.2489,32.2,303.5,22.3,Diseased
PB15,Attock,Punjab,Kharif_2021,kharif,wheat,33.7667,72.3667,0.2865,0.2101,-0.334,0.3135,1.433,0.0672,0.0866,0.094,0.4612,32.1,318.9,20.1,Healthy
PB13,Okara,Punjab,Kharif_2021,kharif,wheat,30.8107,73.4597,0.1195,0.0908,-0.1953,0.1425,0.597,0.1201,0.0407,-0.0011,0.2189,32.5,358.6,22.1,Diseased
PB18,Chiniot,Punjab,Kharif_2021,kharif,sugarcane,31.7192,72.9783,0.1395,0.0981,-0.2136,0.1712,0.697,0.1028,0.0388,0.0404,0.2241,27.9,264.8,21.9,Stressed
PB19,DG Khan,Punjab,Kharif_2021,kharif,wheat,30.0496,70.6358,0.1798,0.1303,-0.248,0.2046,0.899,0.0999,0.0435,0.0922,0.2683,28.1,293.9,21.4,Stressed
PB16,Bahawalnagar,Punjab,Kharif_2021,kharif,cotton,29.9958,73.2531,0.1422,0.1139,-0.2031,0.1659,0.711,0.0995,0.0404,0.0236,0.244,27.3,265.0,22.0,Stressed
PB20,Gujrat,Punjab,Kharif_2021,kharif,rice,32.5736,74.0789,0.1233,0.0889,-0.1756,0.1514,0.616,0.0999,0.0421,-0.0164,0.219,30.9,200.4,22.4,Diseased
PB05,Rawalpindi,Punjab,Kharif_2021,kharif,wheat,33.5651,73.0169,0.1615,0.1229,-0.2175,0.1828,0.808,0.1004,0.0513,0.0668,0.2667,31.0,337.0,21.8,Stressed
PB17,Chakwal,Punjab,Kharif_2021,kharif,wheat,32.9328,72.8553,0.1676,0.1281,-0.2199,0.1908,0.838,0.0961,0.0508,0.0792,0.2843,27.6,227.9,21.8,Stressed
PB23,Khanewal,Punjab,Kharif_2021,kharif,wheat,30.3014,71.9322,0.2266,0.1678,-0.2931,0.2569,1.133,0.0764,0.064,0.0566,0.3584,30.8,237.6,20.7,Healthy
PB21,Hafizabad,Punjab,Kharif_2021,kharif,rice,32.0708,73.6886,0.1568,0.1051,-0.2203,0.1833,0.784,0.0925,0.0523,0.0312,0.2523,29.2,272.7,21.8,Stressed
PB24,Khushab,Punjab,Kharif_2021,kharif,wheat,32.2989,72.3522,0.1698,0.1258,-0.2294,0.1954,0.849,0.0868,0.0441,0.0736,0.254,28.1,286.0,21.6,Stressed
PB22,Kasur,Punjab,Kharif_2021,kharif,rice,31.1181,74.4503,0.1368,0.099,-0.206,0.1568,0.684,0.1199,0.0495,0.0317,0.2324,28.7,244.0,22.0,Diseased
PB26,Lodhran,Punjab,Kharif_2021,kharif,wheat,29.5333,71.6333,0.1685,0.1355,-0.2334,0.1884,0.842,0.0997,0.0441,0.0891,0.2524,28.1,322.7,21.6,Stressed
PB27,Mandi Bahauddin,Punjab,Kharif_2021,kharif,sugarcane,32.5864,73.4917,0.1813,0.1263,-0.2326,0.2091,0.907,0.0739,0.0548,0.0909,0.2986,29.4,287.3,21.6,Stressed
PB25,Layyah,Punjab,Kharif_2021,kharif,cotton,30.9617,70.9439,0.1226,0.0941,-0.195,0.1472,0.613,0.1205,0.037,0.0518,0.1989,28.8,270.0,22.1,Diseased
PB30,Narowal,Punjab,Kharif_2021,kharif,rice,32.1003,74.8753,0.2031,0.1382,-0.2537,0.2285,1.016,0.0874,0.0785,-0.0055,0.3297,26.8,256.9,21.3,Healthy
PB29,Muzaffargarh,Punjab,Kharif_2021,kharif,cotton,30.0736,71.1925,0.141,0.108,-0.2116,0.1639,0.705,0.0977,0.0375,0.0544,0.2215,30.2,212.3,21.9,Stressed
PB33,Jhelum,Punjab,Kharif_2021,kharif,wheat,32.9425,73.7258,0.2386,0.1575,-0.2867,0.2716,1.193,0.0712,0.0679,0.1322,0.3828,26.1,317.1,20.8,Healthy
PB31,Toba Tek Singh,Punjab,Kharif_2021,kharif,sugarcane,30.9667,72.4833,0.2332,0.167,-0.2924,0.2594,1.166,0.0632,0.0795,0.0895,0.386,30.9,327.2,20.7,Healthy
PB32,Vehari,Punjab,Kharif_2021,kharif,cotton,30.0442,72.3514,0.1899,0.1431,-0.2527,0.2199,0.949,0.0926,0.0432,0.1092,0.2767,31.3,327.0,21.3,Stressed
PB34,Bhakkar,Punjab,Kharif_2021,kharif,wheat,31.6267,71.0617,0.1402,0.1068,-0.2017,0.1628,0.701,0.1052,0.0399,0.0627,0.226,26.5,328.9,22.0,Stressed
PB28,Mianwali,Punjab,Kharif_2021,kharif,wheat,32.5853,71.5436,0.2517,0.1868,-0.2988,0.2768,1.258,0.0652,0.0735,0.1145,0.429,29.3,266.9,20.6,Healthy
SD01,Karachi,Sindh,Kharif_2021,kharif,cotton,24.8607,67.0011,0.0591,0.0492,-0.1214,0.0798,0.295,0.1118,0.0347,-0.0067,0.1481,29.9,262.3,23.2,Diseased
SD03,Sukkur,Sindh,Kharif_2021,kharif,wheat,27.7052,68.857,0.1244,0.1035,-0.2021,0.1494,0.622,0.1048,0.0348,0.0414,0.1942,29.5,237.2,22.0,Diseased
SD02,Hyderabad,Sindh,Kharif_2021,kharif,wheat,25.396,68.3578,0.2066,0.1709,-0.2557,0.2259,1.033,0.0623,0.054,0.1091,0.311,27.7,269.7,21.2,Healthy
SD04,Larkana,Sindh,Kharif_2021,kharif,rice,27.557,68.2138,0.1055,0.0915,-0.1747,0.127,0.528,0.1042,0.0358,0.015,0.1743,29.8,199.7,22.4,Diseased
SD05,Nawabshah,Sindh,Kharif_2021,kharif,sugarcane,26.2442,68.4099,0.1197,0.1019,-0.1874,0.1417,0.598,0.1018,0.0321,0.0528,0.1842,31.1,252.4,22.2,Diseased
SD06,Mirpurkhas,Sindh,Kharif_2021,kharif,rice,25.5281,69.0092,0.1705,0.1355,-0.2283,0.1958,0.852,0.084,0.0488,0.0458,0.2727,30.3,329.0,21.6,Stressed
SD07,Khairpur,Sindh,Kharif_2021,kharif,sugarcane,27.5297,68.7592,0.1463,0.1198,-0.2097,0.1699,0.731,0.09,0.0437,0.0768,0.2364,30.0,308.3,21.9,Stressed
SD08,Jacobabad,Sindh,Kharif_2021,kharif,wheat,28.2769,68.4514,0.1129,0.0955,-0.19,0.1359,0.565,0.1193,0.0352,0.0656,0.1905,29.5,295.8,22.2,Diseased
SD09,Badin,Sindh,Kharif_2021,kharif,rice,24.6556,68.8383,0.1582,0.1227,-0.2102,0.1818,0.791,0.0897,0.0475,0.0812,0.2415,29.4,265.9,21.9,Stressed
SD11,Ghotki,Sindh,Kharif_2021,kharif,cotton,28.0033,69.3161,0.1638,0.1318,-0.2289,0.1912,0.819,0.088,0.0346,0.0962,0.2477,29.5,324.5,21.6,Stressed
SD10,Dadu,Sindh,Kharif_2021,kharif,wheat,26.7317,67.7753,0.1203,0.0996,-0.1983,0.1408,0.601,0.1116,0.0294,0.0697,0.1922,34.1,317.7,22.1,Diseased
SD15,Naushahro Feroze,Sindh,Kharif_2021,kharif,sugarcane,26.8414,68.1175,0.2031,0.1712,-0.2578,0.2244,1.016,0.0748,0.0619,0.0956,0.3078,29.9,293.0,21.2,Healthy
SD13,Kashmore,Sindh,Kharif_2021,kharif,wheat,28.4475,69.5675,0.242,0.1597,-0.3266,0.2549,1.21,0.0401,0.2066,0.028,0.6109,31.1,345.2,20.2,Healthy
SD16,Sanghar,Sindh,Kharif_2021,kharif,cotton,26.0464,68.9486,0.1509,0.1222,-0.2153,0.1733,0.755,0.097,0.0462,0.0625,0.2435,29.5,247.6,21.8,Stressed
SD12,Kamber,Sindh,Kharif_2021,kharif,wheat,27.5861,68.0017,0.1123,0.0903,-0.1886,0.1294,0.562,0.1186,0.045,0.0236,0.2086,30.3,241.1,22.2,Diseased
SD14,Matiari,Sindh,Kharif_2021,kharif,sugarcane,25.5975,68.4608,0.452,0.3536,-0.4412,0.4737,2.26,-0.0766,0.1234,0.2575,0.6665,28.0,246.4,18.5,Healthy
SD17,Shikarpur,Sindh,Kharif_2021,kharif,wheat,27.9569,68.6381,0.1082,0.0897,-0.1837,0.1256,0.541,0.1203,0.0309,0.0582,0.1778,30.3,314.9,22.3,Diseased
SD19,Thatta,Sindh,Kharif_2021,kharif,cotton,24.7461,67.9239,0.1752,0.1281,-0.2231,0.1916,0.876,0.0751,0.0539,0.0739,0.2624,30.7,288.4,21.7,Stressed
SD18,Tando Allahyar,Sindh,Kharif_2021,kharif,rice,25.4661,68.7178,0.1735,0.1403,-0.2285,0.1974,0.867,0.0749,0.0509,0.068,0.2613,32.8,263.5,21.6,Stressed
BL03,Khuzdar,Balochistan,Kharif_2021,kharif,mango,27.8,66.6167,0.1167,0.1069,-0.1927,0.1296,0.583,0.1129,0.031,0.0619,0.1824,26.8,305.7,22.2,Diseased
SD20,Umerkot,Sindh,Kharif_2021,kharif,wheat,25.3619,69.7358,0.1557,0.1353,-0.2197,0.184,0.779,0.0965,0.0588,0.0445,0.2828,29.0,239.9,21.8,Stressed
BL02,Turbat,Balochistan,Kharif_2021,kharif,wheat,26.0021,63.0621,0.1209,0.1147,-0.1715,0.1347,0.604,0.1064,0.0303,0.0582,0.1889,30.6,355.0,22.5,Diseased
BL05,Zhob,Balochistan,Kharif_2021,kharif,wheat,31.3417,69.4486,0.1211,0.0948,-0.1903,0.1335,0.605,0.1169,0.0261,0.0734,0.1847,31.3,314.5,22.2,Diseased
BL01,Quetta,Balochistan,Kharif_2021,kharif,wheat,30.1798,66.975,0.0727,0.0676,-0.1471,0.0796,0.364,0.1195,0.0186,0.0251,0.1171,29.9,267.9,22.8,Diseased
BL04,Loralai,Balochistan,Kharif_2021,kharif,wheat,30.3724,68.5989,0.0827,0.0807,-0.1626,0.094,0.413,0.1347,0.0196,0.0247,0.1315,32.3,259.6,22.6,Diseased
BL07,Sibi,Balochistan,Kharif_2021,kharif,cotton,29.5432,67.8772,0.1913,0.1596,-0.2646,0.2097,0.957,0.1051,0.0398,0.1086,0.2823,28.8,313.8,21.1,Stressed
BL06,Mastung,Balochistan,Kharif_2021,kharif,mango,29.797,66.846,0.1287,0.1164,-0.2138,0.136,0.643,0.1212,0.0234,0.0752,0.1802,26.8,314.9,21.9,Diseased
BL09,Kalat,Balochistan,Kharif_2021,kharif,wheat,29.0228,66.5906,0.1901,0.161,-0.2626,0.2001,0.951,0.0976,0.0266,0.132,0.2418,30.6,250.1,21.1,Stressed
BL10,Gwadar,Balochistan,Kharif_2021,kharif,mango,25.1264,62.3255,-0.0583,0.0101,0.1246,-0.0517,-0.292,0.0374,0.0816,-0.2448,0.0689,29.7,287.8,26.8,Diseased
BL08,Pishin,Balochistan,Kharif_2021,kharif,wheat,30.5817,66.9956,0.1112,0.1002,-0.1979,0.1174,0.556,0.1263,0.0292,0.0574,0.1791,31.7,293.7,22.1,Diseased
BL11,Chagai,Balochistan,Kharif_2021,kharif,wheat,29.1089,64.7983,0.0498,0.0417,-0.1585,0.0433,0.249,0.1645,0.0115,0.0096,0.0633,27.3,269.4,22.7,Diseased
BL14,Jhal Magsi,Balochistan,Kharif_2021,kharif,wheat,28.2833,67.7333,0.0767,0.0662,-0.1843,0.0961,0.383,0.1662,0.029,0.031,0.1442,31.3,238.4,22.3,Diseased
BL12,Dera Bugti,Balochistan,Kharif_2021,kharif,wheat,29.0367,69.1583,0.1722,0.1552,-0.2589,0.1991,0.861,0.1313,0.0426,0.1018,0.2693,33.6,287.1,21.2,Stressed
BL15,Kharan,Balochistan,Kharif_2021,kharif,wheat,28.5833,65.4167,0.0715,0.0673,-0.1535,0.0703,0.358,0.1361,0.0136,0.0328,0.0989,28.8,274.5,22.7,Diseased
BL13,Jaffarabad,Balochistan,Kharif_2021,kharif,cotton,28.8958,68.2706,0.0963,0.0844,-0.2191,0.1155,0.482,0.1696,0.0539,0.0378,0.2473,28.9,236.9,21.8,Diseased
BL16,Lasbela,Balochistan,Kharif_2021,kharif,mango,26.215,66.6933,0.1048,0.0779,-0.1815,0.1184,0.524,0.1719,0.0411,0.0207,0.1907,28.8,299.5,22.3,Diseased
BL18,Nasirabad,Balochistan,Kharif_2021,kharif,cotton,28.4167,68.3833,0.1246,0.0988,-0.2118,0.1463,0.623,0.1182,0.1732,0.0393,0.5384,31.3,245.3,21.9,Diseased
BL17,Musakhel,Balochistan,Kharif_2021,kharif,wheat,30.6983,69.8361,0.1352,0.09,-0.2146,0.1513,0.676,0.2047,0.0344,0.0341,0.2075,33.7,331.3,21.8,Diseased
BL21,Washuk,Balochistan,Kharif_2021,kharif,wheat,27.5,64.0,0.0456,0.0371,-0.1364,0.0384,0.228,0.2203,0.0112,0.0046,0.0627,31.2,330.8,23.0,Diseased
BL20,Panjgur,Balochistan,Kharif_2021,kharif,wheat,26.9686,64.0994,0.0819,0.0741,-0.1617,0.0875,0.409,0.1472,0.0131,0.0546,0.1113,32.6,214.0,22.6,Diseased
BL19,Nushki,Balochistan,Kharif_2021,kharif,wheat,29.5533,66.0211,0.0771,0.0716,-0.1589,0.076,0.386,0.1302,0.0175,0.0249,0.1209,29.6,326.4,22.7,Diseased
KP01,Peshawar,KPK,Kharif_2021,kharif,wheat,34.015,71.5249,0.1986,0.14,-0.2758,0.2255,0.993,0.0905,0.0595,0.0999,0.3259,25.4,240.5,20.9,Healthy
BL22,Ziarat,Balochistan,Kharif_2021,kharif,mango,30.3819,67.7244,0.216,0.1664,-0.2831,0.2298,1.08,0.1075,0.0365,0.0995,0.2873,28.6,304.8,20.8,Healthy
KP04,Charsadda,KPK,Kharif_2021,kharif,wheat,34.145,71.7305,0.2188,0.157,-0.267,0.2425,1.094,0.0863,0.0693,0.1122,0.3679,27.3,247.3,21.1,Healthy
KP03,Swat,KPK,Kharif_2021,kharif,rice,35.2227,72.4258,0.4943,0.2754,-0.4717,0.5125,2.472,-0.058,0.1687,0.0688,0.6938,32.0,259.7,18.1,Healthy
KP02,Mardan,KPK,Kharif_2021,kharif,sugarcane,34.1986,72.0404,0.2367,0.1738,-0.2811,0.2641,1.184,0.0724,0.0694,0.089,0.4145,31.4,280.4,20.9,Healthy
KP06,Abbottabad,KPK,Kharif_2021,kharif,wheat,34.1558,73.2194,0.4691,0.3132,-0.4598,0.4895,2.345,-0.0263,0.0909,0.1963,0.5785,29.5,317.4,18.3,Healthy
KP08,Bannu,KPK,Kharif_2021,kharif,wheat,32.9892,70.6017,0.1675,0.1286,-0.2272,0.1882,0.838,0.1045,0.0456,0.0975,0.2711,32.2,298.9,21.7,Stressed
KP07,Dera Ismail Khan,KPK,Kharif_2021,kharif,wheat,31.8319,70.9018,0.0831,0.0655,-0.1556,0.1104,0.415,0.137,0.0208,0.0432,0.1267,28.3,311.3,22.7,Diseased
KP09,Battagram,KPK,Kharif_2021,kharif,rice,34.6825,73.0253,0.3999,0.2835,-0.4104,0.4177,1.999,0.0284,0.074,0.2659,0.5363,31.2,241.3,19.0,Healthy
KP05,Nowshera,KPK,Kharif_2021,kharif,sugarcane,34.0153,71.9747,0.1247,0.0948,-0.1746,0.1488,0.624,0.0781,0.0584,0.0081,0.2744,28.4,316.0,22.4,Diseased
KP11,Chitral,KPK,Kharif_2021,kharif,mango,35.8511,71.7864,0.2899,0.1918,-0.3118,0.2993,1.45,-0.0048,0.0912,0.1342,0.5013,30.7,338.8,20.4,Healthy
KP10,Buner,KPK,Kharif_2021,kharif,wheat,34.5133,72.5006,0.3525,0.217,-0.4082,0.3736,1.762,0.0514,0.1547,0.189,0.7167,28.8,226.3,19.0,Healthy
KP12,Dir Lower,KPK,Kharif_2021,kharif,rice,34.7397,71.9006,0.3708,0.2368,-0.4268,0.3956,1.854,0.0739,0.1441,0.1709,0.6505,28.3,289.4,18.7,Healthy
KP13,Hangu,KPK,Kharif_2021,kharif,wheat,33.5308,71.0586,0.2861,0.187,-0.3366,0.3097,1.43,0.0983,0.0735,0.1772,0.4399,31.7,234.1,20.1,Healthy
KP14,Haripur,KPK,Kharif_2021,kharif,sugarcane,33.9942,72.9317,0.2503,0.1837,-0.2799,0.2783,1.251,0.0558,0.0699,0.0768,0.3902,28.1,275.5,20.9,Healthy
KP15,Karak,KPK,Kharif_2021,kharif,wheat,33.1169,71.0944,0.1483,0.1132,-0.2248,0.1684,0.741,0.1226,0.0546,0.0557,0.2709,27.0,290.4,21.7,Stressed
KP16,Kohat,KPK,Kharif_2021,kharif,wheat,33.5869,71.4414,0.2476,0.1775,-0.2991,0.2751,1.238,0.0786,0.0564,0.1257,0.351,31.1,318.3,20.6,Healthy
KP17,Lakki Marwat,KPK,Kharif_2021,kharif,wheat,32.6072,70.9122,0.1331,0.1065,-0.1999,0.1571,0.665,0.1214,0.0463,0.063,0.2458,33.6,327.8,22.1,Diseased
KP19,Mansehra,KPK,Kharif_2021,kharif,wheat,34.3297,73.2003,0.1949,0.1483,-0.2374,0.2175,0.974,0.0856,0.0556,0.0866,0.3129,30.9,330.1,21.5,Healthy
KP18,Malakand,KPK,Kharif_2021,kharif,rice,34.5653,71.9306,0.4133,0.2424,-0.4249,0.4379,2.067,0.0141,0.1016,0.2197,0.6078,32.8,254.4,18.8,Healthy
KP20,Shangla,KPK,Kharif_2021,kharif,rice,34.9167,72.8333,0.6212,0.4799,-0.5641,0.6379,3.106,-0.0988,0.074,0.4524,0.7667,30.4,339.9,16.7,Healthy
KP21,Swabi,KPK,Kharif_2021,kharif,sugarcane,34.12,72.47,0.2514,0.1838,-0.301,0.2793,1.257,0.0768,0.0916,0.1168,0.4732,28.1,245.6,20.6,Healthy
KP22,Tank,KPK,Kharif_2021,kharif,wheat,32.2167,70.3833,0.1639,0.1285,-0.2343,0.1854,0.819,0.1197,0.0449,0.0783,0.2642,29.2,286.2,21.6,Stressed
KP23,Tor Ghar,KPK,Kharif_2021,kharif,rice,34.7167,73.0833,0.6259,0.4377,-0.5848,0.6406,3.13,-0.0933,0.1012,0.4527,0.7947,34.1,258.2,16.4,Healthy
PB08,Sargodha,Punjab,Rabi_2022,rabi,wheat,32.0836,72.6711,0.1925,0.114,-0.2791,0.1943,0.962,0.1006,0.042,0.084,0.2635,17.7,113.1,20.9,Stressed
PB07,Bahawalpur,Punjab,Rabi_2022,rabi,cotton,29.3956,71.6836,0.2071,0.1464,-0.2694,0.2113,1.035,0.0776,0.033,0.1458,0.2733,17.3,113.1,21.0,Healthy
PB02,Faisalabad,Punjab,Rabi_2022,rabi,cotton,31.4187,73.0791,0.1547,0.0895,-0.2233,0.1574,0.774,0.0841,0.0387,0.0662,0.2184,20.7,141.5,21.7,Stressed
PB01,Lahore,Punjab,Rabi_2022,rabi,wheat,31.5204,74.3587,0.222,0.1425,-0.2636,0.2281,1.11,0.0461,0.0613,0.0953,0.3282,18.2,113.9,21.1,Healthy
PB03,Multan,Punjab,Rabi_2022,rabi,wheat,30.1978,71.4711,0.1005,0.0685,-0.1894,0.1021,0.502,0.1119,0.0301,0.0114,0.1418,18.8,133.9,22.2,Diseased
PB04,Gujranwala,Punjab,Rabi_2022,rabi,rice,32.1877,74.1945,0.1682,0.1023,-0.2274,0.1694,0.841,0.0731,0.0514,0.0397,0.2655,19.1,137.7,21.7,Stressed
PB05,Rawalpindi,Punjab,Rabi_2022,rabi,wheat,33.5651,73.0169,0.1575,0.1085,-0.2234,0.1557,0.788,0.0932,0.0522,0.0534,0.2468,17.3,139.3,21.7,Stressed
PB06,Sialkot,Punjab,Rabi_2022,rabi,rice,32.4945,74.5229,0.1376,0.0845,-0.2023,0.1426,0.688,0.0935,0.0391,0.0082,0.2183,18.6,96.4,22.0,Diseased
PB11,Jhang,Punjab,Rabi_2022,rabi,wheat,31.2681,72.3181,0.1534,0.0978,-0.239,0.16,0.767,0.1035,0.027,0.089,0.2016,17.9,117.6,21.5,Stressed
PB10,Rahim Yar Khan,Punjab,Rabi_2022,rabi,cotton,28.4202,70.2952,0.143,0.0983,-0.2285,0.14,0.715,0.1038,0.0282,0.0852,0.2041,17.4,155.5,21.6,Diseased
PB09,Sahiwal,Punjab,Rabi_2022,rabi,sugarcane,30.6706,73.1064,0.2454,0.1584,-0.3052,0.2525,1.227,0.0605,0.0607,0.0609,0.3958,20.4,113.5,20.5,Healthy
PB13,Okara,Punjab,Rabi_2022,rabi,wheat,30.8107,73.4597,0.1296,0.0858,-0.2126,0.1268,0.648,0.1139,0.0334,0.0403,0.1947,19.0,141.8,21.9,Diseased
PB14,Pakpattan,Punjab,Rabi_2022,rabi,cotton,30.3436,73.3873,0.1349,0.0972,-0.2077,0.1364,0.675,0.1013,0.0303,0.0519,0.1963,19.3,106.8,21.9,Diseased
PB15,Attock,Punjab,Rabi_2022,rabi,wheat,33.7667,72.3667,0.2573,0.1668,-0.3161,0.2645,1.286,0.0811,0.061,0.1357,0.388,16.3,138.4,20.4,Healthy
PB12,Sheikhupura,Punjab,Rabi_2022,rabi,rice,31.7167,73.985,0.1918,0.1175,-0.2586,0.1929,0.959,0.076,0.0589,0.0256,0.3057,19.9,137.4,21.2,Stressed
PB19,DG Khan,Punjab,Rabi_2022,rabi,wheat,30.0496,70.6358,0.1747,0.1179,-0.2461,0.1768,0.873,0.0874,0.0371,0.0921,0.2517,17.9,112.8,21.4,Stressed
PB20,Gujrat,Punjab,Rabi_2022,rabi,rice,32.5736,74.0789,0.1267,0.0824,-0.1854,0.1312,0.633,0.086,0.0324,0.0499,0.1933,18.0,152.3,22.3,Diseased
PB16,Bahawalnagar,Punjab,Rabi_2022,rabi,cotton,29.9958,73.2531,0.152,0.1073,-0.2248,0.1517,0.76,0.1,0.0298,0.0922,0.2366,19.6,134.0,21.7,Stressed
PB17,Chakwal,Punjab,Rabi_2022,rabi,wheat,32.9328,72.8553,0.1825,0.1215,-0.2552,0.1822,0.912,0.0997,0.0481,0.0762,0.2728,19.1,145.8,21.2,Stressed
PB21,Hafizabad,Punjab,Rabi_2022,rabi,rice,32.0708,73.6886,0.1618,0.0975,-0.238,0.1636,0.809,0.0879,0.0483,0.0356,0.2283,19.7,139.8,21.5,Stressed
PB18,Chiniot,Punjab,Rabi_2022,rabi,sugarcane,31.7192,72.9783,0.1472,0.0893,-0.2367,0.153,0.736,0.1075,0.0327,0.0564,0.1962,20.3,162.1,21.5,Diseased
PB22,Kasur,Punjab,Rabi_2022,rabi,rice,31.1181,74.4503,0.1399,0.0902,-0.2079,0.1386,0.7,0.1028,0.0357,0.0566,0.2037,19.9,117.8,21.9,Diseased
PB24,Khushab,Punjab,Rabi_2022,rabi,wheat,32.2989,72.3522,0.1835,0.1163,-0.2645,0.1834,0.917,0.0949,0.0416,0.0973,0.2592,20.0,119.9,21.1,Stressed
PB25,Layyah,Punjab,Rabi_2022,rabi,cotton,30.9617,70.9439,0.1283,0.0907,-0.1998,0.1303,0.641,0.1009,0.0304,0.0672,0.1905,21.7,106.4,22.1,Diseased
PB27,Mandi Bahauddin,Punjab,Rabi_2022,rabi,sugarcane,32.5864,73.4917,0.1944,0.1185,-0.2599,0.193,0.972,0.0679,0.0493,0.0845,0.276,17.6,117.7,21.2,Stressed
PB26,Lodhran,Punjab,Rabi_2022,rabi,wheat,29.5333,71.6333,0.177,0.1316,-0.2479,0.1728,0.885,0.0919,0.0391,0.1085,0.2469,21.2,125.1,21.4,Stressed
PB23,Khanewal,Punjab,Rabi_2022,rabi,wheat,30.3014,71.9322,0.2284,0.1591,-0.2999,0.2343,1.142,0.0688,0.0583,0.0788,0.3489,18.0,84.1,20.6,Healthy
PB29,Muzaffargarh,Punjab,Rabi_2022,rabi,cotton,30.0736,71.1925,0.1458,0.1024,-0.2266,0.1442,0.729,0.0947,0.0335,0.0429,0.2127,19.3,103.4,21.7,Diseased
PB30,Narowal,Punjab,Rabi_2022,rabi,rice,32.1003,74.8753,0.1905,0.1193,-0.2512,0.1966,0.952,0.0775,0.0635,0.0205,0.2852,18.7,124.8,21.3,Stressed
PB33,Jhelum,Punjab,Rabi_2022,rabi,wheat,32.9425,73.7258,0.2383,0.1434,-0.296,0.2467,1.191,0.0632,0.0515,0.1425,0.3277,18.7,126.9,20.7,Healthy
PB28,Mianwali,Punjab,Rabi_2022,rabi,wheat,32.5853,71.5436,0.2651,0.1687,-0.3268,0.2723,1.326,0.0725,0.0561,0.1555,0.3959,17.8,118.1,20.2,Healthy
PB31,Toba Tek Singh,Punjab,Rabi_2022,rabi,sugarcane,30.9667,72.4833,0.2616,0.1742,-0.3255,0.2649,1.308,0.0526,0.0567,0.1448,0.3552,19.6,149.6,20.2,Healthy
PB32,Vehari,Punjab,Rabi_2022,rabi,cotton,30.0442,72.3514,0.1892,0.1326,-0.2634,0.1959,0.946,0.0967,0.0354,0.1191,0.2494,18.7,132.9,21.1,Stressed
SD02,Hyderabad,Sindh,Rabi_2022,rabi,wheat,25.396,68.3578,0.2325,0.1709,-0.2883,0.2251,1.163,0.0605,0.0512,0.1266,0.35,18.7,115.6,20.8,Healthy
PB34,Bhakkar,Punjab,Rabi_2022,rabi,wheat,31.6267,71.0617,0.1428,0.0976,-0.2169,0.1442,0.714,0.1041,0.0343,0.0807,0.2216,18.8,113.2,21.8,Diseased
SD05,Nawabshah,Sindh,Rabi_2022,rabi,sugarcane,26.2442,68.4099,0.1307,0.0982,-0.2132,0.1301,0.654,0.1072,0.0289,0.0553,0.1885,20.1,99.6,21.9,Diseased
SD04,Larkana,Sindh,Rabi_2022,rabi,rice,27.557,68.2138,0.1249,0.0947,-0.2017,0.1233,0.625,0.1063,0.0266,0.0647,0.1786,19.8,108.5,22.0,Diseased
SD07,Khairpur,Sindh,Rabi_2022,rabi,sugarcane,27.5297,68.7592,0.1605,0.117,-0.2358,0.1616,0.803,0.0918,0.0426,0.0859,0.2421,21.5,110.9,21.5,Stressed
SD01,Karachi,Sindh,Rabi_2022,rabi,cotton,24.8607,67.0011,0.0853,0.0607,-0.1645,0.0862,0.426,0.1208,0.0266,0.0031,0.1542,18.8,118.1,22.6,Diseased
SD09,Badin,Sindh,Rabi_2022,rabi,rice,24.6556,68.8383,0.168,0.1174,-0.2428,0.166,0.84,0.1014,0.0393,0.0938,0.2574,21.0,122.2,21.4,Stressed
SD03,Sukkur,Sindh,Rabi_2022,rabi,wheat,27.7052,68.857,0.1418,0.1035,-0.2309,0.142,0.709,0.1089,0.0357,0.0319,0.202,16.1,134.1,21.6,Diseased
SD10,Dadu,Sindh,Rabi_2022,rabi,wheat,26.7317,67.7753,0.1488,0.1098,-0.2355,0.1433,0.744,0.1027,0.0263,0.0897,0.2123,16.2,83.6,21.5,Diseased
SD08,Jacobabad,Sindh,Rabi_2022,rabi,wheat,28.2769,68.4514,0.1368,0.1043,-0.221,0.1367,0.684,0.1121,0.0254,0.0842,0.1876,19.9,99.8,21.7,Diseased
SD06,Mirpurkhas,Sindh,Rabi_2022,rabi,rice,25.5281,69.0092,0.1943,0.1324,-0.2704,0.1938,0.971,0.0873,0.0441,0.1059,0.2925,17.3,122.4,21.0,Stressed
SD13,Kashmore,Sindh,Rabi_2022,rabi,wheat,28.4475,69.5675,0.384,0.2381,-0.3977,0.3809,1.92,-0.0227,0.2022,0.0676,0.6682,19.3,105.0,19.2,Healthy
SD11,Ghotki,Sindh,Rabi_2022,rabi,cotton,28.0033,69.3161,0.1597,0.1148,-0.2398,0.1625,0.799,0.0967,0.0304,0.0933,0.2346,19.4,131.1,21.5,Stressed
SD15,Naushahro Feroze,Sindh,Rabi_2022,rabi,sugarcane,26.8414,68.1175,0.2256,0.1831,-0.2834,0.2252,1.128,0.0483,0.0698,0.1106,0.3466,20.5,123.1,20.8,Healthy
SD14,Matiari,Sindh,Rabi_2022,rabi,sugarcane,25.5975,68.4608,0.4662,0.3081,-0.4697,0.4698,2.331,-0.0707,0.1459,0.2205,0.7033,17.3,86.5,18.1,Healthy
SD12,Kamber,Sindh,Rabi_2022,rabi,wheat,27.5861,68.0017,0.1289,0.0963,-0.2137,0.1225,0.645,0.1158,0.0335,0.0382,0.2044,19.6,108.7,21.9,Diseased
SD16,Sanghar,Sindh,Rabi_2022,rabi,cotton,26.0464,68.9486,0.1826,0.1277,-0.2641,0.1833,0.913,0.096,0.0496,0.0798,0.2775,19.5,85.2,21.1,Stressed
SD17,Shikarpur,Sindh,Rabi_2022,rabi,wheat,27.9569,68.6381,0.1266,0.0926,-0.2141,0.1207,0.633,0.1195,0.0234,0.0819,0.1903,20.2,116.2,21.8,Diseased
SD18,Tando Allahyar,Sindh,Rabi_2022,rabi,rice,25.4661,68.7178,0.1792,0.1261,-0.2548,0.182,0.896,0.0897,0.0385,0.0964,0.2552,16.8,79.1,21.3,Stressed
SD19,Thatta,Sindh,Rabi_2022,rabi,cotton,24.7461,67.9239,0.1624,0.1148,-0.2401,0.1611,0.812,0.1115,0.0391,0.1046,0.2592,17.7,97.7,21.5,Stressed
BL03,Khuzdar,Balochistan,Rabi_2022,rabi,mango,27.8,66.6167,0.1354,0.113,-0.2179,0.1334,0.677,0.1107,0.032,0.0887,0.2019,17.7,129.5,21.8,Diseased
BL01,Quetta,Balochistan,Rabi_2022,rabi,wheat,30.1798,66.975,0.0707,0.0581,-0.1539,0.0725,0.353,0.1279,0.0181,0.0356,0.1098,20.2,106.9,22.7,Diseased
BL02,Turbat,Balochistan,Rabi_2022,rabi,wheat,26.0021,63.0621,0.1551,0.1322,-0.2127,0.1492,0.776,0.0957,0.0283,0.1017,0.2241,19.8,92.7,21.9,Stressed
SD20,Umerkot,Sindh,Rabi_2022,rabi,wheat,25.3619,69.7358,0.1824,0.1393,-0.2614,0.1835,0.912,0.0945,0.0403,0.1119,0.2843,18.5,141.1,21.2,Stressed
BL05,Zhob,Balochistan,Rabi_2022,rabi,wheat,31.3417,69.4486,0.1289,0.0886,-0.217,0.1269,0.644,0.1291,0.0254,0.0893,0.1925,19.7,138.6,21.8,Diseased
BL07,Sibi,Balochistan,Rabi_2022,rabi,cotton,29.5432,67.8772,0.2134,0.1583,-0.2981,0.2097,1.067,0.097,0.034,0.1583,0.2915,16.9,84.9,20.6,Healthy
BL06,Mastung,Balochistan,Rabi_2022,rabi,mango,29.797,66.846,0.1092,0.0905,-0.2067,0.1123,0.546,0.1349,0.0371,0.0375,0.1908,17.2,133.9,22.0,Diseased
BL09,Kalat,Balochistan,Rabi_2022,rabi,wheat,29.0228,66.5906,0.1335,0.1073,-0.2306,0.1396,0.668,0.1293,0.0413,0.0567,0.2241,20.4,115.0,21.6,Diseased
BL04,Loralai,Balochistan,Rabi_2022,rabi,wheat,30.3724,68.5989,0.0922,0.0808,-0.1803,0.09,0.461,0.1348,0.0163,0.0604,0.1309,18.0,120.9,22.3,Diseased
BL08,Pishin,Balochistan,Rabi_2022,rabi,wheat,30.5817,66.9956,0.1031,0.0839,-0.2001,0.103,0.515,0.1363,0.0462,-0.0058,0.1934,23.1,94.0,22.1,Diseased
BL10,Gwadar,Balochistan,Rabi_2022,rabi,mango,25.1264,62.3255,-0.1051,0.0157,0.174,-0.1217,-0.525,0.0047,0.119,-0.3649,0.101,19.3,122.1,27.5,Diseased
BL11,Chagai,Balochistan,Rabi_2022,rabi,wheat,29.1089,64.7983,0.0558,0.0449,-0.1655,0.0437,0.279,0.1673,0.0074,0.0404,0.072,20.3,130.2,22.6,Diseased
BL12,Dera Bugti,Balochistan,Rabi_2022,rabi,wheat,29.0367,69.1583,0.208,0.1655,-0.3075,0.212,1.04,0.1239,0.0479,0.1077,0.3255,18.1,110.5,20.5,Healthy
BL14,Jhal Magsi,Balochistan,Rabi_2022,rabi,wheat,28.2833,67.7333,0.1246,0.1005,-0.2341,0.1184,0.623,0.1424,0.0713,0.0303,0.3027,17.6,98.6,21.6,Diseased
BL16,Lasbela,Balochistan,Rabi_2022,rabi,mango,26.215,66.6933,0.1312,0.0834,-0.2229,0.1295,0.656,0.1846,0.0201,0.0842,0.1673,22.2,114.6,21.7,Diseased
BL15,Kharan,Balochistan,Rabi_2022,rabi,wheat,28.5833,65.4167,0.0893,0.0779,-0.1738,0.0829,0.446,0.1351,0.0175,0.0453,0.1358,20.2,130.8,22.4,Diseased
BL17,Musakhel,Balochistan,Rabi_2022,rabi,wheat,30.6983,69.8361,0.1259,0.0751,-0.2386,0.1265,0.629,0.2334,0.0207,0.0856,0.1862,20.0,110.2,21.5,Diseased
BL18,Nasirabad,Balochistan,Rabi_2022,rabi,cotton,28.4167,68.3833,0.3914,0.2776,-0.4288,0.3952,1.957,0.0031,0.1729,0.1193,0.6634,18.5,148.7,18.7,Healthy
BL13,Jaffarabad,Balochistan,Rabi_2022,rabi,cotton,28.8958,68.2706,0.1643,0.1295,-0.2862,0.1574,0.821,0.1396,0.0757,0.0618,0.3542,18.1,124.9,20.8,Stressed
BL19,Nushki,Balochistan,Rabi_2022,rabi,wheat,29.5533,66.0211,0.0847,0.0737,-0.1667,0.0765,0.424,0.1267,0.0238,-0.0086,0.1375,17.6,127.0,22.5,Diseased
BL21,Washuk,Balochistan,Rabi_2022,rabi,wheat,27.5,64.0,0.0491,0.0401,-0.1416,0.0383,0.246,0.2225,0.008,0.0353,0.0702,20.8,116.3,22.9,Diseased
BL22,Ziarat,Balochistan,Rabi_2022,rabi,mango,30.3819,67.7244,0.171,0.1191,-0.2628,0.1782,0.855,0.135,0.0456,0.0449,0.2492,17.5,86.5,21.1,Stressed
BL20,Panjgur,Balochistan,Rabi_2022,rabi,wheat,26.9686,64.0994,0.0891,0.0759,-0.169,0.0878,0.446,0.1433,0.0151,0.0586,0.1236,18.2,130.9,22.5,Diseased
KP01,Peshawar,KPK,Rabi_2022,rabi,wheat,34.015,71.5249,0.2303,0.1457,-0.3049,0.2389,1.152,0.0629,0.0767,0.105,0.3723,20.1,88.5,20.5,Healthy
KP04,Charsadda,KPK,Rabi_2022,rabi,wheat,34.145,71.7305,0.2169,0.1341,-0.2721,0.2214,1.084,0.0824,0.0751,0.0857,0.3668,17.0,153.3,21.0,Healthy
KP03,Swat,KPK,Rabi_2022,rabi,rice,35.2227,72.4258,0.1771,0.136,-0.137,0.18,0.886,-0.2654,0.1419,-0.0192,0.5331,18.3,108.2,23.0,Stressed
KP06,Abbottabad,KPK,Rabi_2022,rabi,wheat,34.1558,73.2194,0.3907,0.2182,-0.4312,0.4013,1.954,0.0321,0.0879,0.2809,0.5614,20.3,74.7,18.7,Healthy
KP02,Mardan,KPK,Rabi_2022,rabi,sugarcane,34.1986,72.0404,0.2048,0.1357,-0.2558,0.2117,1.024,0.0669,0.082,0.0589,0.3885,20.2,132.1,21.2,Healthy
KP08,Bannu,KPK,Rabi_2022,rabi,wheat,32.9892,70.6017,0.1943,0.1289,-0.2635,0.1979,0.971,0.0967,0.0406,0.1115,0.2802,19.5,123.2,21.1,Stressed
KP07,Dera Ismail Khan,KPK,Rabi_2022,rabi,wheat,31.8319,70.9018,0.0934,0.0643,-0.1757,0.0977,0.467,0.1306,0.0266,0.0073,0.1405,19.4,100.3,22.4,Diseased
KP09,Battagram,KPK,Rabi_2022,rabi,rice,34.6825,73.0253,0.3012,0.1668,-0.3727,0.3066,1.506,0.1065,0.0864,0.193,0.4597,17.4,141.8,19.5,Healthy
KP05,Nowshera,KPK,Rabi_2022,rabi,sugarcane,34.0153,71.9747,0.1426,0.098,-0.1888,0.1404,0.713,0.0598,0.0781,-0.0682,0.2912,17.5,101.8,22.2,Diseased
KP11,Chitral,KPK,Rabi_2022,rabi,mango,35.8511,71.7864,0.1617,0.0992,-0.2004,0.1624,0.808,0.0374,0.1083,0.0499,0.414,21.0,116.0,22.0,Stressed
KP10,Buner,KPK,Rabi_2022,rabi,wheat,34.5133,72.5006,0.3606,0.1889,-0.4191,0.3687,1.803,0.029,0.1829,0.0757,0.6785,18.0,152.9,18.9,Healthy
KP12,Dir Lower,KPK,Rabi_2022,rabi,rice,34.7397,71.9006,0.3586,0.1838,-0.4322,0.3695,1.793,0.0613,0.1976,0.1606,0.7276,16.8,178.2,18.7,Healthy
KP13,Hangu,KPK,Rabi_2022,rabi,wheat,33.5308,71.0586,0.2642,0.1526,-0.3374,0.2732,1.321,0.102,0.0655,0.1685,0.4081,19.5,124.8,20.0,Healthy
KP15,Karak,KPK,Rabi_2022,rabi,wheat,33.1169,71.0944,0.1655,0.1166,-0.2582,0.168,0.828,0.1205,0.0361,0.0956,0.2344,17.6,118.3,21.2,Stressed
KP16,Kohat,KPK,Rabi_2022,rabi,wheat,33.5869,71.4414,0.241,0.1543,-0.3088,0.2518,1.205,0.0819,0.0504,0.1432,0.3408,19.9,143.1,20.5,Healthy
KP14,Haripur,KPK,Rabi_2022,rabi,sugarcane,33.9942,72.9317,0.2398,0.1556,-0.2885,0.2466,1.199,0.0603,0.0596,0.0978,0.3514,20.4,129.0,20.8,Healthy
KP17,Lakki Marwat,KPK,Rabi_2022,rabi,wheat,32.6072,70.9122,0.1888,0.1322,-0.2572,0.1911,0.944,0.0965,0.0424,0.1142,0.2749,19.8,137.6,21.2,Stressed
KP19,Mansehra,KPK,Rabi_2022,rabi,wheat,34.3297,73.2003,0.1817,0.1204,-0.2485,0.187,0.909,0.0933,0.061,0.0913,0.3045,17.4,92.6,21.3,Stressed
KP20,Shangla,KPK,Rabi_2022,rabi,rice,34.9167,72.8333,0.4962,0.2406,-0.5296,0.5079,2.481,0.0193,0.1394,0.2312,0.803,18.8,107.9,17.2,Healthy
KP23,Tor Ghar,KPK,Rabi_2022,rabi,rice,34.7167,73.0833,0.4749,0.2528,-0.5282,0.4881,2.374,0.0405,0.1114,0.2954,0.6616,21.8,129.2,17.3,Healthy
KP18,Malakand,KPK,Rabi_2022,rabi,rice,34.5653,71.9306,0.4164,0.2057,-0.446,0.4259,2.082,0.0022,0.0756,0.2572,0.608,19.9,122.2,18.5,Healthy
KP22,Tank,KPK,Rabi_2022,rabi,wheat,32.2167,70.3833,0.1924,0.1315,-0.2806,0.1941,0.962,0.1263,0.0403,0.1188,0.2783,18.9,119.9,20.9,Stressed
KP21,Swabi,KPK,Rabi_2022,rabi,sugarcane,34.12,72.47,0.281,0.1866,-0.31,0.2883,1.405,0.0261,0.0986,0.0927,0.4655,21.6,129.4,20.4,Healthy
PB08,Sargodha,Punjab,Kharif_2022,kharif,wheat,32.0836,72.6711,0.1884,0.1269,-0.2632,0.2105,0.942,0.0928,0.0583,0.0538,0.2965,28.4,306.7,21.1,Stressed
PB07,Bahawalpur,Punjab,Kharif_2022,kharif,cotton,29.3956,71.6836,0.2271,0.1692,-0.281,0.25,1.136,0.0784,0.0478,0.1333,0.3145,29.0,316.9,20.9,Healthy
PB01,Lahore,Punjab,Kharif_2022,kharif,wheat,31.5204,74.3587,0.2325,0.1694,-0.2901,0.2566,1.163,0.0572,0.1039,-0.0689,0.3723,28.8,224.2,20.7,Healthy
PB05,Rawalpindi,Punjab,Kharif_2022,kharif,wheat,33.5651,73.0169,0.1596,0.1212,-0.2174,0.1805,0.798,0.1035,0.0443,0.1003,0.2575,32.6,293.1,21.8,Stressed
PB06,Sialkot,Punjab,Kharif_2022,kharif,rice,32.4945,74.5229,0.1417,0.0977,-0.2055,0.1683,0.709,0.1072,0.0697,-0.1834,0.2626,26.0,313.9,22.0,Stressed
PB03,Multan,Punjab,Kharif_2022,kharif,wheat,30.1978,71.4711,0.1,0.0751,-0.191,0.1192,0.5,0.1285,0.0363,-0.0434,0.1448,30.6,241.6,22.2,Diseased
PB02,Faisalabad,Punjab,Kharif_2022,kharif,cotton,31.4187,73.0791,0.1687,0.1125,-0.2379,0.1909,0.843,0.0809,0.0628,-0.0062,0.2743,29.7,253.7,21.5,Stressed
PB04,Gujranwala,Punjab,Kharif_2022,kharif,rice,32.1877,74.1945,0.1522,0.107,-0.2164,0.175,0.761,0.0897,0.091,-0.2703,0.2714,29.1,224.9,21.8,Stressed
PB15,Attock,Punjab,Kharif_2022,kharif,wheat,33.7667,72.3667,0.3222,0.2218,-0.3561,0.3486,1.611,0.0616,0.0845,0.1166,0.4769,33.2,341.6,19.8,Healthy
PB09,Sahiwal,Punjab,Kharif_2022,kharif,sugarcane,30.6706,73.1064,0.2686,0.1819,-0.3241,0.2904,1.343,0.0598,0.0689,0.0726,0.415,28.1,267.4,20.2,Healthy
PB10,Rahim Yar Khan,Punjab,Kharif_2022,kharif,cotton,28.4202,70.2952,0.1609,0.1132,-0.2366,0.1767,0.805,0.1064,0.0412,0.0643,0.2298,30.5,308.1,21.5,Stressed
PB11,Jhang,Punjab,Kharif_2022,kharif,wheat,31.2681,72.3181,0.1785,0.1224,-0.2515,0.2037,0.893,0.099,0.0446,0.1033,0.2682,31.1,298.1,21.3,Stressed
PB14,Pakpattan,Punjab,Kharif_2022,kharif,cotton,30.3436,73.3873,0.1307,0.1012,-0.2011,0.1502,0.654,0.1118,0.032,0.0618,0.2035,29.7,281.1,22.0,Diseased
PB12,Sheikhupura,Punjab,Kharif_2022,kharif,rice,31.7167,73.985,0.1841,0.1268,-0.2522,0.205,0.921,0.0908,0.0843,-0.1562,0.3216,31.8,311.3,21.3,Stressed
PB13,Okara,Punjab,Kharif_2022,kharif,wheat,30.8107,73.4597,0.1327,0.0997,-0.2117,0.1478,0.663,0.1169,0.0678,-0.2205,0.2326,27.6,175.5,21.9,Diseased
PB16,Bahawalnagar,Punjab,Kharif_2022,kharif,cotton,29.9958,73.2531,0.1573,0.121,-0.222,0.1719,0.786,0.0976,0.0402,0.0565,0.2459,30.8,329.9,21.7,Stressed
PB19,DG Khan,Punjab,Kharif_2022,kharif,wheat,30.0496,70.6358,0.2047,0.1402,-0.2712,0.2192,1.024,0.1006,0.0544,0.093,0.2928,27.0,264.9,21.0,Healthy
PB18,Chiniot,Punjab,Kharif_2022,kharif,sugarcane,31.7192,72.9783,0.1443,0.0965,-0.231,0.1686,0.722,0.113,0.0429,-0.0308,0.2251,27.3,270.1,21.6,Stressed
PB17,Chakwal,Punjab,Kharif_2022,kharif,wheat,32.9328,72.8553,0.1637,0.1178,-0.2318,0.1842,0.819,0.1085,0.0601,0.024,0.2875,33.1,296.5,21.6,Stressed
PB20,Gujrat,Punjab,Kharif_2022,kharif,rice,32.5736,74.0789,0.128,0.0912,-0.1842,0.1548,0.64,0.1004,0.0426,-0.0144,0.2223,30.6,170.5,22.3,Diseased
PB21,Hafizabad,Punjab,Kharif_2022,kharif,rice,32.0708,73.6886,0.1453,0.0964,-0.2232,0.1683,0.726,0.0976,0.0663,-0.0376,0.2634,32.4,298.0,21.7,Stressed
PB22,Kasur,Punjab,Kharif_2022,kharif,rice,31.1181,74.4503,0.1451,0.1008,-0.2265,0.1656,0.725,0.1305,0.0661,-0.0858,0.2187,32.0,256.4,21.7,Stressed
PB23,Khanewal,Punjab,Kharif_2022,kharif,wheat,30.3014,71.9322,0.2359,0.1783,-0.3044,0.2567,1.179,0.0691,0.081,0.0192,0.406,29.7,255.0,20.5,Healthy
PB26,Lodhran,Punjab,Kharif_2022,kharif,wheat,29.5333,71.6333,0.1726,0.1367,-0.2413,0.1859,0.863,0.1044,0.0472,0.0898,0.2582,28.6,236.2,21.4,Stressed
PB27,Mandi Bahauddin,Punjab,Kharif_2022,kharif,sugarcane,32.5864,73.4917,0.2038,0.1363,-0.2539,0.2272,1.019,0.0694,0.068,0.0435,0.3207,33.5,304.8,21.3,Healthy
PB25,Layyah,Punjab,Kharif_2022,kharif,cotton,30.9617,70.9439,0.1434,0.1035,-0.214,0.1643,0.717,0.119,0.0443,0.0534,0.228,33.7,190.6,21.8,Stressed
PB24,Khushab,Punjab,Kharif_2022,kharif,wheat,32.2989,72.3522,0.1738,0.1239,-0.2439,0.1945,0.869,0.0945,0.0507,0.0925,0.2886,30.3,257.0,21.4,Stressed
PB30,Narowal,Punjab,Kharif_2022,kharif,rice,32.1003,74.8753,0.1934,0.1322,-0.2591,0.2211,0.967,0.1002,0.0676,0.0118,0.3028,31.3,260.9,21.2,Stressed
PB28,Mianwali,Punjab,Kharif_2022,kharif,wheat,32.5853,71.5436,0.2384,0.1689,-0.3082,0.2626,1.192,0.0836,0.0866,0.0317,0.4453,28.8,220.6,20.5,Healthy
PB31,Toba Tek Singh,Punjab,Kharif_2022,kharif,sugarcane,30.9667,72.4833,0.2541,0.1748,-0.3222,0.2743,1.271,0.0668,0.0986,-0.0217,0.4157,31.7,241.3,20.3,Healthy
PB29,Muzaffargarh,Punjab,Kharif_2022,kharif,cotton,30.0736,71.1925,0.1545,0.115,-0.2306,0.1707,0.772,0.1033,0.0408,0.0608,0.2428,33.3,254.1,21.6,Stressed
PB32,Vehari,Punjab,Kharif_2022,kharif,cotton,30.0442,72.3514,0.1919,0.1454,-0.2612,0.2121,0.959,0.0955,0.0713,-0.0681,0.2864,29.4,262.2,21.2,Stressed
PB33,Jhelum,Punjab,Kharif_2022,kharif,wheat,32.9425,73.7258,0.2584,0.1678,-0.3016,0.2933,1.292,0.0689,0.0716,0.1347,0.3904,29.0,278.7,20.6,Healthy
PB34,Bhakkar,Punjab,Kharif_2022,kharif,wheat,31.6267,71.0617,0.1446,0.1052,-0.2164,0.164,0.723,0.1147,0.0434,0.0831,0.2404,30.1,269.4,21.8,Stressed
SD02,Hyderabad,Sindh,Kharif_2022,kharif,wheat,25.396,68.3578,0.2368,0.1853,-0.2818,0.2557,1.184,0.062,0.0891,0.0784,0.3903,31.8,306.7,20.9,Healthy
SD01,Karachi,Sindh,Kharif_2022,kharif,cotton,24.8607,67.0011,0.0714,0.0577,-0.1396,0.0876,0.357,0.1133,0.0327,-0.0242,0.1402,31.2,286.1,22.9,Diseased
SD04,Larkana,Sindh,Kharif_2022,kharif,rice,27.557,68.2138,0.116,0.0933,-0.1895,0.1289,0.58,0.1142,0.0368,0.0272,0.1772,28.4,228.1,22.2,Diseased
SD03,Sukkur,Sindh,Kharif_2022,kharif,wheat,27.7052,68.857,0.1438,0.1106,-0.2253,0.1599,0.719,0.1108,0.0387,0.0682,0.2192,30.7,290.9,21.7,Stressed
SD05,Nawabshah,Sindh,Kharif_2022,kharif,sugarcane,26.2442,68.4099,0.1289,0.1034,-0.2022,0.144,0.645,0.1075,0.0381,0.0544,0.2077,29.5,331.8,22.0,Diseased
SD09,Badin,Sindh,Kharif_2022,kharif,rice,24.6556,68.8383,0.164,0.1219,-0.2199,0.1749,0.82,0.0931,0.0512,0.0623,0.2447,30.6,338.2,21.8,Stressed
SD06,Mirpurkhas,Sindh,Kharif_2022,kharif,rice,25.5281,69.0092,0.1803,0.1373,-0.2474,0.1989,0.901,0.086,0.0663,0.0241,0.3126,26.9,356.0,21.4,Stressed
SD08,Jacobabad,Sindh,Kharif_2022,kharif,wheat,28.2769,68.4514,0.1266,0.0996,-0.2019,0.1393,0.633,0.11,0.048,0.0134,0.2142,29.9,250.1,22.0,Diseased
SD10,Dadu,Sindh,Kharif_2022,kharif,wheat,26.7317,67.7753,0.1356,0.1046,-0.2139,0.1489,0.678,0.111,0.0379,0.0474,0.213,30.1,326.4,21.8,Diseased
SD11,Ghotki,Sindh,Kharif_2022,kharif,cotton,28.0033,69.3161,0.1742,0.1305,-0.2417,0.1921,0.871,0.0934,0.0418,0.0901,0.2604,32.1,278.9,21.4,Stressed
SD13,Kashmore,Sindh,Kharif_2022,kharif,wheat,28.4475,69.5675,0.1842,0.1194,-0.2691,0.2009,0.921,0.089,0.2303,-0.0182,0.6445,29.9,301.2,21.0,Stressed
SD07,Khairpur,Sindh,Kharif_2022,kharif,sugarcane,27.5297,68.7592,0.1463,0.1062,-0.2134,0.1622,0.731,0.1032,0.0609,0.042,0.2793,28.7,271.0,21.9,Stressed
SD12,Kamber,Sindh,Kharif_2022,kharif,wheat,27.5861,68.0017,0.1046,0.0813,-0.1836,0.1188,0.523,0.1252,0.0445,-0.0153,0.218,30.8,278.2,22.3,Diseased
SD15,Naushahro Feroze,Sindh,Kharif_2022,kharif,sugarcane,26.8414,68.1175,0.2179,0.1464,-0.2648,0.2292,1.09,0.0762,0.1039,0.0261,0.4212,26.7,347.6,21.1,Healthy
SD14,Matiari,Sindh,Kharif_2022,kharif,sugarcane,25.5975,68.4608,0.4207,0.2931,-0.4328,0.4353,2.104,-0.0364,0.1611,0.1322,0.7158,29.3,337.4,18.7,Healthy
SD16,Sanghar,Sindh,Kharif_2022,kharif,cotton,26.0464,68.9486,0.1529,0.1075,-0.2168,0.1676,0.764,0.1023,0.0829,0.0096,0.3442,28.0,286.7,21.8,Stressed
SD18,Tando Allahyar,Sindh,Kharif_2022,kharif,rice,25.4661,68.7178,0.1671,0.1365,-0.229,0.1856,0.836,0.0765,0.0578,0.0493,0.2723,27.8,231.7,21.6,Stressed
SD20,Umerkot,Sindh,Kharif_2022,kharif,wheat,25.3619,69.7358,0.1662,0.1367,-0.2373,0.1825,0.831,0.0974,0.0564,0.0831,0.2876,30.5,242.3,21.5,Stressed
SD17,Shikarpur,Sindh,Kharif_2022,kharif,wheat,27.9569,68.6381,0.1148,0.0903,-0.1971,0.1239,0.574,0.1268,0.039,-0.0277,0.1772,28.5,329.0,22.1,Diseased
BL01,Quetta,Balochistan,Kharif_2022,kharif,wheat,30.1798,66.975,0.0788,0.0728,-0.1527,0.0848,0.394,0.1167,0.0187,0.027,0.1202,31.3,268.3,22.7,Diseased
SD19,Thatta,Sindh,Kharif_2022,kharif,cotton,24.7461,67.9239,0.1561,0.1158,-0.2086,0.1677,0.781,0.0928,0.0556,0.0592,0.2546,28.7,302.2,21.9,Stressed
BL02,Turbat,Balochistan,Kharif_2022,kharif,wheat,26.0021,63.0621,0.1401,0.1275,-0.1927,0.1486,0.701,0.0983,0.0372,0.0746,0.2218,33.8,318.7,22.2,Diseased
BL05,Zhob,Balochistan,Kharif_2022,kharif,wheat,31.3417,69.4486,0.136,0.1062,-0.2113,0.1405,0.68,0.1128,0.0357,0.0803,0.2121,32.2,305.4,21.9,Diseased
BL07,Sibi,Balochistan,Kharif_2022,kharif,cotton,29.5432,67.8772,0.1962,0.1586,-0.283,0.209,0.981,0.1048,0.0635,0.0661,0.3386,34.1,243.0,20.8,Healthy
BL03,Khuzdar,Balochistan,Kharif_2022,kharif,mango,27.8,66.6167,0.1545,0.133,-0.2357,0.1613,0.772,0.0999,0.0681,0.0518,0.2954,27.7,271.9,21.5,Stressed
BL04,Loralai,Balochistan,Kharif_2022,kharif,wheat,30.3724,68.5989,0.113,0.1035,-0.195,0.115,0.565,0.1261,0.0308,0.0577,0.176,27.4,236.2,22.1,Diseased
BL06,Mastung,Balochistan,Kharif_2022,kharif,mango,29.797,66.846,0.1437,0.1317,-0.2239,0.1513,0.718,0.1097,0.0341,0.0911,0.2272,31.1,318.9,21.7,Stressed
BL09,Kalat,Balochistan,Kharif_2022,kharif,wheat,29.0228,66.5906,0.2036,0.175,-0.2725,0.214,1.018,0.085,0.0526,0.0954,0.3042,30.7,242.2,21.0,Healthy
BL08,Pishin,Balochistan,Kharif_2022,kharif,wheat,30.5817,66.9956,0.1279,0.1139,-0.2119,0.1326,0.639,0.1194,0.0377,0.062,0.2137,29.3,263.6,21.9,Diseased
BL10,Gwadar,Balochistan,Kharif_2022,kharif,mango,25.1264,62.3255,-0.0317,0.0209,0.0829,-0.0252,-0.159,0.0611,0.1059,-0.3822,0.0902,31.7,317.6,26.2,Diseased
BL11,Chagai,Balochistan,Kharif_2022,kharif,wheat,29.1089,64.7983,0.0504,0.0424,-0.1591,0.0458,0.252,0.1646,0.0163,0.0044,0.0718,29.0,283.9,22.6,Diseased
BL14,Jhal Magsi,Balochistan,Kharif_2022,kharif,wheat,28.2833,67.7333,0.0872,0.074,-0.1937,0.097,0.436,0.1539,0.0692,-0.0977,0.2504,28.7,243.2,22.1,Diseased
BL12,Dera Bugti,Balochistan,Kharif_2022,kharif,wheat,29.0367,69.1583,0.2461,0.2036,-0.3319,0.2583,1.231,0.1041,0.0694,0.116,0.3528,29.6,313.3,20.1,Healthy
BL16,Lasbela,Balochistan,Kharif_2022,kharif,mango,26.215,66.6933,0.1565,0.1215,-0.2261,0.1737,0.783,0.1536,0.1088,-0.0347,0.3567,27.6,279.3,21.7,Stressed
BL13,Jaffarabad,Balochistan,Kharif_2022,kharif,cotton,28.8958,68.2706,0.1341,0.1133,-0.2554,0.1467,0.67,0.1494,0.0925,0.0033,0.4056,31.3,265.0,21.2,Diseased
BL15,Kharan,Balochistan,Kharif_2022,kharif,wheat,28.5833,65.4167,0.074,0.0694,-0.1545,0.0733,0.37,0.1355,0.0177,0.028,0.1086,30.1,358.7,22.7,Diseased
BL18,Nasirabad,Balochistan,Kharif_2022,kharif,cotton,28.4167,68.3833,0.1343,0.1036,-0.2294,0.1416,0.671,0.1303,0.1382,-0.1838,0.3904,32.7,301.3,21.6,Diseased
BL17,Musakhel,Balochistan,Kharif_2022,kharif,wheat,30.6983,69.8361,0.2095,0.1331,-0.301,0.2172,1.047,0.1708,0.0979,0.0424,0.3298,28.1,309.8,20.6,Healthy
BL21,Washuk,Balochistan,Kharif_2022,kharif,wheat,27.5,64.0,0.0411,0.034,-0.1288,0.0362,0.206,0.2143,0.0156,-0.002,0.0647,29.2,325.7,23.1,Diseased
BL20,Panjgur,Balochistan,Kharif_2022,kharif,wheat,26.9686,64.0994,0.0857,0.0773,-0.1638,0.0897,0.429,0.1434,0.0214,0.0083,0.1276,30.7,273.2,22.6,Diseased
BL19,Nushki,Balochistan,Kharif_2022,kharif,wheat,29.5533,66.0211,0.0804,0.0734,-0.1615,0.08,0.402,0.1316,0.022,0.0243,0.1342,27.3,230.3,22.6,Diseased
KP01,Peshawar,KPK,Kharif_2022,kharif,wheat,34.015,71.5249,0.2069,0.1409,-0.2847,0.2277,1.034,0.0902,0.0715,0.0077,0.3304,27.1,236.2,20.8,Healthy
BL22,Ziarat,Balochistan,Kharif_2022,kharif,mango,30.3819,67.7244,0.2528,0.1851,-0.3163,0.2636,1.264,0.0962,0.0673,0.074,0.3627,30.8,245.6,20.4,Healthy
KP03,Swat,KPK,Kharif_2022,kharif,rice,35.2227,72.4258,0.5102,0.2646,-0.4947,0.5283,2.551,-0.0501,0.1683,0.006,0.7228,25.9,247.0,17.8,Healthy
KP04,Charsadda,KPK,Kharif_2022,kharif,wheat,34.145,71.7305,0.22,0.1508,-0.2713,0.2385,1.1,0.0926,0.0645,0.106,0.3439,29.1,282.7,21.0,Healthy
KP02,Mardan,KPK,Kharif_2022,kharif,sugarcane,34.1986,72.0404,0.2691,0.1878,-0.3034,0.2952,1.345,0.066,0.0641,0.1362,0.421,29.0,273.2,20.5,Healthy
KP06,Abbottabad,KPK,Kharif_2022,kharif,wheat,34.1558,73.2194,0.4367,0.2791,-0.4367,0.4576,2.183,-0.0037,0.1356,0.0459,0.5783,28.9,344.0,18.6,Healthy
KP05,Nowshera,KPK,Kharif_2022,kharif,sugarcane,34.0153,71.9747,0.1152,0.0852,-0.1702,0.1343,0.576,0.086,0.0617,-0.0324,0.2738,29.5,324.0,22.5,Diseased
KP07,Dera Ismail Khan,KPK,Kharif_2022,kharif,wheat,31.8319,70.9018,0.0909,0.0694,-0.1695,0.113,0.455,0.1413,0.0204,0.0541,0.1334,29.4,289.5,22.5,Diseased
KP08,Bannu,KPK,Kharif_2022,kharif,wheat,32.9892,70.6017,0.1966,0.1397,-0.2657,0.2123,0.983,0.1088,0.0535,0.0986,0.3031,31.3,311.5,21.1,Stressed
KP09,Battagram,KPK,Kharif_2022,kharif,rice,34.6825,73.0253,0.3656,0.2345,-0.3969,0.3804,1.828,0.0637,0.0875,0.2381,0.5348,27.2,322.0,19.2,Healthy
KP10,Buner,KPK,Kharif_2022,kharif,wheat,34.5133,72.5006,0.3738,0.2233,-0.4203,0.3921,1.869,0.0364,0.1569,0.1728,0.7382,28.7,204.7,18.8,Healthy
KP12,Dir Lower,KPK,Kharif_2022,kharif,rice,34.7397,71.9006,0.4261,0.2643,-0.4574,0.4478,2.131,0.0477,0.1359,0.189,0.6269,33.2,304.2,18.3,Healthy
KP11,Chitral,KPK,Kharif_2022,kharif,mango,35.8511,71.7864,0.276,0.1741,-0.2909,0.2819,1.38,-0.0022,0.0727,0.1473,0.4114,32.1,270.2,20.7,Healthy
KP16,Kohat,KPK,Kharif_2022,kharif,wheat,33.5869,71.4414,0.2496,0.1752,-0.3049,0.2739,1.248,0.0823,0.051,0.1459,0.3439,28.2,309.3,20.5,Healthy
KP13,Hangu,KPK,Kharif_2022,kharif,wheat,33.5308,71.0586,0.264,0.1794,-0.3234,0.2828,1.32,0.092,0.0768,0.1291,0.4281,32.4,278.1,20.3,Healthy
KP14,Haripur,KPK,Kharif_2022,kharif,sugarcane,33.9942,72.9317,0.254,0.1766,-0.2887,0.2825,1.27,0.0674,0.071,0.1256,0.3964,25.7,284.5,20.8,Healthy
KP17,Lakki Marwat,KPK,Kharif_2022,kharif,wheat,32.6072,70.9122,0.15,0.1136,-0.2268,0.1685,0.75,0.1255,0.0563,0.0372,0.2618,29.7,313.2,21.7,Stressed
KP15,Karak,KPK,Kharif_2022,kharif,wheat,33.1169,71.0944,0.1637,0.1196,-0.2505,0.1797,0.818,0.1247,0.0609,0.0749,0.3034,29.7,207.8,21.3,Stressed
KP19,Mansehra,KPK,Kharif_2022,kharif,wheat,34.3297,73.2003,0.1854,0.1324,-0.2375,0.2069,0.927,0.1007,0.0535,0.1132,0.296,29.5,287.7,21.5,Stressed
KP20,Shangla,KPK,Kharif_2022,kharif,rice,34.9167,72.8333,0.5736,0.3962,-0.5415,0.5909,2.868,-0.0519,0.1017,0.4064,0.762,28.4,310.8,17.1,Healthy
KP18,Malakand,KPK,Kharif_2022,kharif,rice,34.5653,71.9306,0.5013,0.2981,-0.4796,0.5224,2.506,-0.0567,0.1281,0.2611,0.6919,23.8,333.1,18.0,Healthy
KP22,Tank,KPK,Kharif_2022,kharif,wheat,32.2167,70.3833,0.1824,0.1337,-0.2579,0.1981,0.912,0.1198,0.0503,0.0932,0.2781,29.1,269.9,21.2,Stressed
KP23,Tor Ghar,KPK,Kharif_2022,kharif,rice,34.7167,73.0833,0.5608,0.3402,-0.5603,0.5772,2.804,-0.0116,0.1248,0.3702,0.8048,28.4,310.1,16.8,Healthy
KP21,Swabi,KPK,Kharif_2022,kharif,sugarcane,34.12,72.47,0.2684,0.1807,-0.3119,0.2934,1.342,0.0814,0.087,0.1282,0.4622,28.1,228.5,20.4,Healthy
PB02,Faisalabad,Punjab,Rabi_2023,rabi,cotton,31.4187,73.0791,0.1842,0.1016,-0.2431,0.1875,0.921,0.0776,0.0506,0.0257,0.249,17.8,125.7,21.4,Stressed
PB08,Sargodha,Punjab,Rabi_2023,rabi,wheat,32.0836,72.6711,0.2051,0.1176,-0.2782,0.2077,1.026,0.0874,0.0434,0.1165,0.2869,19.1,107.2,20.9,Stressed
PB07,Bahawalpur,Punjab,Rabi_2023,rabi,cotton,29.3956,71.6836,0.2201,0.1478,-0.279,0.2275,1.101,0.0789,0.0331,0.16,0.284,19.4,89.1,20.9,Healthy
PB03,Multan,Punjab,Rabi_2023,rabi,wheat,30.1978,71.4711,0.108,0.071,-0.1977,0.1125,0.54,0.1179,0.0253,0.0295,0.1488,21.9,148.5,22.1,Diseased
PB01,Lahore,Punjab,Rabi_2023,rabi,wheat,31.5204,74.3587,0.2098,0.1264,-0.2591,0.2197,1.049,0.0648,0.0624,0.0256,0.3195,17.7,126.0,21.2,Healthy
PB09,Sahiwal,Punjab,Rabi_2023,rabi,sugarcane,30.6706,73.1064,0.2703,0.1671,-0.3213,0.2782,1.352,0.0529,0.0517,0.1272,0.365,19.1,105.2,20.3,Healthy
PB05,Rawalpindi,Punjab,Rabi_2023,rabi,wheat,33.5651,73.0169,0.1564,0.103,-0.2199,0.156,0.782,0.0952,0.0428,0.0778,0.2388,17.7,104.7,21.8,Stressed
PB06,Sialkot,Punjab,Rabi_2023,rabi,rice,32.4945,74.5229,0.1379,0.0821,-0.1911,0.1458,0.69,0.0894,0.0367,0.0069,0.2176,18.6,144.0,22.2,Diseased
PB10,Rahim Yar Khan,Punjab,Rabi_2023,rabi,cotton,28.4202,70.2952,0.1548,0.1013,-0.2367,0.155,0.774,0.1061,0.0306,0.1007,0.2178,16.9,125.0,21.5,Stressed
PB13,Okara,Punjab,Rabi_2023,rabi,wheat,30.8107,73.4597,0.1366,0.0849,-0.2195,0.1386,0.683,0.1224,0.0373,0.0246,0.2168,16.9,125.8,21.8,Diseased
PB12,Sheikhupura,Punjab,Rabi_2023,rabi,rice,31.7167,73.985,0.1897,0.1147,-0.2532,0.194,0.949,0.0798,0.0529,0.0264,0.3035,19.6,147.7,21.3,Stressed
PB04,Gujranwala,Punjab,Rabi_2023,rabi,rice,32.1877,74.1945,0.1692,0.1007,-0.2202,0.1726,0.846,0.0737,0.0573,-0.0422,0.2608,20.4,127.7,21.8,Stressed
PB11,Jhang,Punjab,Rabi_2023,rabi,wheat,31.2681,72.3181,0.1793,0.1088,-0.252,0.1869,0.896,0.0914,0.045,0.0305,0.2383,17.6,133.9,21.3,Stressed
PB16,Bahawalnagar,Punjab,Rabi_2023,rabi,cotton,29.9958,73.2531,0.1649,0.1117,-0.2353,0.1672,0.824,0.1001,0.0478,-0.0072,0.2497,17.5,100.4,21.5,Stressed
PB15,Attock,Punjab,Rabi_2023,rabi,wheat,33.7667,72.3667,0.2744,0.1742,-0.3221,0.2829,1.372,0.0715,0.0567,0.1879,0.3971,19.7,105.8,20.3,Healthy
PB14,Pakpattan,Punjab,Rabi_2023,rabi,cotton,30.3436,73.3873,0.1399,0.0987,-0.2073,0.1426,0.699,0.1011,0.0346,0.0223,0.2133,17.0,125.4,21.9,Diseased
PB17,Chakwal,Punjab,Rabi_2023,rabi,wheat,32.9328,72.8553,0.1775,0.1164,-0.2392,0.1779,0.887,0.0942,0.0399,0.1147,0.2633,19.8,117.6,21.5,Stressed
PB19,DG Khan,Punjab,Rabi_2023,rabi,wheat,30.0496,70.6358,0.1828,0.1203,-0.2492,0.1833,0.914,0.0888,0.039,0.1209,0.2612,18.0,129.1,21.3,Stressed
PB18,Chiniot,Punjab,Rabi_2023,rabi,sugarcane,31.7192,72.9783,0.1474,0.0878,-0.2262,0.1548,0.737,0.0989,0.0382,0.0129,0.2142,21.8,104.4,21.7,Diseased
PB20,Gujrat,Punjab,Rabi_2023,rabi,rice,32.5736,74.0789,0.1304,0.0802,-0.1808,0.1394,0.652,0.0846,0.0309,0.0496,0.2002,18.7,108.8,22.3,Diseased
PB22,Kasur,Punjab,Rabi_2023,rabi,rice,31.1181,74.4503,0.1353,0.0835,-0.2061,0.136,0.676,0.1136,0.0499,-0.036,0.1947,17.8,111.4,22.0,Diseased
PB21,Hafizabad,Punjab,Rabi_2023,rabi,rice,32.0708,73.6886,0.165,0.0945,-0.2299,0.1678,0.825,0.0857,0.0413,0.0531,0.2352,17.5,110.1,21.6,Stressed
PB24,Khushab,Punjab,Rabi_2023,rabi,wheat,32.2989,72.3522,0.1888,0.1158,-0.2584,0.1889,0.944,0.087,0.0437,0.0939,0.2661,16.6,169.1,21.2,Stressed
PB23,Khanewal,Punjab,Rabi_2023,rabi,wheat,30.3014,71.9322,0.2579,0.1685,-0.3217,0.2662,1.289,0.0625,0.0538,0.1495,0.3723,22.4,142.6,20.3,Healthy
PB25,Layyah,Punjab,Rabi_2023,rabi,cotton,30.9617,70.9439,0.1481,0.1013,-0.2107,0.1473,0.741,0.0919,0.0335,0.0858,0.2075,18.5,121.9,21.9,Diseased
PB26,Lodhran,Punjab,Rabi_2023,rabi,wheat,29.5333,71.6333,0.1918,0.141,-0.258,0.1884,0.959,0.0878,0.0402,0.1005,0.2509,18.4,110.8,21.2,Stressed
PB27,Mandi Bahauddin,Punjab,Rabi_2023,rabi,sugarcane,32.5864,73.4917,0.2049,0.1234,-0.2561,0.2085,1.025,0.0636,0.0408,0.1352,0.2819,15.7,100.4,21.2,Stressed
PB30,Narowal,Punjab,Rabi_2023,rabi,rice,32.1003,74.8753,0.1831,0.1153,-0.2394,0.1922,0.915,0.0815,0.0438,0.1184,0.284,20.2,113.6,21.5,Stressed
PB28,Mianwali,Punjab,Rabi_2023,rabi,wheat,32.5853,71.5436,0.2507,0.1592,-0.3078,0.257,1.253,0.0803,0.0501,0.1616,0.3619,21.3,113.5,20.5,Healthy
PB31,Toba Tek Singh,Punjab,Rabi_2023,rabi,sugarcane,30.9667,72.4833,0.2911,0.1862,-0.3463,0.2938,1.456,0.0395,0.0583,0.1846,0.3885,20.2,97.3,19.9,Healthy
PB29,Muzaffargarh,Punjab,Rabi_2023,rabi,cotton,30.0736,71.1925,0.1571,0.1085,-0.2316,0.1558,0.785,0.0907,0.0335,0.088,0.2362,17.5,117.8,21.6,Stressed
PB32,Vehari,Punjab,Rabi_2023,rabi,cotton,30.0442,72.3514,0.2048,0.1408,-0.269,0.2135,1.024,0.0881,0.0382,0.126,0.2718,17.7,117.4,21.0,Healthy
PB33,Jhelum,Punjab,Rabi_2023,rabi,wheat,32.9425,73.7258,0.2391,0.1433,-0.2868,0.2523,1.195,0.0644,0.0478,0.1606,0.3259,20.6,101.1,20.8,Healthy
SD02,Hyderabad,Sindh,Rabi_2023,rabi,wheat,25.396,68.3578,0.2448,0.1793,-0.3007,0.234,1.224,0.0726,0.0489,0.1552,0.3343,16.6,131.7,20.6,Healthy
PB34,Bhakkar,Punjab,Rabi_2023,rabi,wheat,31.6267,71.0617,0.1567,0.104,-0.2202,0.1598,0.783,0.0974,0.0391,0.0863,0.2355,20.9,108.6,21.8,Stressed
SD01,Karachi,Sindh,Rabi_2023,rabi,cotton,24.8607,67.0011,0.0831,0.0588,-0.1634,0.088,0.416,0.1241,0.0328,-0.0312,0.1606,20.3,127.8,22.6,Diseased
SD04,Larkana,Sindh,Rabi_2023,rabi,rice,27.557,68.2138,0.1186,0.0878,-0.1959,0.1196,0.593,0.1132,0.0252,0.0669,0.1674,19.3,118.3,22.1,Diseased
SD03,Sukkur,Sindh,Rabi_2023,rabi,wheat,27.7052,68.857,0.1421,0.0981,-0.2319,0.145,0.71,0.1193,0.0303,0.0745,0.2015,17.4,107.6,21.6,Diseased
SD07,Khairpur,Sindh,Rabi_2023,rabi,sugarcane,27.5297,68.7592,0.1534,0.1087,-0.2228,0.1547,0.767,0.0946,0.0435,0.0732,0.2304,19.2,134.8,21.7,Stressed
SD05,Nawabshah,Sindh,Rabi_2023,rabi,sugarcane,26.2442,68.4099,0.1293,0.0941,-0.2162,0.1317,0.646,0.1185,0.0292,0.0541,0.1845,20.2,107.6,21.8,Diseased
SD09,Badin,Sindh,Rabi_2023,rabi,rice,24.6556,68.8383,0.179,0.1183,-0.2609,0.1772,0.895,0.1118,0.0363,0.113,0.2538,18.6,114.2,21.2,Stressed
SD08,Jacobabad,Sindh,Rabi_2023,rabi,wheat,28.2769,68.4514,0.14,0.1048,-0.2237,0.1409,0.7,0.1126,0.0277,0.0824,0.1941,20.2,104.3,21.7,Diseased
SD06,Mirpurkhas,Sindh,Rabi_2023,rabi,rice,25.5281,69.0092,0.2089,0.1388,-0.2843,0.2077,1.045,0.0858,0.0392,0.1311,0.2864,17.9,113.5,20.8,Healthy
SD13,Kashmore,Sindh,Rabi_2023,rabi,wheat,28.4475,69.5675,0.4413,0.2957,-0.4376,0.4406,2.207,-0.0816,0.1977,0.0818,0.6635,21.4,108.5,18.6,Healthy
SD11,Ghotki,Sindh,Rabi_2023,rabi,cotton,28.0033,69.3161,0.1575,0.1098,-0.2352,0.1615,0.787,0.1001,0.0307,0.1046,0.2251,20.0,100.3,21.5,Stressed
SD15,Naushahro Feroze,Sindh,Rabi_2023,rabi,sugarcane,26.8414,68.1175,0.2189,0.1516,-0.2776,0.2211,1.094,0.073,0.0608,0.1158,0.3279,20.2,99.9,20.9,Healthy
SD16,Sanghar,Sindh,Rabi_2023,rabi,cotton,26.0464,68.9486,0.1713,0.1103,-0.2513,0.1692,0.856,0.1045,0.0459,0.0703,0.2518,21.8,94.6,21.3,Stressed
SD14,Matiari,Sindh,Rabi_2023,rabi,sugarcane,25.5975,68.4608,0.488,0.311,-0.4874,0.488,2.44,-0.0808,0.1481,0.2052,0.6752,18.3,135.9,17.9,Healthy
SD10,Dadu,Sindh,Rabi_2023,rabi,wheat,26.7317,67.7753,0.1435,0.1003,-0.2321,0.1417,0.717,0.1151,0.0249,0.0895,0.2018,17.7,128.0,21.6,Diseased
SD12,Kamber,Sindh,Rabi_2023,rabi,wheat,27.5861,68.0017,0.1251,0.0912,-0.2046,0.1192,0.625,0.1163,0.0394,-0.0112,0.2171,16.4,110.1,22.0,Diseased
SD18,Tando Allahyar,Sindh,Rabi_2023,rabi,rice,25.4661,68.7178,0.1867,0.1274,-0.2632,0.19,0.933,0.0919,0.0367,0.1137,0.2485,20.2,132.0,21.1,Stressed
SD17,Shikarpur,Sindh,Rabi_2023,rabi,wheat,27.9569,68.6381,0.1161,0.0846,-0.2026,0.1115,0.58,0.1245,0.0248,0.0647,0.1785,18.9,140.8,22.0,Diseased
SD19,Thatta,Sindh,Rabi_2023,rabi,cotton,24.7461,67.9239,0.1627,0.1132,-0.2421,0.1653,0.814,0.1187,0.0422,0.0825,0.2545,19.9,114.5,21.4,Stressed
BL03,Khuzdar,Balochistan,Rabi_2023,rabi,mango,27.8,66.6167,0.1478,0.1214,-0.2315,0.1486,0.739,0.1064,0.042,0.0753,0.2268,20.0,120.7,21.6,Stressed
BL01,Quetta,Balochistan,Rabi_2023,rabi,wheat,30.1798,66.975,0.0675,0.0532,-0.1464,0.0704,0.337,0.1251,0.0181,0.0384,0.111,18.5,135.8,22.8,Diseased
SD20,Umerkot,Sindh,Rabi_2023,rabi,wheat,25.3619,69.7358,0.1884,0.139,-0.2725,0.19,0.942,0.1005,0.0452,0.0189,0.2676,18.8,149.2,21.0,Stressed
BL02,Turbat,Balochistan,Rabi_2023,rabi,wheat,26.0021,63.0621,0.1689,0.1383,-0.2247,0.1661,0.845,0.0911,0.0301,0.1124,0.247,18.5,108.2,21.7,Stressed
BL05,Zhob,Balochistan,Rabi_2023,rabi,wheat,31.3417,69.4486,0.1304,0.0889,-0.2114,0.127,0.652,0.1226,0.0304,0.0581,0.1846,17.3,134.8,21.9,Diseased
BL04,Loralai,Balochistan,Rabi_2023,rabi,wheat,30.3724,68.5989,0.1053,0.0888,-0.1942,0.105,0.526,0.1331,0.0316,0.0164,0.1875,17.7,117.1,22.1,Diseased
BL06,Mastung,Balochistan,Rabi_2023,rabi,mango,29.797,66.846,0.1247,0.0997,-0.2198,0.1285,0.624,0.1283,0.0387,0.0632,0.2149,17.6,112.6,21.8,Diseased
BL07,Sibi,Balochistan,Rabi_2023,rabi,cotton,29.5432,67.8772,0.2218,0.1595,-0.3069,0.2225,1.109,0.0985,0.0392,0.1588,0.305,22.2,133.3,20.5,Healthy
BL08,Pishin,Balochistan,Rabi_2023,rabi,wheat,30.5817,66.9956,0.1054,0.0832,-0.2001,0.107,0.527,0.1369,0.0427,0.0457,0.2092,20.8,97.4,22.1,Diseased
BL11,Chagai,Balochistan,Rabi_2023,rabi,wheat,29.1089,64.7983,0.0552,0.045,-0.1626,0.0475,0.276,0.169,0.0097,0.0366,0.0739,18.0,105.9,22.6,Diseased
BL09,Kalat,Balochistan,Rabi_2023,rabi,wheat,29.0228,66.5906,0.1474,0.1124,-0.2452,0.1534,0.737,0.1313,0.0421,0.0702,0.2361,20.0,107.9,21.4,Stressed
BL12,Dera Bugti,Balochistan,Rabi_2023,rabi,wheat,29.0367,69.1583,0.241,0.1902,-0.3416,0.2427,1.205,0.1093,0.042,0.1802,0.3286,18.4,142.1,20.0,Healthy
BL10,Gwadar,Balochistan,Rabi_2023,rabi,mango,25.1264,62.3255,-0.1454,0.017,0.1873,-0.1779,-0.727,-0.0152,0.1246,-0.3842,0.0963,18.8,145.1,27.7,Diseased
BL14,Jhal Magsi,Balochistan,Rabi_2023,rabi,wheat,28.2833,67.7333,0.3689,0.2731,-0.4144,0.3664,1.844,-0.0077,0.1466,0.0799,0.5372,20.6,125.1,18.9,Healthy
BL13,Jaffarabad,Balochistan,Rabi_2023,rabi,cotton,28.8958,68.2706,0.2637,0.1954,-0.3753,0.259,1.318,0.0986,0.1136,0.1069,0.4985,18.4,126.4,19.5,Healthy
BL16,Lasbela,Balochistan,Rabi_2023,rabi,mango,26.215,66.6933,0.1793,0.109,-0.2963,0.1808,0.896,0.1768,0.038,0.1191,0.2424,19.5,144.5,20.6,Stressed
BL18,Nasirabad,Balochistan,Rabi_2023,rabi,cotton,28.4167,68.3833,0.4919,0.3408,-0.4846,0.4982,2.46,-0.0567,0.1996,0.1232,0.7114,21.5,180.6,17.9,Healthy
BL17,Musakhel,Balochistan,Rabi_2023,rabi,wheat,30.6983,69.8361,0.1659,0.0994,-0.2784,0.1651,0.829,0.201,0.0361,0.0977,0.2396,20.1,108.6,20.9,Stressed
BL15,Kharan,Balochistan,Rabi_2023,rabi,wheat,28.5833,65.4167,0.0837,0.0718,-0.1675,0.0783,0.418,0.1378,0.0164,0.0466,0.1165,20.0,115.7,22.5,Diseased
BL22,Ziarat,Balochistan,Rabi_2023,rabi,mango,30.3819,67.7244,0.1763,0.1203,-0.2626,0.1844,0.881,0.1197,0.0759,-0.0183,0.3019,19.1,143.2,21.1,Stressed
BL19,Nushki,Balochistan,Rabi_2023,rabi,wheat,29.5533,66.0211,0.0823,0.0685,-0.1643,0.0758,0.412,0.1345,0.0234,-0.0023,0.1439,18.3,116.5,22.6,Diseased
KP03,Swat,KPK,Rabi_2023,rabi,rice,35.2227,72.4258,0.1638,0.1155,-0.1064,0.1606,0.819,-0.3004,0.1152,-0.0364,0.4152,18.2,107.1,23.4,Stressed
KP02,Mardan,KPK,Rabi_2023,rabi,sugarcane,34.1986,72.0404,0.2307,0.1476,-0.2652,0.2377,1.153,0.0524,0.0727,0.0827,0.3902,22.3,152.3,21.1,Healthy
KP04,Charsadda,KPK,Rabi_2023,rabi,wheat,34.145,71.7305,0.2298,0.1445,-0.2679,0.2304,1.149,0.0628,0.0739,0.0629,0.3422,18.5,107.3,21.1,Healthy
KP01,Peshawar,KPK,Rabi_2023,rabi,wheat,34.015,71.5249,0.2206,0.148,-0.2846,0.2232,1.103,0.0508,0.0574,0.1324,0.3211,19.8,115.3,20.8,Healthy
BL21,Washuk,Balochistan,Rabi_2023,rabi,wheat,27.5,64.0,0.0487,0.0369,-0.1431,0.0397,0.244,0.2338,0.0108,0.0228,0.0694,18.9,122.3,22.9,Diseased
BL20,Panjgur,Balochistan,Rabi_2023,rabi,wheat,26.9686,64.0994,0.0939,0.0773,-0.1732,0.0955,0.469,0.1482,0.0242,0.0171,0.1394,17.9,113.0,22.4,Diseased
KP07,Dera Ismail Khan,KPK,Rabi_2023,rabi,wheat,31.8319,70.9018,0.0958,0.0664,-0.1701,0.1013,0.479,0.126,0.0328,-0.0018,0.143,15.7,126.8,22.5,Diseased
KP05,Nowshera,KPK,Rabi_2023,rabi,sugarcane,34.0153,71.9747,0.1434,0.0987,-0.1849,0.1389,0.717,0.0512,0.0598,0.0311,0.2713,21.7,101.9,22.3,Diseased
KP10,Buner,KPK,Rabi_2023,rabi,wheat,34.5133,72.5006,0.5341,0.3065,-0.5253,0.5442,2.67,-0.088,0.167,0.1198,0.7422,17.3,105.6,17.3,Healthy
KP12,Dir Lower,KPK,Rabi_2023,rabi,rice,34.7397,71.9006,0.4754,0.2766,-0.4927,0.479,2.377,-0.0322,0.1766,0.1943,0.7334,17.9,143.0,17.8,Healthy
KP08,Bannu,KPK,Rabi_2023,rabi,wheat,32.9892,70.6017,0.2053,0.1349,-0.2679,0.2059,1.027,0.0907,0.0412,0.1381,0.2825,20.8,132.5,21.1,Stressed
KP06,Abbottabad,KPK,Rabi_2023,rabi,wheat,34.1558,73.2194,0.3593,0.1962,-0.3999,0.3724,1.796,0.0462,0.0907,0.2448,0.5654,17.5,77.4,19.1,Healthy
KP11,Chitral,KPK,Rabi_2023,rabi,mango,35.8511,71.7864,0.1227,0.0757,-0.1573,0.1162,0.614,0.0348,0.085,0.019,0.3574,19.4,111.3,22.7,Diseased
KP09,Battagram,KPK,Rabi_2023,rabi,rice,34.6825,73.0253,0.2948,0.1595,-0.3541,0.3018,1.474,0.1086,0.0845,0.2116,0.4762,15.3,116.1,19.8,Healthy
KP13,Hangu,KPK,Rabi_2023,rabi,wheat,33.5308,71.0586,0.2863,0.1661,-0.3452,0.2909,1.431,0.0844,0.0573,0.2144,0.401,22.1,121.3,19.9,Healthy
KP15,Karak,KPK,Rabi_2023,rabi,wheat,33.1169,71.0944,0.1772,0.1215,-0.2644,0.1746,0.886,0.1159,0.0393,0.1161,0.2502,19.7,106.4,21.1,Stressed
KP16,Kohat,KPK,Rabi_2023,rabi,wheat,33.5869,71.4414,0.2546,0.161,-0.3166,0.2599,1.273,0.0752,0.0492,0.1593,0.3387,20.1,128.9,20.4,Healthy
KP17,Lakki Marwat,KPK,Rabi_2023,rabi,wheat,32.6072,70.9122,0.1902,0.1364,-0.255,0.1899,0.951,0.0906,0.0683,-0.0154,0.2756,18.8,126.7,21.3,Stressed
KP14,Haripur,KPK,Rabi_2023,rabi,sugarcane,33.9942,72.9317,0.2406,0.1528,-0.2846,0.2501,1.203,0.0649,0.058,0.0709,0.3465,20.0,138.4,20.8,Healthy
KP18,Malakand,KPK,Rabi_2023,rabi,rice,34.5653,71.9306,0.4801,0.2418,-0.4879,0.4887,2.4,-0.0385,0.072,0.328,0.636,20.6,129.9,17.9,Healthy
KP19,Mansehra,KPK,Rabi_2023,rabi,wheat,34.3297,73.2003,0.1707,0.1056,-0.2355,0.1791,0.853,0.1085,0.0507,0.1097,0.2828,21.5,90.2,21.5,Stressed
KP21,Swabi,KPK,Rabi_2023,rabi,sugarcane,34.12,72.47,0.3229,0.2112,-0.3413,0.3291,1.614,-0.0003,0.0867,0.174,0.4673,19.9,114.8,20.0,Healthy
KP20,Shangla,KPK,Rabi_2023,rabi,rice,34.9167,72.8333,0.5186,0.2437,-0.5218,0.5296,2.593,-0.0335,0.1337,0.1672,0.7567,18.9,120.2,17.4,Healthy
KP22,Tank,KPK,Rabi_2023,rabi,wheat,32.2167,70.3833,0.2118,0.1401,-0.287,0.2131,1.059,0.1132,0.0481,0.1424,0.3121,17.8,114.5,20.8,Healthy
KP23,Tor Ghar,KPK,Rabi_2023,rabi,rice,34.7167,73.0833,0.4759,0.2348,-0.5248,0.4912,2.379,0.0509,0.1028,0.3552,0.6838,20.4,104.4,17.3,Healthy
PB01,Lahore,Punjab,Kharif_2023,kharif,wheat,31.5204,74.3587,0.2964,0.2148,-0.3175,0.3262,1.482,0.0318,0.0694,0.1468,0.4041,29.0,273.9,20.3,Healthy
PB02,Faisalabad,Punjab,Kharif_2023,kharif,cotton,31.4187,73.0791,0.1795,0.1176,-0.2383,0.2075,0.897,0.0833,0.0776,-0.0884,0.2641,27.5,319.7,21.5,Stressed
PB05,Rawalpindi,Punjab,Kharif_2023,kharif,wheat,33.5651,73.0169,0.1709,0.1333,-0.2243,0.1874,0.854,0.0921,0.0581,0.0291,0.2759,32.0,302.4,21.7,Stressed
PB08,Sargodha,Punjab,Kharif_2023,kharif,wheat,32.0836,72.6711,0.1994,0.1349,-0.2653,0.2256,0.997,0.0934,0.0429,0.11,0.2979,31.1,321.4,21.1,Healthy
PB03,Multan,Punjab,Kharif_2023,kharif,wheat,30.1978,71.4711,0.0996,0.0763,-0.1808,0.1281,0.498,0.124,0.0308,0.0107,0.148,31.9,289.2,22.3,Diseased
PB07,Bahawalpur,Punjab,Kharif_2023,kharif,cotton,29.3956,71.6836,0.2216,0.1711,-0.2697,0.2546,1.108,0.0755,0.0401,0.1444,0.3161,29.3,279.5,21.0,Healthy
PB04,Gujranwala,Punjab,Kharif_2023,kharif,rice,32.1877,74.1945,0.1793,0.123,-0.2283,0.2019,0.896,0.0793,0.0598,0.0046,0.2894,34.3,218.9,21.6,Stressed
PB06,Sialkot,Punjab,Kharif_2023,kharif,rice,32.4945,74.5229,0.1509,0.1031,-0.2038,0.1791,0.754,0.0994,0.0598,-0.1184,0.2608,29.4,252.6,22.0,Stressed
PB09,Sahiwal,Punjab,Kharif_2023,kharif,sugarcane,30.6706,73.1064,0.2738,0.1902,-0.3195,0.3056,1.369,0.0595,0.0603,0.0807,0.4073,30.1,267.1,20.3,Healthy
PB10,Rahim Yar Khan,Punjab,Kharif_2023,kharif,cotton,28.4202,70.2952,0.1565,0.1134,-0.2316,0.1826,0.783,0.1023,0.0385,0.0757,0.2422,28.2,331.6,21.6,Stressed
PB11,Jhang,Punjab,Kharif_2023,kharif,wheat,31.2681,72.3181,0.1612,0.1179,-0.2273,0.1941,0.806,0.094,0.0416,0.0396,0.2406,34.8,258.6,21.7,Stressed
PB14,Pakpattan,Punjab,Kharif_2023,kharif,cotton,30.3436,73.3873,0.1359,0.1077,-0.1972,0.1642,0.68,0.1037,0.0396,0.0101,0.2095,28.1,317.9,22.1,Diseased
PB12,Sheikhupura,Punjab,Kharif_2023,kharif,rice,31.7167,73.985,0.2009,0.14,-0.2558,0.2286,1.004,0.0787,0.082,-0.1301,0.3236,28.8,288.5,21.2,Healthy
PB13,Okara,Punjab,Kharif_2023,kharif,wheat,30.8107,73.4597,0.1408,0.1035,-0.2155,0.1667,0.704,0.1197,0.0548,-0.1087,0.2194,33.0,248.9,21.8,Stressed
PB16,Bahawalnagar,Punjab,Kharif_2023,kharif,cotton,29.9958,73.2531,0.1679,0.1288,-0.2262,0.1963,0.839,0.0934,0.0414,0.0392,0.2568,30.6,311.8,21.7,Stressed
PB15,Attock,Punjab,Kharif_2023,kharif,wheat,33.7667,72.3667,0.3262,0.2288,-0.3615,0.3575,1.631,0.056,0.0881,-0.0056,0.4813,30.0,223.4,19.7,Healthy
PB19,DG Khan,Punjab,Kharif_2023,kharif,wheat,30.0496,70.6358,0.1967,0.1433,-0.2563,0.2266,0.984,0.0919,0.0363,0.1219,0.278,32.2,332.1,21.2,Healthy
PB18,Chiniot,Punjab,Kharif_2023,kharif,sugarcane,31.7192,72.9783,0.1523,0.1036,-0.2316,0.1818,0.762,0.1073,0.0385,0.0425,0.2319,26.5,277.0,21.6,Stressed
PB22,Kasur,Punjab,Kharif_2023,kharif,rice,31.1181,74.4503,0.159,0.1165,-0.2195,0.1835,0.795,0.1128,0.0388,0.0698,0.2222,32.5,232.0,21.8,Stressed
PB21,Hafizabad,Punjab,Kharif_2023,kharif,rice,32.0708,73.6886,0.1664,0.1117,-0.2279,0.1933,0.832,0.0889,0.0606,0.0037,0.2618,30.3,312.2,21.6,Stressed
PB20,Gujrat,Punjab,Kharif_2023,kharif,rice,32.5736,74.0789,0.1347,0.0981,-0.1805,0.1632,0.674,0.0877,0.0456,-0.0436,0.209,29.8,300.7,22.3,Diseased
PB17,Chakwal,Punjab,Kharif_2023,kharif,wheat,32.9328,72.8553,0.1861,0.139,-0.2402,0.2097,0.931,0.0956,0.048,0.0945,0.2943,29.6,330.6,21.5,Stressed
PB24,Khushab,Punjab,Kharif_2023,kharif,wheat,32.2989,72.3522,0.1786,0.1295,-0.2434,0.201,0.893,0.0905,0.0405,0.103,0.2655,31.3,310.5,21.4,Stressed
PB23,Khanewal,Punjab,Kharif_2023,kharif,wheat,30.3014,71.9322,0.2518,0.1899,-0.3085,0.2822,1.259,0.0621,0.0636,0.1,0.4,28.9,174.7,20.5,Healthy
PB25,Layyah,Punjab,Kharif_2023,kharif,cotton,30.9617,70.9439,0.1319,0.1011,-0.1992,0.1613,0.66,0.1094,0.0508,-0.0271,0.2032,30.5,282.0,22.1,Diseased
PB26,Lodhran,Punjab,Kharif_2023,kharif,wheat,29.5333,71.6333,0.1666,0.1381,-0.2277,0.1902,0.833,0.0973,0.0482,0.028,0.248,32.2,220.5,21.6,Stressed
PB27,Mandi Bahauddin,Punjab,Kharif_2023,kharif,sugarcane,32.5864,73.4917,0.2012,0.1403,-0.2469,0.223,1.006,0.0627,0.062,0.0286,0.3048,28.0,222.0,21.4,Healthy
PB30,Narowal,Punjab,Kharif_2023,kharif,rice,32.1003,74.8753,0.2326,0.1572,-0.274,0.2629,1.163,0.0779,0.055,0.1187,0.3219,27.0,280.9,21.0,Healthy
PB28,Mianwali,Punjab,Kharif_2023,kharif,wheat,32.5853,71.5436,0.2356,0.1715,-0.2945,0.2659,1.178,0.0815,0.0562,0.1103,0.387,27.5,238.1,20.7,Healthy
PB31,Toba Tek Singh,Punjab,Kharif_2023,kharif,sugarcane,30.9667,72.4833,0.2717,0.1924,-0.3211,0.3023,1.359,0.0526,0.0728,0.1356,0.4137,31.3,273.4,20.3,Healthy
PB29,Muzaffargarh,Punjab,Kharif_2023,kharif,cotton,30.0736,71.1925,0.1529,0.1191,-0.2188,0.179,0.764,0.0926,0.0407,0.0403,0.2461,29.2,346.4,21.8,Stressed
PB33,Jhelum,Punjab,Kharif_2023,kharif,wheat,32.9425,73.7258,0.2611,0.1772,-0.2991,0.2921,1.306,0.0561,0.0798,0.0145,0.3865,27.7,269.3,20.6,Healthy
PB32,Vehari,Punjab,Kharif_2023,kharif,cotton,30.0442,72.3514,0.1966,0.1491,-0.2583,0.2286,0.983,0.0902,0.0635,-0.0089,0.2962,28.8,307.3,21.2,Healthy
PB34,Bhakkar,Punjab,Kharif_2023,kharif,wheat,31.6267,71.0617,0.151,0.1176,-0.2096,0.1797,0.755,0.0947,0.0505,0.0014,0.2329,26.3,330.3,21.9,Stressed
SD02,Hyderabad,Sindh,Kharif_2023,kharif,wheat,25.396,68.3578,0.2489,0.1908,-0.3006,0.2635,1.245,0.0567,0.0499,0.1305,0.318,28.3,357.7,20.6,Healthy
SD01,Karachi,Sindh,Kharif_2023,kharif,cotton,24.8607,67.0011,0.0655,0.0517,-0.1339,0.0883,0.327,0.1194,0.0262,-0.0066,0.1253,28.6,232.2,23.0,Diseased
SD04,Larkana,Sindh,Kharif_2023,kharif,rice,27.557,68.2138,0.1103,0.0936,-0.1778,0.1345,0.551,0.1036,0.0326,0.0565,0.1786,30.1,251.6,22.4,Diseased
SD03,Sukkur,Sindh,Kharif_2023,kharif,wheat,27.7052,68.857,0.1295,0.1029,-0.2061,0.1553,0.647,0.1058,0.0325,0.059,0.1948,30.7,294.4,22.0,Diseased
SD07,Khairpur,Sindh,Kharif_2023,kharif,sugarcane,27.5297,68.7592,0.1463,0.1145,-0.2085,0.1734,0.732,0.0923,0.0442,0.0642,0.2322,36.9,286.0,21.9,Stressed
SD05,Nawabshah,Sindh,Kharif_2023,kharif,sugarcane,26.2442,68.4099,0.1189,0.0996,-0.1882,0.1415,0.594,0.1043,0.0313,0.0351,0.1772,35.0,329.7,22.2,Diseased
SD09,Badin,Sindh,Kharif_2023,kharif,rice,24.6556,68.8383,0.1516,0.1211,-0.2083,0.1717,0.758,0.0913,0.0559,0.0463,0.2455,31.6,320.5,21.9,Stressed
SD06,Mirpurkhas,Sindh,Kharif_2023,kharif,rice,25.5281,69.0092,0.1972,0.1447,-0.2614,0.2177,0.986,0.0844,0.0448,0.115,0.2776,27.7,328.0,21.2,Healthy
SD08,Jacobabad,Sindh,Kharif_2023,kharif,wheat,28.2769,68.4514,0.1299,0.1031,-0.2074,0.1577,0.65,0.1151,0.0404,0.0629,0.2231,28.9,214.9,21.9,Diseased
SD10,Dadu,Sindh,Kharif_2023,kharif,wheat,26.7317,67.7753,0.1305,0.1054,-0.2076,0.1531,0.653,0.1077,0.0302,0.0624,0.1972,30.3,284.8,21.9,Diseased
SD14,Matiari,Sindh,Kharif_2023,kharif,sugarcane,25.5975,68.4608,0.4474,0.3242,-0.4519,0.4654,2.237,-0.0448,0.1271,0.2377,0.6559,30.6,239.2,18.4,Healthy
SD13,Kashmore,Sindh,Kharif_2023,kharif,wheat,28.4475,69.5675,0.3367,0.2396,-0.3662,0.36,1.683,-0.0308,0.214,0.0245,0.6468,31.9,249.2,19.6,Healthy
SD16,Sanghar,Sindh,Kharif_2023,kharif,cotton,26.0464,68.9486,0.1461,0.1121,-0.2182,0.165,0.73,0.1075,0.0394,0.0749,0.2221,29.1,278.1,21.8,Stressed
SD11,Ghotki,Sindh,Kharif_2023,kharif,cotton,28.0033,69.3161,0.1678,0.1355,-0.2294,0.1965,0.839,0.0808,0.0409,0.0908,0.288,32.2,302.3,21.6,Stressed
SD15,Naushahro Feroze,Sindh,Kharif_2023,kharif,sugarcane,26.8414,68.1175,0.2051,0.168,-0.2602,0.2293,1.025,0.0784,0.0705,0.1016,0.3631,26.6,260.2,21.2,Healthy
SD18,Tando Allahyar,Sindh,Kharif_2023,kharif,rice,25.4661,68.7178,0.1803,0.1374,-0.2445,0.2016,0.902,0.0796,0.0422,0.0987,0.2509,29.4,278.2,21.4,Stressed
SD17,Shikarpur,Sindh,Kharif_2023,kharif,wheat,27.9569,68.6381,0.1034,0.0846,-0.181,0.1266,0.517,0.1212,0.0351,0.031,0.1776,29.9,272.4,22.3,Diseased
SD12,Kamber,Sindh,Kharif_2023,kharif,wheat,27.5861,68.0017,0.1103,0.0904,-0.1895,0.1314,0.551,0.1195,0.0496,-0.0212,0.2269,30.2,300.7,22.2,Diseased
SD19,Thatta,Sindh,Kharif_2023,kharif,cotton,24.7461,67.9239,0.1612,0.1206,-0.2227,0.1772,0.806,0.1011,0.043,0.0967,0.2334,29.3,247.1,21.7,Stressed
SD20,Umerkot,Sindh,Kharif_2023,kharif,wheat,25.3619,69.7358,0.1826,0.1494,-0.2466,0.205,0.913,0.0877,0.0446,0.0727,0.2694,31.6,292.1,21.4,Stressed
BL03,Khuzdar,Balochistan,Kharif_2023,kharif,mango,27.8,66.6167,0.1471,0.1337,-0.2165,0.1574,0.735,0.0984,0.0491,0.0659,0.267,32.8,282.6,21.8,Stressed
BL01,Quetta,Balochistan,Kharif_2023,kharif,wheat,30.1798,66.975,0.074,0.0692,-0.146,0.0826,0.37,0.1136,0.018,0.02,0.1143,31.3,278.1,22.8,Diseased
BL05,Zhob,Balochistan,Kharif_2023,kharif,wheat,31.3417,69.4486,0.137,0.1075,-0.2055,0.1476,0.685,0.1095,0.0263,0.0895,0.2003,28.2,229.7,22.0,Diseased
BL04,Loralai,Balochistan,Kharif_2023,kharif,wheat,30.3724,68.5989,0.1046,0.0985,-0.185,0.1171,0.523,0.1289,0.0241,0.0589,0.1924,27.9,308.4,22.3,Diseased
BL02,Turbat,Balochistan,Kharif_2023,kharif,wheat,26.0021,63.0621,0.1381,0.1236,-0.1916,0.1526,0.691,0.1044,0.028,0.0828,0.2057,33.4,318.9,22.2,Diseased
BL06,Mastung,Balochistan,Kharif_2023,kharif,mango,29.797,66.846,0.1468,0.1338,-0.2287,0.156,0.734,0.1084,0.0325,0.0451,0.2191,31.5,288.6,21.6,Stressed
BL09,Kalat,Balochistan,Kharif_2023,kharif,wheat,29.0228,66.5906,0.206,0.1748,-0.2763,0.2167,1.03,0.0869,0.039,0.1242,0.3121,31.2,285.6,20.9,Healthy
BL08,Pishin,Balochistan,Kharif_2023,kharif,wheat,30.5817,66.9956,0.1162,0.105,-0.2036,0.1242,0.581,0.1217,0.0346,0.063,0.2076,28.2,278.6,22.0,Diseased
BL10,Gwadar,Balochistan,Kharif_2023,kharif,mango,25.1264,62.3255,-0.0299,0.018,0.0816,-0.0134,-0.15,0.0672,0.0911,-0.3187,0.0819,28.0,289.5,26.2,Diseased
BL12,Dera Bugti,Balochistan,Kharif_2023,kharif,wheat,29.0367,69.1583,0.2252,0.198,-0.3025,0.2524,1.126,0.1043,0.0466,0.114,0.3186,28.7,257.3,20.6,Healthy
BL11,Chagai,Balochistan,Kharif_2023,kharif,wheat,29.1089,64.7983,0.0475,0.0395,-0.1569,0.0455,0.238,0.167,0.0102,0.0215,0.0654,27.8,245.6,22.7,Diseased
BL07,Sibi,Balochistan,Kharif_2023,kharif,cotton,29.5432,67.8772,0.2133,0.1725,-0.2856,0.2324,1.066,0.0977,0.0494,0.1126,0.318,32.5,246.1,20.8,Healthy
BL14,Jhal Magsi,Balochistan,Kharif_2023,kharif,wheat,28.2833,67.7333,0.14,0.111,-0.2277,0.1649,0.7,0.1418,0.0477,0.0373,0.2429,28.4,229.6,21.6,Stressed
BL16,Lasbela,Balochistan,Kharif_2023,kharif,mango,26.215,66.6933,0.1443,0.1109,-0.2113,0.1649,0.722,0.1535,0.074,-0.0827,0.2242,31.2,242.1,21.9,Stressed
BL15,Kharan,Balochistan,Kharif_2023,kharif,wheat,28.5833,65.4167,0.0699,0.0655,-0.1541,0.0728,0.349,0.1435,0.0176,0.029,0.112,29.6,282.2,22.7,Diseased
BL13,Jaffarabad,Balochistan,Kharif_2023,kharif,cotton,28.8958,68.2706,0.1771,0.1453,-0.2884,0.199,0.885,0.1374,0.0775,0.0601,0.3993,32.3,323.9,20.8,Stressed
BL17,Musakhel,Balochistan,Kharif_2023,kharif,wheat,30.6983,69.8361,0.1908,0.1271,-0.2639,0.2122,0.954,0.1746,0.0311,0.1121,0.2595,25.8,269.8,21.1,Stressed
BL21,Washuk,Balochistan,Kharif_2023,kharif,wheat,27.5,64.0,0.0363,0.0302,-0.1216,0.035,0.181,0.2123,0.0122,0.01,0.0554,31.3,262.8,23.2,Diseased
BL22,Ziarat,Balochistan,Kharif_2023,kharif,mango,30.3819,67.7244,0.2561,0.1937,-0.3159,0.2703,1.28,0.0874,0.0392,0.1648,0.3282,28.2,226.4,20.4,Healthy
BL20,Panjgur,Balochistan,Kharif_2023,kharif,wheat,26.9686,64.0994,0.082,0.0728,-0.1604,0.091,0.41,0.1486,0.0177,0.0189,0.1202,26.2,272.3,22.6,Diseased
BL18,Nasirabad,Balochistan,Kharif_2023,kharif,cotton,28.4167,68.3833,0.1962,0.139,-0.2623,0.2198,0.981,0.0858,0.1561,0.0416,0.5167,32.6,252.7,21.1,Healthy
BL19,Nushki,Balochistan,Kharif_2023,kharif,wheat,29.5533,66.0211,0.0723,0.0665,-0.155,0.0741,0.361,0.1361,0.0201,0.009,0.1296,30.6,268.7,22.7,Diseased
KP01,Peshawar,KPK,Kharif_2023,kharif,wheat,34.015,71.5249,0.2119,0.147,-0.2825,0.2422,1.059,0.0874,0.0517,0.1308,0.3245,31.1,238.0,20.8,Healthy
KP04,Charsadda,KPK,Kharif_2023,kharif,wheat,34.145,71.7305,0.2326,0.163,-0.2784,0.2593,1.163,0.0856,0.062,0.1262,0.357,29.7,290.8,20.9,Healthy
KP02,Mardan,KPK,Kharif_2023,kharif,sugarcane,34.1986,72.0404,0.2772,0.1964,-0.3117,0.308,1.386,0.0574,0.0708,0.0723,0.4419,28.0,281.5,20.4,Healthy
KP07,Dera Ismail Khan,KPK,Kharif_2023,kharif,wheat,31.8319,70.9018,0.0856,0.0678,-0.1567,0.117,0.428,0.1342,0.0276,0.0025,0.1293,28.8,297.9,22.7,Diseased
KP08,Bannu,KPK,Kharif_2023,kharif,wheat,32.9892,70.6017,0.2006,0.148,-0.2554,0.2237,1.003,0.095,0.043,0.1149,0.3044,31.1,232.7,21.2,Healthy
KP06,Abbottabad,KPK,Kharif_2023,kharif,wheat,34.1558,73.2194,0.5129,0.3511,-0.4913,0.5325,2.565,-0.0542,0.0761,0.2759,0.616,30.7,226.9,17.8,Healthy
KP03,Swat,KPK,Kharif_2023,kharif,rice,35.2227,72.4258,0.5346,0.312,-0.5079,0.5525,2.673,-0.0978,0.1664,0.063,0.7334,31.8,245.6,17.6,Healthy
KP09,Battagram,KPK,Kharif_2023,kharif,rice,34.6825,73.0253,0.4328,0.3079,-0.4313,0.4485,2.164,0.0047,0.0745,0.2749,0.5404,32.4,327.5,18.7,Healthy
KP05,Nowshera,KPK,Kharif_2023,kharif,sugarcane,34.0153,71.9747,0.1369,0.1029,-0.1849,0.1635,0.684,0.0744,0.059,-0.0174,0.2835,34.1,290.1,22.3,Diseased
KP10,Buner,KPK,Kharif_2023,kharif,wheat,34.5133,72.5006,0.3749,0.2368,-0.4264,0.3979,1.875,0.0373,0.141,0.1054,0.7418,31.0,259.3,18.8,Healthy
KP11,Chitral,KPK,Kharif_2023,kharif,mango,35.8511,71.7864,0.2715,0.1858,-0.2912,0.2797,1.357,-0.0088,0.076,0.1436,0.4273,29.3,191.5,20.7,Healthy
KP16,Kohat,KPK,Kharif_2023,kharif,wheat,33.5869,71.4414,0.271,0.1903,-0.3179,0.302,1.355,0.0722,0.0679,0.0009,0.358,26.3,280.6,20.3,Healthy
KP15,Karak,KPK,Kharif_2023,kharif,wheat,33.1169,71.0944,0.1874,0.1397,-0.2572,0.2094,0.937,0.106,0.0466,0.1081,0.2932,29.8,242.7,21.2,Stressed
KP14,Haripur,KPK,Kharif_2023,kharif,sugarcane,33.9942,72.9317,0.2796,0.2048,-0.3038,0.3063,1.398,0.048,0.0615,0.1298,0.4006,24.3,280.0,20.5,Healthy
KP12,Dir Lower,KPK,Kharif_2023,kharif,rice,34.7397,71.9006,0.4562,0.2861,-0.4753,0.4795,2.281,0.0159,0.1371,0.205,0.678,29.5,307.7,18.0,Healthy
KP17,Lakki Marwat,KPK,Kharif_2023,kharif,wheat,32.6072,70.9122,0.1578,0.1211,-0.2224,0.1829,0.789,0.1148,0.0439,0.0729,0.2582,28.3,283.6,21.7,Stressed
KP18,Malakand,KPK,Kharif_2023,kharif,rice,34.5653,71.9306,0.4699,0.2832,-0.4594,0.4929,2.349,-0.0333,0.1008,0.1863,0.6655,28.7,335.9,18.3,Healthy
KP13,Hangu,KPK,Kharif_2023,kharif,wheat,33.5308,71.0586,0.3085,0.2035,-0.3516,0.3342,1.542,0.0801,0.0695,0.1203,0.4234,31.9,264.0,19.8,Healthy
KP19,Mansehra,KPK,Kharif_2023,kharif,wheat,34.3297,73.2003,0.2217,0.1675,-0.2574,0.2426,1.108,0.0744,0.0456,0.1285,0.313,30.7,286.2,21.2,Healthy
KP23,Tor Ghar,KPK,Kharif_2023,kharif,rice,34.7167,73.0833,0.6665,0.4638,-0.6146,0.6789,3.332,-0.1278,0.1115,0.4156,0.8113,27.1,253.9,16.0,Healthy
KP21,Swabi,KPK,Kharif_2023,kharif,sugarcane,34.12,72.47,0.2833,0.1973,-0.3241,0.3136,1.417,0.0698,0.0918,0.1008,0.4919,28.5,316.4,20.2,Healthy
KP22,Tank,KPK,Kharif_2023,kharif,wheat,32.2167,70.3833,0.1894,0.1461,-0.2522,0.2159,0.947,0.105,0.0406,0.1114,0.2728,29.1,321.4,21.3,Stressed
KP20,Shangla,KPK,Kharif_2023,kharif,rice,34.9167,72.8333,0.6471,0.5086,-0.5858,0.6612,3.236,-0.1152,0.0897,0.3198,0.7735,30.0,262.9,16.4,Healthy
PB01,Lahore,Punjab,Rabi_2024,rabi,wheat,31.5204,74.3587,0.258,0.1586,-0.297,0.2679,1.29,0.049,0.0595,0.1317,0.3598,16.3,113.9,20.6,Healthy
PB05,Rawalpindi,Punjab,Rabi_2024,rabi,wheat,33.5651,73.0169,0.1491,0.1028,-0.2124,0.1446,0.745,0.0875,0.0512,0.064,0.2394,18.5,115.7,21.9,Diseased
PB08,Sargodha,Punjab,Rabi_2024,rabi,wheat,32.0836,72.6711,0.1801,0.1132,-0.2526,0.179,0.9,0.0891,0.0458,0.0952,0.2584,19.0,106.4,21.3,Stressed
PB03,Multan,Punjab,Rabi_2024,rabi,wheat,30.1978,71.4711,0.1054,0.0733,-0.1969,0.1112,0.527,0.1199,0.0246,0.047,0.143,17.6,117.4,22.1,Diseased
PB02,Faisalabad,Punjab,Rabi_2024,rabi,cotton,31.4187,73.0791,0.1524,0.0954,-0.2151,0.1553,0.762,0.0801,0.0457,0.0439,0.2083,16.5,142.9,21.8,Stressed
PB04,Gujranwala,Punjab,Rabi_2024,rabi,rice,32.1877,74.1945,0.1799,0.1115,-0.2299,0.1831,0.9,0.0699,0.0498,0.0363,0.2532,20.7,128.9,21.6,Stressed
PB07,Bahawalpur,Punjab,Rabi_2024,rabi,cotton,29.3956,71.6836,0.1899,0.1345,-0.2526,0.1967,0.95,0.0871,0.0474,0.082,0.2703,20.9,130.4,21.3,Stressed
PB06,Sialkot,Punjab,Rabi_2024,rabi,rice,32.4945,74.5229,0.1449,0.0864,-0.2024,0.1523,0.725,0.0947,0.0424,-0.0489,0.2202,19.6,139.1,22.0,Diseased
PB10,Rahim Yar Khan,Punjab,Rabi_2024,rabi,cotton,28.4202,70.2952,0.1449,0.0984,-0.2233,0.1449,0.725,0.097,0.0259,0.0982,0.1901,18.6,109.1,21.7,Diseased
PB09,Sahiwal,Punjab,Rabi_2024,rabi,sugarcane,30.6706,73.1064,0.2152,0.1442,-0.271,0.2221,1.076,0.069,0.0502,0.1148,0.3002,19.3,97.2,21.0,Healthy
PB11,Jhang,Punjab,Rabi_2024,rabi,wheat,31.2681,72.3181,0.1506,0.097,-0.2257,0.159,0.753,0.0972,0.0325,0.0847,0.2039,17.7,103.6,21.7,Stressed
PB13,Okara,Punjab,Rabi_2024,rabi,wheat,30.8107,73.4597,0.118,0.0789,-0.1996,0.1218,0.59,0.1186,0.0389,0.0318,0.1941,20.4,110.7,22.1,Diseased
PB14,Pakpattan,Punjab,Rabi_2024,rabi,cotton,30.3436,73.3873,0.1237,0.0878,-0.1925,0.1263,0.619,0.1066,0.0371,0.0244,0.1874,17.0,86.7,22.2,Diseased
PB12,Sheikhupura,Punjab,Rabi_2024,rabi,rice,31.7167,73.985,0.1908,0.1187,-0.2509,0.1928,0.954,0.0786,0.0525,-0.0121,0.2847,19.3,134.4,21.3,Stressed
PB16,Bahawalnagar,Punjab,Rabi_2024,rabi,cotton,29.9958,73.2531,0.1404,0.0999,-0.2108,0.1448,0.702,0.105,0.0419,0.0428,0.2304,19.9,109.9,21.9,Diseased
PB15,Attock,Punjab,Rabi_2024,rabi,wheat,33.7667,72.3667,0.2597,0.161,-0.312,0.2638,1.298,0.0782,0.071,0.1093,0.4059,19.0,125.8,20.4,Healthy
PB17,Chakwal,Punjab,Rabi_2024,rabi,wheat,32.9328,72.8553,0.1777,0.118,-0.2425,0.1765,0.889,0.0984,0.0346,0.124,0.2384,20.0,112.1,21.4,Stressed
PB19,DG Khan,Punjab,Rabi_2024,rabi,wheat,30.0496,70.6358,0.1746,0.1157,-0.2467,0.1778,0.873,0.0917,0.0571,0.0172,0.2646,18.8,138.7,21.4,Stressed
PB18,Chiniot,Punjab,Rabi_2024,rabi,sugarcane,31.7192,72.9783,0.1343,0.0857,-0.2108,0.1401,0.672,0.0986,0.0341,0.0477,0.1924,21.8,95.2,21.9,Diseased
PB20,Gujrat,Punjab,Rabi_2024,rabi,rice,32.5736,74.0789,0.1236,0.0796,-0.1777,0.1296,0.618,0.088,0.0327,0.0457,0.1844,19.5,110.9,22.4,Diseased
PB24,Khushab,Punjab,Rabi_2024,rabi,wheat,32.2989,72.3522,0.1727,0.1174,-0.2412,0.1677,0.863,0.0823,0.0407,0.1077,0.2416,19.2,118.1,21.5,Stressed
PB22,Kasur,Punjab,Rabi_2024,rabi,rice,31.1181,74.4503,0.1475,0.0932,-0.2211,0.1472,0.738,0.1201,0.0336,0.0878,0.2167,21.4,119.7,21.7,Diseased
PB23,Khanewal,Punjab,Rabi_2024,rabi,wheat,30.3014,71.9322,0.2281,0.1535,-0.3013,0.2359,1.14,0.0735,0.0614,0.1169,0.346,19.6,121.2,20.6,Healthy
PB21,Hafizabad,Punjab,Rabi_2024,rabi,rice,32.0708,73.6886,0.1595,0.0963,-0.2243,0.1624,0.798,0.0893,0.0328,0.1113,0.214,18.4,100.8,21.7,Stressed
PB26,Lodhran,Punjab,Rabi_2024,rabi,wheat,29.5333,71.6333,0.1796,0.1353,-0.249,0.1782,0.898,0.0896,0.0459,0.0809,0.2415,21.3,126.5,21.3,Stressed
PB27,Mandi Bahauddin,Punjab,Rabi_2024,rabi,sugarcane,32.5864,73.4917,0.1999,0.1239,-0.2512,0.2002,0.999,0.0627,0.0382,0.1397,0.2642,17.8,131.5,21.3,Stressed
PB25,Layyah,Punjab,Rabi_2024,rabi,cotton,30.9617,70.9439,0.127,0.0874,-0.2016,0.1291,0.635,0.1101,0.0315,0.0609,0.1791,19.9,119.6,22.0,Diseased
PB28,Mianwali,Punjab,Rabi_2024,rabi,wheat,32.5853,71.5436,0.2365,0.1587,-0.2889,0.2415,1.183,0.0681,0.0864,-0.0173,0.3471,17.1,116.1,20.8,Healthy
PB29,Muzaffargarh,Punjab,Rabi_2024,rabi,cotton,30.0736,71.1925,0.1465,0.1029,-0.2252,0.1461,0.733,0.0969,0.0321,0.0728,0.209,17.0,121.5,21.7,Diseased
PB32,Vehari,Punjab,Rabi_2024,rabi,cotton,30.0442,72.3514,0.1703,0.1166,-0.2448,0.1757,0.852,0.0969,0.0633,0.0068,0.2509,19.4,118.8,21.4,Stressed
PB31,Toba Tek Singh,Punjab,Rabi_2024,rabi,sugarcane,30.9667,72.4833,0.2424,0.1615,-0.3047,0.2477,1.212,0.0561,0.1023,-0.0076,0.3923,22.2,109.0,20.5,Healthy
PB30,Narowal,Punjab,Rabi_2024,rabi,rice,32.1003,74.8753,0.1906,0.1138,-0.2429,0.1986,0.953,0.0837,0.0467,0.1042,0.2875,20.7,102.2,21.4,Stressed
PB33,Jhelum,Punjab,Rabi_2024,rabi,wheat,32.9425,73.7258,0.254,0.1565,-0.2932,0.2633,1.27,0.0495,0.049,0.1727,0.3265,20.2,81.9,20.7,Healthy
PB34,Bhakkar,Punjab,Rabi_2024,rabi,wheat,31.6267,71.0617,0.1379,0.0935,-0.2085,0.1394,0.69,0.1053,0.0366,0.0793,0.219,18.7,162.4,21.9,Diseased
SD02,Hyderabad,Sindh,Rabi_2024,rabi,wheat,25.396,68.3578,0.2637,0.1897,-0.3127,0.2586,1.319,0.0433,0.0514,0.1651,0.3518,16.4,126.9,20.4,Healthy
SD04,Larkana,Sindh,Rabi_2024,rabi,rice,27.557,68.2138,0.1223,0.0945,-0.195,0.1231,0.612,0.099,0.0296,0.0571,0.1696,18.6,117.6,22.1,Diseased
SD05,Nawabshah,Sindh,Rabi_2024,rabi,sugarcane,26.2442,68.4099,0.1227,0.0936,-0.1954,0.1267,0.613,0.1029,0.036,0.0288,0.1796,15.8,116.9,22.1,Diseased
SD03,Sukkur,Sindh,Rabi_2024,rabi,wheat,27.7052,68.857,0.1418,0.1024,-0.228,0.1452,0.709,0.1086,0.0253,0.0993,0.1893,17.3,156.6,21.6,Diseased
SD06,Mirpurkhas,Sindh,Rabi_2024,rabi,rice,25.5281,69.0092,0.2005,0.1363,-0.2701,0.2026,1.003,0.0797,0.0445,0.0753,0.2969,19.0,133.4,21.0,Stressed
SD07,Khairpur,Sindh,Rabi_2024,rabi,sugarcane,27.5297,68.7592,0.1498,0.1102,-0.2218,0.1534,0.749,0.0893,0.0406,0.0896,0.2217,18.3,102.2,21.7,Stressed
SD09,Badin,Sindh,Rabi_2024,rabi,rice,24.6556,68.8383,0.174,0.1192,-0.2467,0.1731,0.87,0.0974,0.0424,0.0499,0.2453,20.2,150.3,21.4,Stressed
SD08,Jacobabad,Sindh,Rabi_2024,rabi,wheat,28.2769,68.4514,0.1391,0.1072,-0.2175,0.1403,0.696,0.1034,0.0213,0.0973,0.1785,19.1,89.3,21.8,Diseased
SD01,Karachi,Sindh,Rabi_2024,rabi,cotton,24.8607,67.0011,0.0838,0.0604,-0.1579,0.0896,0.419,0.1165,0.0227,0.0326,0.1414,19.8,107.7,22.7,Diseased
SD11,Ghotki,Sindh,Rabi_2024,rabi,cotton,28.0033,69.3161,0.1616,0.1186,-0.2342,0.1664,0.808,0.0865,0.0322,0.086,0.2251,18.5,119.6,21.6,Stressed
SD13,Kashmore,Sindh,Rabi_2024,rabi,wheat,28.4475,69.5675,0.4502,0.2812,-0.4509,0.4495,2.251,-0.0629,0.1974,0.0828,0.653,20.0,143.4,18.4,Healthy
SD10,Dadu,Sindh,Rabi_2024,rabi,wheat,26.7317,67.7753,0.139,0.1052,-0.2179,0.1391,0.695,0.0972,0.0289,0.073,0.2011,18.5,90.4,21.8,Diseased
SD14,Matiari,Sindh,Rabi_2024,rabi,sugarcane,25.5975,68.4608,0.5097,0.3444,-0.4986,0.5143,2.549,-0.1088,0.1494,0.2252,0.6908,20.8,120.5,17.7,Healthy
SD12,Kamber,Sindh,Rabi_2024,rabi,wheat,27.5861,68.0017,0.1251,0.0959,-0.2049,0.1225,0.625,0.1066,0.0389,0.0246,0.2099,19.1,94.4,22.0,Diseased
SD15,Naushahro Feroze,Sindh,Rabi_2024,rabi,sugarcane,26.8414,68.1175,0.2226,0.1703,-0.2715,0.2268,1.113,0.0523,0.0799,0.0227,0.3277,16.5,124.2,21.0,Healthy
SD16,Sanghar,Sindh,Rabi_2024,rabi,cotton,26.0464,68.9486,0.1888,0.1267,-0.2683,0.1909,0.944,0.0931,0.0451,0.1041,0.2545,19.8,140.6,21.1,Stressed
SD17,Shikarpur,Sindh,Rabi_2024,rabi,wheat,27.9569,68.6381,0.1155,0.0851,-0.1993,0.1113,0.578,0.1157,0.0324,0.0009,0.1678,21.2,99.3,22.1,Diseased
SD18,Tando Allahyar,Sindh,Rabi_2024,rabi,rice,25.4661,68.7178,0.1876,0.1322,-0.2574,0.1924,0.938,0.0787,0.0395,0.1131,0.2551,19.8,107.0,21.2,Stressed
SD19,Thatta,Sindh,Rabi_2024,rabi,cotton,24.7461,67.9239,0.1673,0.1198,-0.2391,0.169,0.837,0.0999,0.0377,0.1063,0.249,19.6,105.2,21.5,Stressed
BL01,Quetta,Balochistan,Rabi_2024,rabi,wheat,30.1798,66.975,0.0671,0.0529,-0.1458,0.0678,0.335,0.1233,0.0164,0.0366,0.1083,18.1,111.9,22.8,Diseased
SD20,Umerkot,Sindh,Rabi_2024,rabi,wheat,25.3619,69.7358,0.1944,0.145,-0.2686,0.1978,0.972,0.0909,0.0373,0.1137,0.2718,20.8,99.8,21.1,Stressed
BL03,Khuzdar,Balochistan,Rabi_2024,rabi,mango,27.8,66.6167,0.163,0.1332,-0.2384,0.1613,0.815,0.0944,0.0396,0.0988,0.2395,20.7,148.8,21.5,Stressed
BL02,Turbat,Balochistan,Rabi_2024,rabi,wheat,26.0021,63.0621,0.1781,0.1446,-0.2319,0.1737,0.891,0.087,0.0283,0.1059,0.2286,17.7,112.4,21.6,Stressed
BL05,Zhob,Balochistan,Rabi_2024,rabi,wheat,31.3417,69.4486,0.1233,0.0827,-0.2107,0.1211,0.617,0.1285,0.0183,0.0944,0.1623,21.8,91.1,21.9,Diseased
BL04,Loralai,Balochistan,Rabi_2024,rabi,wheat,30.3724,68.5989,0.1004,0.0851,-0.19,0.0977,0.502,0.1355,0.0185,0.067,0.149,18.0,104.2,22.2,Diseased
BL06,Mastung,Balochistan,Rabi_2024,rabi,mango,29.797,66.846,0.1107,0.0896,-0.2097,0.1137,0.553,0.1369,0.0409,0.0679,0.2495,21.7,109.9,21.9,Diseased
BL09,Kalat,Balochistan,Rabi_2024,rabi,wheat,29.0228,66.5906,0.1422,0.1078,-0.2431,0.1491,0.711,0.1361,0.0384,0.1043,0.254,18.0,90.2,21.4,Diseased
BL07,Sibi,Balochistan,Rabi_2024,rabi,cotton,29.5432,67.8772,0.2096,0.1548,-0.2877,0.2087,1.048,0.0913,0.034,0.1463,0.2737,19.7,95.0,20.8,Healthy
BL08,Pishin,Balochistan,Rabi_2024,rabi,wheat,30.5817,66.9956,0.1018,0.0807,-0.2001,0.1015,0.509,0.1383,0.0407,0.0444,0.2039,20.0,140.5,22.1,Diseased
BL11,Chagai,Balochistan,Rabi_2024,rabi,wheat,29.1089,64.7983,0.0551,0.0439,-0.1618,0.0438,0.276,0.1712,0.0092,0.0372,0.0696,18.0,112.9,22.6,Diseased
BL10,Gwadar,Balochistan,Rabi_2024,rabi,mango,25.1264,62.3255,-0.1662,0.0097,0.2007,-0.2171,-0.831,-0.0348,0.1055,-0.3521,0.0678,16.7,99.0,27.9,Diseased
BL12,Dera Bugti,Balochistan,Rabi_2024,rabi,wheat,29.0367,69.1583,0.2278,0.1796,-0.3232,0.232,1.139,0.1133,0.032,0.1757,0.2888,17.5,95.1,20.3,Healthy
BL15,Kharan,Balochistan,Rabi_2024,rabi,wheat,28.5833,65.4167,0.0891,0.0756,-0.1742,0.0851,0.445,0.1389,0.0157,0.0595,0.1288,19.4,141.3,22.4,Diseased
BL13,Jaffarabad,Balochistan,Rabi_2024,rabi,cotton,28.8958,68.2706,0.1991,0.1504,-0.3127,0.1961,0.996,0.1256,0.0982,0.0182,0.4244,19.9,181.3,20.4,Stressed
BL14,Jhal Magsi,Balochistan,Rabi_2024,rabi,wheat,28.2833,67.7333,0.1253,0.0972,-0.2217,0.1254,0.626,0.1587,0.0443,0.0191,0.195,19.4,93.5,21.7,Diseased
BL16,Lasbela,Balochistan,Rabi_2024,rabi,mango,26.215,66.6933,0.1581,0.0968,-0.2554,0.1638,0.791,0.1895,0.0223,0.1205,0.2087,19.5,103.4,21.2,Stressed
BL18,Nasirabad,Balochistan,Rabi_2024,rabi,cotton,28.4167,68.3833,0.4516,0.3092,-0.4646,0.4599,2.258,-0.0326,0.1871,0.1425,0.7143,19.3,154.1,18.2,Healthy
BL17,Musakhel,Balochistan,Rabi_2024,rabi,wheat,30.6983,69.8361,0.1559,0.0917,-0.2707,0.1581,0.779,0.2089,0.0281,0.1086,0.2305,19.4,89.4,21.0,Stressed
BL20,Panjgur,Balochistan,Rabi_2024,rabi,wheat,26.9686,64.0994,0.0939,0.0779,-0.1735,0.094,0.469,0.1463,0.0144,0.058,0.1244,20.3,171.4,22.4,Diseased
KP01,Peshawar,KPK,Rabi_2024,rabi,wheat,34.015,71.5249,0.2116,0.1343,-0.2819,0.2133,1.058,0.0682,0.0648,0.1092,0.3407,20.4,157.4,20.9,Healthy
BL19,Nushki,Balochistan,Rabi_2024,rabi,wheat,29.5533,66.0211,0.0806,0.0676,-0.1617,0.0737,0.403,0.1329,0.018,0.0485,0.129,19.2,101.6,22.6,Diseased
BL22,Ziarat,Balochistan,Rabi_2024,rabi,mango,30.3819,67.7244,0.1751,0.1172,-0.2655,0.1787,0.876,0.1237,0.0458,0.0635,0.2435,18.7,110.7,21.1,Stressed
BL21,Washuk,Balochistan,Rabi_2024,rabi,wheat,27.5,64.0,0.0471,0.036,-0.1389,0.037,0.236,0.2319,0.0098,0.026,0.0625,21.8,101.6,22.9,Diseased
KP04,Charsadda,KPK,Rabi_2024,rabi,wheat,34.145,71.7305,0.2205,0.1322,-0.2633,0.219,1.103,0.0722,0.0754,0.0993,0.3581,22.0,111.2,21.1,Healthy
KP03,Swat,KPK,Rabi_2024,rabi,rice,35.2227,72.4258,0.2561,0.1488,-0.2016,0.2577,1.28,-0.2825,0.168,-0.0008,0.5931,19.0,152.6,22.0,Healthy
KP05,Nowshera,KPK,Rabi_2024,rabi,sugarcane,34.0153,71.9747,0.1417,0.0951,-0.1818,0.1349,0.708,0.0473,0.0658,-0.0068,0.2769,20.2,97.5,22.3,Diseased
KP02,Mardan,KPK,Rabi_2024,rabi,sugarcane,34.1986,72.0404,0.2077,0.1294,-0.2518,0.2113,1.039,0.0605,0.0836,0.0364,0.4012,19.4,82.6,21.3,Healthy
KP06,Abbottabad,KPK,Rabi_2024,rabi,wheat,34.1558,73.2194,0.3378,0.1854,-0.3962,0.3473,1.689,0.053,0.0989,0.2006,0.555,17.1,108.3,19.2,Healthy
KP08,Bannu,KPK,Rabi_2024,rabi,wheat,32.9892,70.6017,0.1856,0.1223,-0.2501,0.186,0.928,0.0935,0.0415,0.1241,0.2648,17.2,120.0,21.3,Stressed
KP09,Battagram,KPK,Rabi_2024,rabi,rice,34.6825,73.0253,0.2886,0.1677,-0.3531,0.2906,1.443,0.0997,0.0813,0.1892,0.4671,21.1,142.5,19.8,Healthy
KP07,Dera Ismail Khan,KPK,Rabi_2024,rabi,wheat,31.8319,70.9018,0.0916,0.0634,-0.1647,0.0965,0.458,0.1254,0.023,0.0462,0.1384,19.0,135.8,22.6,Diseased
KP11,Chitral,KPK,Rabi_2024,rabi,mango,35.8511,71.7864,0.1181,0.0724,-0.161,0.1137,0.591,0.0485,0.0753,0.0059,0.3006,20.5,110.5,22.6,Diseased
KP10,Buner,KPK,Rabi_2024,rabi,wheat,34.5133,72.5006,0.3863,0.2374,-0.4244,0.3892,1.931,-0.0255,0.1556,0.1911,0.7027,19.0,119.6,18.8,Healthy
KP13,Hangu,KPK,Rabi_2024,rabi,wheat,33.5308,71.0586,0.2485,0.1515,-0.318,0.2516,1.243,0.0926,0.0674,0.1129,0.3781,19.2,116.0,20.3,Healthy
KP12,Dir Lower,KPK,Rabi_2024,rabi,rice,34.7397,71.9006,0.2647,0.1571,-0.3617,0.2714,1.324,0.0988,0.1696,0.1649,0.7165,19.4,144.9,19.7,Healthy
KP14,Haripur,KPK,Rabi_2024,rabi,sugarcane,33.9942,72.9317,0.2308,0.1489,-0.2772,0.2357,1.154,0.0619,0.0585,0.1373,0.3452,19.8,121.8,20.9,Healthy
KP16,Kohat,KPK,Rabi_2024,rabi,wheat,33.5869,71.4414,0.2471,0.1587,-0.3125,0.252,1.236,0.0742,0.0645,0.0766,0.3314,21.2,72.0,20.4,Healthy
KP15,Karak,KPK,Rabi_2024,rabi,wheat,33.1169,71.0944,0.2015,0.1421,-0.2804,0.2001,1.007,0.0977,0.0405,0.1368,0.2695,17.9,72.5,20.9,Stressed
KP17,Lakki Marwat,KPK,Rabi_2024,rabi,wheat,32.6072,70.9122,0.1807,0.1264,-0.2414,0.1782,0.903,0.0843,0.0718,-0.0281,0.2597,19.9,159.2,21.4,Stressed
KP19,Mansehra,KPK,Rabi_2024,rabi,wheat,34.3297,73.2003,0.1689,0.1097,-0.2309,0.1708,0.845,0.0914,0.0568,0.0762,0.283,19.5,115.9,21.6,Stressed
KP18,Malakand,KPK,Rabi_2024,rabi,rice,34.5653,71.9306,0.4397,0.221,-0.4617,0.4457,2.199,-0.0307,0.1018,0.2068,0.6383,20.3,109.5,18.2,Healthy
KP22,Tank,KPK,Rabi_2024,rabi,wheat,32.2167,70.3833,0.2055,0.1378,-0.277,0.2052,1.027,0.1052,0.0513,0.1168,0.3053,23.0,142.2,20.9,Healthy
KP23,Tor Ghar,KPK,Rabi_2024,rabi,rice,34.7167,73.0833,0.4414,0.2497,-0.5076,0.4549,2.207,0.0553,0.1,0.3169,0.6705,18.1,116.0,17.6,Healthy
KP20,Shangla,KPK,Rabi_2024,rabi,rice,34.9167,72.8333,0.4674,0.2139,-0.5191,0.4806,2.337,0.0023,0.1577,0.2218,0.7984,19.5,103.4,17.4,Healthy
KP21,Swabi,KPK,Rabi_2024,rabi,sugarcane,34.12,72.47,0.2716,0.1729,-0.303,0.2752,1.358,0.0253,0.0936,0.0701,0.4315,16.9,124.6,20.6,Healthy
PB01,Lahore,Punjab,Kharif_2024,kharif,wheat,31.5204,74.3587,0.2513,0.1833,-0.2886,0.2772,1.256,0.0498,0.0869,0.0643,0.4269,26.5,322.6,20.8,Healthy
PB05,Rawalpindi,Punjab,Kharif_2024,kharif,wheat,33.5651,73.0169,0.1572,0.1185,-0.2192,0.1764,0.786,0.1089,0.0579,0.0426,0.2801,30.4,281.5,21.8,Stressed
PB04,Gujranwala,Punjab,Kharif_2024,kharif,rice,32.1877,74.1945,0.1664,0.1164,-0.22,0.1904,0.832,0.0886,0.0574,0.0111,0.291,28.3,278.9,21.8,Stressed
PB02,Faisalabad,Punjab,Kharif_2024,kharif,cotton,31.4187,73.0791,0.1605,0.109,-0.2198,0.1896,0.802,0.0894,0.0595,0.0541,0.2729,30.3,289.8,21.8,Stressed
PB08,Sargodha,Punjab,Kharif_2024,kharif,wheat,32.0836,72.6711,0.1711,0.1228,-0.2383,0.1985,0.856,0.0932,0.0626,0.0537,0.3029,30.4,253.7,21.5,Stressed
PB03,Multan,Punjab,Kharif_2024,kharif,wheat,30.1978,71.4711,0.0977,0.0742,-0.1848,0.1239,0.489,0.1323,0.0513,-0.093,0.1528,30.6,275.2,22.3,Diseased
PB07,Bahawalpur,Punjab,Kharif_2024,kharif,cotton,29.3956,71.6836,0.2177,0.1632,-0.2685,0.2497,1.089,0.0834,0.0572,0.0894,0.3239,28.8,277.6,21.1,Healthy
PB06,Sialkot,Punjab,Kharif_2024,kharif,rice,32.4945,74.5229,0.1347,0.0945,-0.1925,0.1631,0.673,0.105,0.0586,-0.1147,0.2647,29.2,279.3,22.2,Diseased
PB09,Sahiwal,Punjab,Kharif_2024,kharif,sugarcane,30.6706,73.1064,0.2365,0.1695,-0.292,0.2661,1.182,0.0683,0.0701,0.044,0.3705,28.0,287.9,20.7,Healthy
PB13,Okara,Punjab,Kharif_2024,kharif,wheat,30.8107,73.4597,0.1257,0.0929,-0.2075,0.1507,0.629,0.129,0.039,0.0296,0.2093,27.2,267.1,21.9,Diseased
PB10,Rahim Yar Khan,Punjab,Kharif_2024,kharif,cotton,28.4202,70.2952,0.1458,0.1045,-0.2243,0.1743,0.729,0.1108,0.0436,0.0519,0.2329,30.2,297.5,21.7,Stressed
PB11,Jhang,Punjab,Kharif_2024,kharif,wheat,31.2681,72.3181,0.1617,0.1147,-0.2299,0.1892,0.809,0.1008,0.0517,0.0363,0.2529,28.0,252.1,21.6,Stressed
PB12,Sheikhupura,Punjab,Kharif_2024,kharif,rice,31.7167,73.985,0.1717,0.1213,-0.2352,0.1964,0.859,0.0917,0.066,-0.0336,0.319,29.4,266.6,21.5,Stressed
PB16,Bahawalnagar,Punjab,Kharif_2024,kharif,cotton,29.9958,73.2531,0.1631,0.1252,-0.2245,0.1885,0.815,0.1021,0.0447,0.0747,0.2691,31.6,237.5,21.7,Stressed
PB15,Attock,Punjab,Kharif_2024,kharif,wheat,33.7667,72.3667,0.3116,0.2175,-0.3513,0.3361,1.558,0.0731,0.0816,0.1414,0.4894,27.0,303.5,19.8,Healthy
PB14,Pakpattan,Punjab,Kharif_2024,kharif,cotton,30.3436,73.3873,0.1294,0.1013,-0.1938,0.156,0.647,0.1133,0.0368,0.0442,0.2122,31.7,282.8,22.1,Diseased
PB17,Chakwal,Punjab,Kharif_2024,kharif,wheat,32.9328,72.8553,0.1794,0.1317,-0.2358,0.1978,0.897,0.103,0.0531,0.0833,0.2925,33.3,239.0,21.5,Stressed
PB18,Chiniot,Punjab,Kharif_2024,kharif,sugarcane,31.7192,72.9783,0.1353,0.0957,-0.2139,0.1655,0.677,0.1103,0.0513,0.0063,0.2413,30.6,278.8,21.8,Diseased
PB19,DG Khan,Punjab,Kharif_2024,kharif,wheat,30.0496,70.6358,0.1915,0.1344,-0.2576,0.218,0.957,0.1068,0.0477,0.0767,0.2859,31.5,293.5,21.2,Stressed
PB21,Hafizabad,Punjab,Kharif_2024,kharif,rice,32.0708,73.6886,0.1445,0.0989,-0.2048,0.1733,0.723,0.0931,0.0584,0.0514,0.2736,28.5,312.3,22.0,Stressed
PB20,Gujrat,Punjab,Kharif_2024,kharif,rice,32.5736,74.0789,0.1253,0.0901,-0.1822,0.1536,0.627,0.1003,0.0461,0.0086,0.2144,29.2,351.6,22.3,Diseased
PB22,Kasur,Punjab,Kharif_2024,kharif,rice,31.1181,74.4503,0.1328,0.0976,-0.2075,0.1547,0.664,0.1273,0.042,0.0476,0.2172,29.2,284.6,21.9,Diseased
PB24,Khushab,Punjab,Kharif_2024,kharif,wheat,32.2989,72.3522,0.1695,0.1248,-0.2343,0.1931,0.847,0.0937,0.0528,0.0753,0.279,29.3,320.8,21.6,Stressed
PB23,Khanewal,Punjab,Kharif_2024,kharif,wheat,30.3014,71.9322,0.2436,0.1787,-0.305,0.2727,1.218,0.0749,0.0864,0.0506,0.4392,30.6,266.0,20.5,Healthy
PB25,Layyah,Punjab,Kharif_2024,kharif,cotton,30.9617,70.9439,0.1196,0.0919,-0.1907,0.148,0.598,0.1202,0.0422,0.0365,0.2143,30.6,204.8,22.2,Diseased
PB26,Lodhran,Punjab,Kharif_2024,kharif,wheat,29.5333,71.6333,0.1765,0.1381,-0.2412,0.2005,0.882,0.1067,0.0543,0.0821,0.2883,26.5,178.2,21.5,Stressed
PB27,Mandi Bahauddin,Punjab,Kharif_2024,kharif,sugarcane,32.5864,73.4917,0.209,0.1411,-0.2544,0.233,1.045,0.0678,0.0591,0.0976,0.3225,30.1,289.1,21.3,Healthy
PB30,Narowal,Punjab,Kharif_2024,kharif,rice,32.1003,74.8753,0.1807,0.1316,-0.236,0.203,0.904,0.0876,0.0662,0.0484,0.3078,32.2,331.9,21.5,Stressed
PB28,Mianwali,Punjab,Kharif_2024,kharif,wheat,32.5853,71.5436,0.2465,0.1838,-0.3007,0.2718,1.232,0.0742,0.0763,0.1316,0.4448,27.3,296.6,20.6,Healthy
PB29,Muzaffargarh,Punjab,Kharif_2024,kharif,cotton,30.0736,71.1925,0.1491,0.1118,-0.222,0.1747,0.745,0.1067,0.0374,0.0722,0.2423,31.5,243.3,21.7,Stressed
PB31,Toba Tek Singh,Punjab,Kharif_2024,kharif,sugarcane,30.9667,72.4833,0.2421,0.172,-0.2991,0.2687,1.211,0.0654,0.0955,0.0709,0.4251,31.3,325.4,20.6,Healthy
PB33,Jhelum,Punjab,Kharif_2024,kharif,wheat,32.9425,73.7258,0.2605,0.1719,-0.3002,0.2908,1.302,0.0668,0.0775,0.1119,0.4086,32.9,255.7,20.6,Healthy
PB32,Vehari,Punjab,Kharif_2024,kharif,cotton,30.0442,72.3514,0.1972,0.1474,-0.2562,0.2264,0.986,0.0959,0.0573,0.0846,0.3094,29.4,260.6,21.2,Healthy
PB34,Bhakkar,Punjab,Kharif_2024,kharif,wheat,31.6267,71.0617,0.1458,0.1115,-0.207,0.1715,0.729,0.1036,0.0438,0.054,0.242,32.7,285.4,21.9,Stressed
SD02,Hyderabad,Sindh,Kharif_2024,kharif,wheat,25.396,68.3578,0.2508,0.1919,-0.2937,0.2685,1.254,0.0584,0.067,0.1152,0.3653,27.2,286.4,20.7,Healthy
SD01,Karachi,Sindh,Kharif_2024,kharif,cotton,24.8607,67.0011,0.0705,0.0543,-0.1415,0.0946,0.353,0.1246,0.0247,0.0075,0.1294,27.1,270.0,22.9,Diseased
SD03,Sukkur,Sindh,Kharif_2024,kharif,wheat,27.7052,68.857,0.1344,0.1051,-0.2129,0.1624,0.672,0.1115,0.0331,0.0684,0.1951,29.7,198.7,21.9,Diseased
SD04,Larkana,Sindh,Kharif_2024,kharif,rice,27.557,68.2138,0.1113,0.0915,-0.1827,0.1364,0.557,0.1117,0.0346,0.037,0.1765,30.4,347.8,22.3,Diseased
SD05,Nawabshah,Sindh,Kharif_2024,kharif,sugarcane,26.2442,68.4099,0.1179,0.096,-0.1911,0.144,0.59,0.112,0.0305,0.058,0.1803,35.4,260.4,22.2,Diseased
SD08,Jacobabad,Sindh,Kharif_2024,kharif,wheat,28.2769,68.4514,0.1182,0.0984,-0.2001,0.1388,0.591,0.1217,0.0393,0.0557,0.1979,31.7,318.2,22.1,Diseased
SD07,Khairpur,Sindh,Kharif_2024,kharif,sugarcane,27.5297,68.7592,0.1574,0.1194,-0.2214,0.1848,0.787,0.0941,0.0541,0.0485,0.2476,25.3,270.0,21.7,Stressed
SD06,Mirpurkhas,Sindh,Kharif_2024,kharif,rice,25.5281,69.0092,0.198,0.1399,-0.2609,0.2178,0.99,0.0875,0.0575,0.057,0.3186,33.1,239.8,21.2,Healthy
SD09,Badin,Sindh,Kharif_2024,kharif,rice,24.6556,68.8383,0.1716,0.1241,-0.2341,0.1861,0.858,0.1003,0.039,0.1071,0.2352,30.7,221.0,21.6,Stressed
SD11,Ghotki,Sindh,Kharif_2024,kharif,cotton,28.0033,69.3161,0.1594,0.1262,-0.2275,0.1861,0.797,0.0949,0.0436,0.0665,0.2415,26.7,264.0,21.7,Stressed
SD13,Kashmore,Sindh,Kharif_2024,kharif,wheat,28.4475,69.5675,0.1881,0.1257,-0.2728,0.2145,0.94,0.0519,0.225,0.015,0.6612,35.4,317.7,21.0,Stressed
SD10,Dadu,Sindh,Kharif_2024,kharif,wheat,26.7317,67.7753,0.1319,0.1013,-0.2147,0.1532,0.659,0.1156,0.0352,0.0471,0.1978,27.8,209.2,21.8,Diseased
SD14,Matiari,Sindh,Kharif_2024,kharif,sugarcane,25.5975,68.4608,0.526,0.3724,-0.5117,0.5428,2.63,-0.0898,0.1346,0.2502,0.7076,26.5,319.4,17.5,Healthy
SD15,Naushahro Feroze,Sindh,Kharif_2024,kharif,sugarcane,26.8414,68.1175,0.2113,0.1705,-0.2666,0.236,1.056,0.0779,0.0769,0.0865,0.3493,28.9,325.1,21.1,Healthy
SD16,Sanghar,Sindh,Kharif_2024,kharif,cotton,26.0464,68.9486,0.1725,0.1233,-0.2408,0.1916,0.862,0.1016,0.049,0.0878,0.2652,29.7,218.0,21.5,Stressed
SD17,Shikarpur,Sindh,Kharif_2024,kharif,wheat,27.9569,68.6381,0.1004,0.0823,-0.1798,0.1202,0.502,0.1271,0.0333,0.0294,0.1637,33.0,274.6,22.3,Diseased
SD12,Kamber,Sindh,Kharif_2024,kharif,wheat,27.5861,68.0017,0.1107,0.0875,-0.1936,0.1349,0.553,0.1267,0.0479,0.0041,0.2075,30.2,222.7,22.1,Diseased
SD19,Thatta,Sindh,Kharif_2024,kharif,cotton,24.7461,67.9239,0.1638,0.1172,-0.2232,0.1826,0.819,0.1008,0.0459,0.095,0.2591,31.9,261.5,21.7,Stressed
SD18,Tando Allahyar,Sindh,Kharif_2024,kharif,rice,25.4661,68.7178,0.1939,0.1455,-0.2562,0.2152,0.97,0.0778,0.0483,0.098,0.2727,30.5,323.4,21.2,Stressed
BL03,Khuzdar,Balochistan,Kharif_2024,kharif,mango,27.8,66.6167,0.1602,0.1376,-0.2403,0.1695,0.801,0.1003,0.0595,0.0897,0.3004,27.9,250.4,21.5,Stressed
BL02,Turbat,Balochistan,Kharif_2024,kharif,wheat,26.0021,63.0621,0.1406,0.1239,-0.1938,0.1585,0.703,0.1061,0.0324,0.0679,0.2258,32.4,229.7,22.1,Stressed
BL04,Loralai,Balochistan,Kharif_2024,kharif,wheat,30.3724,68.5989,0.1165,0.1076,-0.1953,0.1268,0.582,0.1244,0.0258,0.0637,0.1765,28.3,305.1,22.1,Diseased
SD20,Umerkot,Sindh,Kharif_2024,kharif,wheat,25.3619,69.7358,0.1965,0.1541,-0.2587,0.2202,0.983,0.088,0.057,0.0879,0.3116,29.0,268.8,21.2,Healthy
BL05,Zhob,Balochistan,Kharif_2024,kharif,wheat,31.3417,69.4486,0.1418,0.1088,-0.2129,0.1512,0.709,0.113,0.0223,0.1022,0.1945,30.5,290.5,21.9,Diseased
BL07,Sibi,Balochistan,Kharif_2024,kharif,cotton,29.5432,67.8772,0.2123,0.1749,-0.2848,0.2373,1.062,0.0926,0.0587,0.0577,0.3145,31.1,327.0,20.8,Healthy
BL06,Mastung,Balochistan,Kharif_2024,kharif,mango,29.797,66.846,0.1561,0.139,-0.2359,0.1709,0.781,0.1064,0.0353,0.0973,0.2697,29.7,241.3,21.5,Stressed
BL01,Quetta,Balochistan,Kharif_2024,kharif,wheat,30.1798,66.975,0.0799,0.0726,-0.1499,0.0923,0.399,0.1125,0.0209,0.0285,0.1362,29.1,288.2,22.8,Diseased
BL09,Kalat,Balochistan,Kharif_2024,kharif,wheat,29.0228,66.5906,0.2167,0.1809,-0.285,0.23,1.083,0.0832,0.0475,0.089,0.3098,31.8,303.9,20.8,Healthy
BL11,Chagai,Balochistan,Kharif_2024,kharif,wheat,29.1089,64.7983,0.0492,0.0409,-0.1574,0.0469,0.246,0.1691,0.0107,0.0145,0.0666,30.8,290.8,22.7,Diseased
BL08,Pishin,Balochistan,Kharif_2024,kharif,wheat,30.5817,66.9956,0.1261,0.1108,-0.212,0.139,0.631,0.1211,0.0402,0.0675,0.2371,29.6,263.7,21.9,Diseased
BL10,Gwadar,Balochistan,Kharif_2024,kharif,mango,25.1264,62.3255,-0.0332,0.0194,0.0798,-0.017,-0.166,0.0768,0.1063,-0.3406,0.2459,30.2,240.6,26.1,Diseased
BL12,Dera Bugti,Balochistan,Kharif_2024,kharif,wheat,29.0367,69.1583,0.2338,0.2067,-0.3102,0.2568,1.169,0.0991,0.0563,0.1429,0.325,31.4,288.8,20.4,Healthy
BL14,Jhal Magsi,Balochistan,Kharif_2024,kharif,wheat,28.2833,67.7333,0.1054,0.0826,-0.2026,0.1243,0.527,0.1592,0.078,-0.0689,0.2632,27.8,351.4,22.0,Diseased
BL13,Jaffarabad,Balochistan,Kharif_2024,kharif,cotton,28.8958,68.2706,0.1646,0.1392,-0.2811,0.182,0.823,0.1411,0.1013,0.0533,0.4269,30.7,297.2,20.9,Stressed
BL16,Lasbela,Balochistan,Kharif_2024,kharif,mango,26.215,66.6933,0.2164,0.1428,-0.2797,0.2285,1.082,0.1497,0.0782,0.0469,0.3177,30.1,246.4,20.9,Healthy
BL18,Nasirabad,Balochistan,Kharif_2024,kharif,cotton,28.4167,68.3833,0.1414,0.113,-0.2482,0.1652,0.707,0.1423,0.2009,0.0241,0.5959,26.1,215.6,21.3,Stressed
BL17,Musakhel,Balochistan,Kharif_2024,kharif,wheat,30.6983,69.8361,0.1875,0.1227,-0.2708,0.2026,0.938,0.1867,0.0376,0.1123,0.2819,29.0,294.0,21.0,Stressed
BL15,Kharan,Balochistan,Kharif_2024,kharif,wheat,28.5833,65.4167,0.0729,0.067,-0.1563,0.0782,0.365,0.1432,0.0157,0.0334,0.1078,28.5,283.4,22.7,Diseased
BL20,Panjgur,Balochistan,Kharif_2024,kharif,wheat,26.9686,64.0994,0.0858,0.0751,-0.1649,0.0955,0.429,0.1503,0.0165,0.0483,0.1268,30.7,303.3,22.6,Diseased
BL21,Washuk,Balochistan,Kharif_2024,kharif,wheat,27.5,64.0,0.0417,0.0336,-0.1338,0.0385,0.208,0.2191,0.009,0.0225,0.0582,31.7,328.2,23.0,Diseased
BL19,Nushki,Balochistan,Kharif_2024,kharif,wheat,29.5533,66.0211,0.0762,0.0694,-0.1575,0.0805,0.381,0.1358,0.02,0.0224,0.1299,28.2,274.1,22.7,Diseased
BL22,Ziarat,Balochistan,Kharif_2024,kharif,mango,30.3819,67.7244,0.2896,0.216,-0.3411,0.3038,1.448,0.0677,0.0495,0.1724,0.3986,29.2,273.3,20.0,Healthy
KP01,Peshawar,KPK,Kharif_2024,kharif,wheat,34.015,71.5249,0.2248,0.1581,-0.2924,0.252,1.124,0.0836,0.0537,0.1393,0.3468,28.7,262.6,20.7,Healthy
KP03,Swat,KPK,Kharif_2024,kharif,rice,35.2227,72.4258,0.5412,0.2852,-0.524,0.5611,2.706,-0.0707,0.1612,0.0698,0.7352,33.4,265.0,17.3,Healthy
KP04,Charsadda,KPK,Kharif_2024,kharif,wheat,34.145,71.7305,0.2561,0.1817,-0.2962,0.2788,1.281,0.0765,0.0637,0.1502,0.3883,30.1,280.0,20.6,Healthy
KP07,Dera Ismail Khan,KPK,Kharif_2024,kharif,wheat,31.8319,70.9018,0.0837,0.0647,-0.1572,0.1148,0.418,0.1382,0.0223,0.0285,0.1265,29.4,284.2,22.7,Diseased
KP09,Battagram,KPK,Kharif_2024,kharif,rice,34.6825,73.0253,0.3918,0.2654,-0.4167,0.4071,1.959,0.0397,0.0881,0.256,0.5544,27.6,271.8,18.9,Healthy
KP08,Bannu,KPK,Kharif_2024,kharif,wheat,32.9892,70.6017,0.1916,0.1417,-0.2522,0.2128,0.958,0.1065,0.0479,0.1124,0.2977,32.4,368.3,21.3,Stressed
KP02,Mardan,KPK,Kharif_2024,kharif,sugarcane,34.1986,72.0404,0.2813,0.2012,-0.3122,0.3085,1.406,0.0604,0.065,0.1361,0.4472,28.5,268.6,20.4,Healthy
KP10,Buner,KPK,Kharif_2024,kharif,wheat,34.5133,72.5006,0.4097,0.2577,-0.4484,0.4331,2.049,0.0251,0.1489,0.1548,0.7379,31.8,275.4,18.4,Healthy
KP06,Abbottabad,KPK,Kharif_2024,kharif,wheat,34.1558,73.2194,0.5026,0.3258,-0.4916,0.522,2.513,-0.0279,0.0768,0.3367,0.6307,30.5,272.6,17.8,Healthy
KP11,Chitral,KPK,Kharif_2024,kharif,mango,35.8511,71.7864,0.2934,0.2034,-0.3054,0.3013,1.467,-0.0218,0.0783,0.1427,0.4331,32.2,277.2,20.5,Healthy
KP13,Hangu,KPK,Kharif_2024,kharif,wheat,33.5308,71.0586,0.3036,0.2027,-0.3504,0.328,1.518,0.087,0.0606,0.1854,0.4352,27.7,267.4,19.9,Healthy
KP05,Nowshera,KPK,Kharif_2024,kharif,sugarcane,34.0153,71.9747,0.1363,0.1025,-0.1878,0.1569,0.682,0.0772,0.057,0.0334,0.2898,31.5,290.6,22.2,Diseased
KP12,Dir Lower,KPK,Kharif_2024,kharif,rice,34.7397,71.9006,0.4371,0.261,-0.471,0.4603,2.186,0.0346,0.1439,0.1753,0.7146,31.1,295.7,18.1,Healthy
KP15,Karak,KPK,Kharif_2024,kharif,wheat,33.1169,71.0944,0.1863,0.1434,-0.2583,0.2064,0.932,0.1059,0.0575,0.0812,0.3034,30.5,208.6,21.2,Stressed
KP16,Kohat,KPK,Kharif_2024,kharif,wheat,33.5869,71.4414,0.2757,0.2017,-0.3197,0.301,1.378,0.0708,0.048,0.1671,0.3704,30.4,264.9,20.3,Healthy
KP14,Haripur,KPK,Kharif_2024,kharif,sugarcane,33.9942,72.9317,0.2682,0.1901,-0.2992,0.2945,1.341,0.0631,0.0735,0.096,0.4072,29.6,292.6,20.6,Healthy
KP17,Lakki Marwat,KPK,Kharif_2024,kharif,wheat,32.6072,70.9122,0.1535,0.1175,-0.2225,0.1748,0.767,0.122,0.0449,0.0825,0.2526,31.8,246.8,21.7,Stressed
KP19,Mansehra,KPK,Kharif_2024,kharif,wheat,34.3297,73.2003,0.2185,0.1587,-0.2574,0.2402,1.093,0.0794,0.0572,0.1181,0.3264,28.9,231.6,21.2,Healthy
KP20,Shangla,KPK,Kharif_2024,kharif,rice,34.9167,72.8333,0.6341,0.4798,-0.587,0.6493,3.17,-0.1001,0.0847,0.4169,0.76,26.8,292.4,16.4,Healthy
KP21,Swabi,KPK,Kharif_2024,kharif,sugarcane,34.12,72.47,0.2764,0.1923,-0.3187,0.303,1.382,0.0788,0.0854,0.1391,0.4699,31.1,319.2,20.3,Healthy
KP22,Tank,KPK,Kharif_2024,kharif,wheat,32.2167,70.3833,0.1965,0.1494,-0.2604,0.2183,0.982,0.1056,0.049,0.1075,0.2983,29.1,229.8,21.2,Healthy
KP23,Tor Ghar,KPK,Kharif_2024,kharif,rice,34.7167,73.0833,0.631,0.4349,-0.6034,0.6453,3.155,-0.0846,0.1121,0.4496,0.8115,29.2,321.0,16.2,Healthy
KP18,Malakand,KPK,Kharif_2024,kharif,rice,34.5653,71.9306,0.5012,0.3089,-0.4907,0.5193,2.506,-0.037,0.1037,0.2738,0.7192,32.8,286.1,17.8,Healthy
